ISO-10303-21;
HEADER;
FILE_DESCRIPTION((''),'2;1');
FILE_NAME('BATTCOVER','2025-12-01T20:27:15',('stephan'),(''),
'CREO PARAMETRIC BY PTC INC, 2024153','CREO PARAMETRIC BY PTC INC, 2024153','');
FILE_SCHEMA(('AUTOMOTIVE_DESIGN { 1 0 10303 214 1 1 1 1 }'));
ENDSEC;
DATA;
#52=CARTESIAN_POINT('',(-2.525E1,0.E0,-6.5E0));
#53=DIRECTION('',(0.E0,-1.E0,0.E0));
#54=DIRECTION('',(0.E0,0.E0,-1.E0));
#55=AXIS2_PLACEMENT_3D('',#52,#53,#54);
#57=DIRECTION('',(0.E0,0.E0,1.E0));
#58=VECTOR('',#57,1.2E1);
#59=CARTESIAN_POINT('',(-2.545667511003E1,0.E0,-6.E0));
#60=LINE('',#59,#58);
#61=CARTESIAN_POINT('',(-2.525E1,0.E0,6.5E0));
#62=DIRECTION('',(0.E0,-1.E0,0.E0));
#63=DIRECTION('',(0.E0,0.E0,-1.E0));
#64=AXIS2_PLACEMENT_3D('',#61,#62,#63);
#66=DIRECTION('',(1.E0,0.E0,0.E0));
#67=VECTOR('',#66,5.5E0);
#68=CARTESIAN_POINT('',(-3.075E1,0.E0,7.E0));
#69=LINE('',#68,#67);
#70=DIRECTION('',(0.E0,0.E0,1.E0));
#71=VECTOR('',#70,1.16E1);
#72=CARTESIAN_POINT('',(-3.075E1,0.E0,7.E0));
#73=LINE('',#72,#71);
#74=CARTESIAN_POINT('',(-3.025E1,0.E0,1.86E1));
#75=DIRECTION('',(0.E0,-1.E0,0.E0));
#76=DIRECTION('',(0.E0,0.E0,1.E0));
#77=AXIS2_PLACEMENT_3D('',#74,#75,#76);
#79=DIRECTION('',(1.E0,0.E0,0.E0));
#80=VECTOR('',#79,6.05E1);
#81=CARTESIAN_POINT('',(-3.025E1,0.E0,1.91E1));
#82=LINE('',#81,#80);
#83=CARTESIAN_POINT('',(3.025E1,0.E0,1.86E1));
#84=DIRECTION('',(0.E0,-1.E0,0.E0));
#85=DIRECTION('',(1.E0,0.E0,0.E0));
#86=AXIS2_PLACEMENT_3D('',#83,#84,#85);
#88=DIRECTION('',(0.E0,0.E0,-1.E0));
#89=VECTOR('',#88,3.72E1);
#90=CARTESIAN_POINT('',(3.075E1,0.E0,1.86E1));
#91=LINE('',#90,#89);
#92=CARTESIAN_POINT('',(3.025E1,0.E0,-1.86E1));
#93=DIRECTION('',(0.E0,-1.E0,0.E0));
#94=DIRECTION('',(0.E0,0.E0,-1.E0));
#95=AXIS2_PLACEMENT_3D('',#92,#93,#94);
#97=DIRECTION('',(-1.E0,0.E0,0.E0));
#98=VECTOR('',#97,6.05E1);
#99=CARTESIAN_POINT('',(3.025E1,0.E0,-1.91E1));
#100=LINE('',#99,#98);
#101=CARTESIAN_POINT('',(-3.025E1,0.E0,-1.86E1));
#102=DIRECTION('',(0.E0,-1.E0,0.E0));
#103=DIRECTION('',(-1.E0,0.E0,0.E0));
#104=AXIS2_PLACEMENT_3D('',#101,#102,#103);
#106=DIRECTION('',(0.E0,0.E0,1.E0));
#107=VECTOR('',#106,1.16E1);
#108=CARTESIAN_POINT('',(-3.075E1,0.E0,-1.86E1));
#109=LINE('',#108,#107);
#110=DIRECTION('',(1.E0,0.E0,0.E0));
#111=VECTOR('',#110,5.5E0);
#112=CARTESIAN_POINT('',(-3.075E1,0.E0,-7.E0));
#113=LINE('',#112,#111);
#114=DIRECTION('',(0.E0,-1.E0,0.E0));
#115=VECTOR('',#114,1.E0);
#116=CARTESIAN_POINT('',(-2.525E1,1.E0,-7.E0));
#117=LINE('',#116,#115);
#118=DIRECTION('',(0.E0,1.E0,0.E0));
#119=VECTOR('',#118,1.5E0);
#120=CARTESIAN_POINT('',(-3.075E1,0.E0,-7.E0));
#121=LINE('',#120,#119);
#122=DIRECTION('',(0.E0,-1.E0,0.E0));
#123=VECTOR('',#122,1.5E0);
#124=CARTESIAN_POINT('',(-3.075E1,1.5E0,-1.86E1));
#125=LINE('',#124,#123);
#126=DIRECTION('',(0.E0,1.E0,0.E0));
#127=VECTOR('',#126,1.5E0);
#128=CARTESIAN_POINT('',(-3.075E1,0.E0,7.E0));
#129=LINE('',#128,#127);
#130=DIRECTION('',(0.E0,1.E0,0.E0));
#131=VECTOR('',#130,1.5E0);
#132=CARTESIAN_POINT('',(-3.075E1,0.E0,1.86E1));
#133=LINE('',#132,#131);
#134=DIRECTION('',(0.E0,-1.E0,0.E0));
#135=VECTOR('',#134,1.5E0);
#136=CARTESIAN_POINT('',(3.025E1,1.5E0,-1.91E1));
#137=LINE('',#136,#135);
#138=DIRECTION('',(0.E0,-1.E0,0.E0));
#139=VECTOR('',#138,1.5E0);
#140=CARTESIAN_POINT('',(-3.025E1,1.5E0,-1.91E1));
#141=LINE('',#140,#139);
#142=DIRECTION('',(0.E0,-1.E0,0.E0));
#143=VECTOR('',#142,1.5E0);
#144=CARTESIAN_POINT('',(3.075E1,1.5E0,1.86E1));
#145=LINE('',#144,#143);
#146=DIRECTION('',(0.E0,-1.E0,0.E0));
#147=VECTOR('',#146,1.5E0);
#148=CARTESIAN_POINT('',(3.075E1,1.5E0,-1.86E1));
#149=LINE('',#148,#147);
#150=DIRECTION('',(0.E0,-1.E0,0.E0));
#151=VECTOR('',#150,1.5E0);
#152=CARTESIAN_POINT('',(3.025E1,1.5E0,1.91E1));
#153=LINE('',#152,#151);
#154=DIRECTION('',(0.E0,1.E0,0.E0));
#155=VECTOR('',#154,1.5E0);
#156=CARTESIAN_POINT('',(-3.025E1,0.E0,1.91E1));
#157=LINE('',#156,#155);
#158=DIRECTION('',(1.E0,0.E0,0.E0));
#159=VECTOR('',#158,1.755E1);
#160=CARTESIAN_POINT('',(1.02E1,1.5E0,-1.81E1));
#161=LINE('',#160,#159);
#162=DIRECTION('',(0.E0,0.E0,-1.E0));
#163=VECTOR('',#162,3.E-1);
#164=CARTESIAN_POINT('',(1.E1,1.5E0,-1.79E1));
#165=LINE('',#164,#163);
#166=DIRECTION('',(1.E0,0.E0,0.E0));
#167=VECTOR('',#166,2.E1);
#168=CARTESIAN_POINT('',(-1.E1,1.5E0,-1.82E1));
#169=LINE('',#168,#167);
#170=DIRECTION('',(0.E0,0.E0,1.E0));
#171=VECTOR('',#170,3.E-1);
#172=CARTESIAN_POINT('',(-1.E1,1.5E0,-1.82E1));
#173=LINE('',#172,#171);
#174=DIRECTION('',(1.E0,0.E0,0.E0));
#175=VECTOR('',#174,1.955E1);
#176=CARTESIAN_POINT('',(-2.975E1,1.5E0,-1.81E1));
#177=LINE('',#176,#175);
#178=DIRECTION('',(0.E0,0.E0,-1.E0));
#179=VECTOR('',#178,1.11E1);
#180=CARTESIAN_POINT('',(-2.975E1,1.5E0,-7.E0));
#181=LINE('',#180,#179);
#182=DIRECTION('',(1.E0,0.E0,0.E0));
#183=VECTOR('',#182,1.E0);
#184=CARTESIAN_POINT('',(-3.075E1,1.5E0,-7.E0));
#185=LINE('',#184,#183);
#186=DIRECTION('',(0.E0,0.E0,1.E0));
#187=VECTOR('',#186,1.16E1);
#188=CARTESIAN_POINT('',(-3.075E1,1.5E0,-1.86E1));
#189=LINE('',#188,#187);
#190=CARTESIAN_POINT('',(-3.025E1,1.5E0,-1.86E1));
#191=DIRECTION('',(0.E0,1.E0,0.E0));
#192=DIRECTION('',(0.E0,0.E0,-1.E0));
#193=AXIS2_PLACEMENT_3D('',#190,#191,#192);
#195=DIRECTION('',(-1.E0,0.E0,0.E0));
#196=VECTOR('',#195,6.05E1);
#197=CARTESIAN_POINT('',(3.025E1,1.5E0,-1.91E1));
#198=LINE('',#197,#196);
#199=CARTESIAN_POINT('',(3.025E1,1.5E0,-1.86E1));
#200=DIRECTION('',(0.E0,1.E0,0.E0));
#201=DIRECTION('',(1.E0,0.E0,0.E0));
#202=AXIS2_PLACEMENT_3D('',#199,#200,#201);
#204=DIRECTION('',(0.E0,0.E0,-1.E0));
#205=VECTOR('',#204,3.72E1);
#206=CARTESIAN_POINT('',(3.075E1,1.5E0,1.86E1));
#207=LINE('',#206,#205);
#208=CARTESIAN_POINT('',(3.025E1,1.5E0,1.86E1));
#209=DIRECTION('',(0.E0,1.E0,0.E0));
#210=DIRECTION('',(0.E0,0.E0,1.E0));
#211=AXIS2_PLACEMENT_3D('',#208,#209,#210);
#213=DIRECTION('',(1.E0,0.E0,0.E0));
#214=VECTOR('',#213,6.05E1);
#215=CARTESIAN_POINT('',(-3.025E1,1.5E0,1.91E1));
#216=LINE('',#215,#214);
#217=CARTESIAN_POINT('',(-3.025E1,1.5E0,1.86E1));
#218=DIRECTION('',(0.E0,1.E0,0.E0));
#219=DIRECTION('',(-1.E0,0.E0,0.E0));
#220=AXIS2_PLACEMENT_3D('',#217,#218,#219);
#222=DIRECTION('',(0.E0,0.E0,1.E0));
#223=VECTOR('',#222,1.16E1);
#224=CARTESIAN_POINT('',(-3.075E1,1.5E0,7.E0));
#225=LINE('',#224,#223);
#226=DIRECTION('',(1.E0,0.E0,0.E0));
#227=VECTOR('',#226,1.E0);
#228=CARTESIAN_POINT('',(-3.075E1,1.5E0,7.E0));
#229=LINE('',#228,#227);
#230=DIRECTION('',(0.E0,0.E0,-1.E0));
#231=VECTOR('',#230,1.11E1);
#232=CARTESIAN_POINT('',(-2.975E1,1.5E0,1.81E1));
#233=LINE('',#232,#231);
#234=DIRECTION('',(-1.E0,0.E0,0.E0));
#235=VECTOR('',#234,5.73E1);
#236=CARTESIAN_POINT('',(2.755E1,1.5E0,1.81E1));
#237=LINE('',#236,#235);
#238=DIRECTION('',(0.E0,0.E0,1.E0));
#239=VECTOR('',#238,1.E-1);
#240=CARTESIAN_POINT('',(2.755E1,1.5E0,1.81E1));
#241=LINE('',#240,#239);
#242=DIRECTION('',(0.E0,0.E0,-1.E0));
#243=VECTOR('',#242,1.27E1);
#244=CARTESIAN_POINT('',(2.975E1,1.5E0,1.82E1));
#245=LINE('',#244,#243);
#246=DIRECTION('',(0.E0,0.E0,-1.E0));
#247=VECTOR('',#246,1.1E1);
#248=CARTESIAN_POINT('',(2.975E1,1.5E0,5.5E0));
#249=LINE('',#248,#247);
#250=DIRECTION('',(0.E0,0.E0,-1.E0));
#251=VECTOR('',#250,1.27E1);
#252=CARTESIAN_POINT('',(2.975E1,1.5E0,-5.5E0));
#253=LINE('',#252,#251);
#254=DIRECTION('',(1.E0,0.E0,0.E0));
#255=VECTOR('',#254,2.E0);
#256=CARTESIAN_POINT('',(2.775E1,1.5E0,-1.82E1));
#257=LINE('',#256,#255);
#258=DIRECTION('',(0.E0,0.E0,1.E0));
#259=VECTOR('',#258,1.E-1);
#260=CARTESIAN_POINT('',(2.775E1,1.5E0,-1.82E1));
#261=LINE('',#260,#259);
#262=DIRECTION('',(0.E0,1.E0,0.E0));
#263=VECTOR('',#262,5.E-1);
#264=CARTESIAN_POINT('',(1.02E1,1.E0,-1.81E1));
#265=LINE('',#264,#263);
#266=DIRECTION('',(0.E0,1.E0,0.E0));
#267=VECTOR('',#266,3.E-1);
#268=CARTESIAN_POINT('',(2.775E1,1.2E0,-1.81E1));
#269=LINE('',#268,#267);
#270=CARTESIAN_POINT('',(2.755E1,1.2E0,-1.81E1));
#271=DIRECTION('',(0.E0,0.E0,1.E0));
#272=DIRECTION('',(1.776356839400E-14,-1.E0,0.E0));
#273=AXIS2_PLACEMENT_3D('',#270,#271,#272);
#275=DIRECTION('',(0.E0,-1.E0,0.E0));
#276=VECTOR('',#275,5.E-1);
#277=CARTESIAN_POINT('',(-1.02E1,1.5E0,-1.81E1));
#278=LINE('',#277,#276);
#279=DIRECTION('',(0.E0,1.E0,0.E0));
#280=VECTOR('',#279,5.E-1);
#281=CARTESIAN_POINT('',(-2.975E1,1.E0,-1.81E1));
#282=LINE('',#281,#280);
#283=CARTESIAN_POINT('',(1.E1,1.2E0,-1.79E1));
#284=CARTESIAN_POINT('',(1.E1,1.177336441334E0,-1.792266355867E1));
#285=CARTESIAN_POINT('',(1.000763597477E1,1.134098055107E0,-1.796590194489E1));
#286=CARTESIAN_POINT('',(1.003704539559E1,1.078667225877E0,-1.802133277412E1));
#287=CARTESIAN_POINT('',(1.008152860503E1,1.034785144818E0,-1.806521485518E1));
#288=CARTESIAN_POINT('',(1.013872111212E1,1.006164653708E0,-1.809383534629E1));
#289=CARTESIAN_POINT('',(1.017966965611E1,1.E0,-1.81E1));
#290=CARTESIAN_POINT('',(1.02E1,1.E0,-1.81E1));
#292=CARTESIAN_POINT('',(1.02E1,1.5E0,-1.79E1));
#293=DIRECTION('',(0.E0,-1.E0,0.E0));
#294=DIRECTION('',(-1.E0,0.E0,0.E0));
#295=AXIS2_PLACEMENT_3D('',#292,#293,#294);
#297=CARTESIAN_POINT('',(1.E1,1.2E0,-1.72E1));
#298=CARTESIAN_POINT('',(1.E1,1.179669656112E0,-1.72E1));
#299=CARTESIAN_POINT('',(1.000616465371E1,1.138721112124E0,-1.719383534629E1));
#300=CARTESIAN_POINT('',(1.003478514482E1,1.081528605029E0,-1.716521485518E1));
#301=CARTESIAN_POINT('',(1.007866722588E1,1.037045395590E0,-1.712133277412E1));
#302=CARTESIAN_POINT('',(1.013409805511E1,1.007635974775E0,-1.706590194489E1));
#303=CARTESIAN_POINT('',(1.017733644133E1,1.E0,-1.702266355867E1));
#304=CARTESIAN_POINT('',(1.02E1,1.E0,-1.7E1));
#306=DIRECTION('',(1.E0,0.E0,0.E0));
#307=VECTOR('',#306,2.04E1);
#308=CARTESIAN_POINT('',(-1.02E1,1.E0,-1.7E1));
#309=LINE('',#308,#307);
#310=DIRECTION('',(0.E0,0.E0,-1.E0));
#311=VECTOR('',#310,1.1E0);
#312=CARTESIAN_POINT('',(1.02E1,1.E0,-1.7E1));
#313=LINE('',#312,#311);
#314=DIRECTION('',(1.E0,0.E0,0.E0));
#315=VECTOR('',#314,1.735E1);
#316=CARTESIAN_POINT('',(1.02E1,1.E0,-1.81E1));
#317=LINE('',#316,#315);
#318=DIRECTION('',(0.E0,0.E0,1.E0));
#319=VECTOR('',#318,1.26E1);
#320=CARTESIAN_POINT('',(2.755E1,1.E0,-1.81E1));
#321=LINE('',#320,#319);
#322=DIRECTION('',(-1.E0,0.E0,0.E0));
#323=VECTOR('',#322,2.2E0);
#324=CARTESIAN_POINT('',(2.975E1,1.E0,5.5E0));
#325=LINE('',#324,#323);
#326=DIRECTION('',(0.E0,0.E0,1.E0));
#327=VECTOR('',#326,1.26E1);
#328=CARTESIAN_POINT('',(2.755E1,1.E0,5.5E0));
#329=LINE('',#328,#327);
#330=DIRECTION('',(-1.E0,0.E0,0.E0));
#331=VECTOR('',#330,5.73E1);
#332=CARTESIAN_POINT('',(2.755E1,1.E0,1.81E1));
#333=LINE('',#332,#331);
#334=DIRECTION('',(0.E0,0.E0,-1.E0));
#335=VECTOR('',#334,1.11E1);
#336=CARTESIAN_POINT('',(-2.975E1,1.E0,1.81E1));
#337=LINE('',#336,#335);
#338=DIRECTION('',(1.E0,0.E0,0.E0));
#339=VECTOR('',#338,4.5E0);
#340=CARTESIAN_POINT('',(-2.975E1,1.E0,7.E0));
#341=LINE('',#340,#339);
#342=CARTESIAN_POINT('',(-2.525E1,1.E0,6.5E0));
#343=DIRECTION('',(0.E0,1.E0,0.E0));
#344=DIRECTION('',(0.E0,0.E0,1.E0));
#345=AXIS2_PLACEMENT_3D('',#342,#343,#344);
#347=DIRECTION('',(1.E0,0.E0,0.E0));
#348=VECTOR('',#347,9.443153719345E-1);
#349=CARTESIAN_POINT('',(-2.525E1,1.E0,6.E0));
#350=LINE('',#349,#348);
#351=DIRECTION('',(0.E0,0.E0,-1.E0));
#352=VECTOR('',#351,1.2E1);
#353=CARTESIAN_POINT('',(-2.430568462807E1,1.E0,6.E0));
#354=LINE('',#353,#352);
#355=DIRECTION('',(-1.E0,0.E0,0.E0));
#356=VECTOR('',#355,9.443153719345E-1);
#357=CARTESIAN_POINT('',(-2.430568462807E1,1.E0,-6.E0));
#358=LINE('',#357,#356);
#359=CARTESIAN_POINT('',(-2.525E1,1.E0,-6.5E0));
#360=DIRECTION('',(0.E0,1.E0,0.E0));
#361=DIRECTION('',(0.E0,0.E0,1.E0));
#362=AXIS2_PLACEMENT_3D('',#359,#360,#361);
#364=DIRECTION('',(1.E0,0.E0,0.E0));
#365=VECTOR('',#364,4.5E0);
#366=CARTESIAN_POINT('',(-2.975E1,1.E0,-7.E0));
#367=LINE('',#366,#365);
#368=DIRECTION('',(0.E0,0.E0,-1.E0));
#369=VECTOR('',#368,1.11E1);
#370=CARTESIAN_POINT('',(-2.975E1,1.E0,-7.E0));
#371=LINE('',#370,#369);
#372=DIRECTION('',(1.E0,0.E0,0.E0));
#373=VECTOR('',#372,1.955E1);
#374=CARTESIAN_POINT('',(-2.975E1,1.E0,-1.81E1));
#375=LINE('',#374,#373);
#376=DIRECTION('',(0.E0,0.E0,1.E0));
#377=VECTOR('',#376,1.1E0);
#378=CARTESIAN_POINT('',(-1.02E1,1.E0,-1.81E1));
#379=LINE('',#378,#377);
#380=CARTESIAN_POINT('',(-1.E1,1.2E0,-1.72E1));
#381=CARTESIAN_POINT('',(-1.E1,1.179669656112E0,-1.72E1));
#382=CARTESIAN_POINT('',(-1.000616465371E1,1.138721112124E0,-1.719383534629E1));
#383=CARTESIAN_POINT('',(-1.003478514482E1,1.081528605029E0,-1.716521485518E1));
#384=CARTESIAN_POINT('',(-1.007866722588E1,1.037045395590E0,-1.712133277412E1));
#385=CARTESIAN_POINT('',(-1.013409805511E1,1.007635974775E0,-1.706590194489E1));
#386=CARTESIAN_POINT('',(-1.017733644133E1,1.E0,-1.702266355867E1));
#387=CARTESIAN_POINT('',(-1.02E1,1.E0,-1.7E1));
#389=CARTESIAN_POINT('',(-1.02E1,1.E0,-1.81E1));
#390=CARTESIAN_POINT('',(-1.017966965611E1,1.E0,-1.81E1));
#391=CARTESIAN_POINT('',(-1.013872111212E1,1.006164653708E0,-1.809383534629E1));
#392=CARTESIAN_POINT('',(-1.008152860503E1,1.034785144818E0,-1.806521485518E1));
#393=CARTESIAN_POINT('',(-1.003704539559E1,1.078667225877E0,-1.802133277412E1));
#394=CARTESIAN_POINT('',(-1.000763597477E1,1.134098055107E0,-1.796590194489E1));
#395=CARTESIAN_POINT('',(-1.E1,1.177336441334E0,-1.792266355867E1));
#396=CARTESIAN_POINT('',(-1.E1,1.2E0,-1.79E1));
#398=CARTESIAN_POINT('',(-1.02E1,1.5E0,-1.79E1));
#399=DIRECTION('',(0.E0,-1.E0,0.E0));
#400=DIRECTION('',(0.E0,0.E0,-1.E0));
#401=AXIS2_PLACEMENT_3D('',#398,#399,#400);
#403=DIRECTION('',(0.E0,1.E0,0.E0));
#404=VECTOR('',#403,1.E0);
#405=CARTESIAN_POINT('',(-1.E1,7.E0,-1.442558653010E1));
#406=LINE('',#405,#404);
#407=DIRECTION('',(0.E0,0.E0,-1.E0));
#408=VECTOR('',#407,2.574413469901E0);
#409=CARTESIAN_POINT('',(-1.E1,7.E0,-1.442558653010E1));
#410=LINE('',#409,#408);
#411=DIRECTION('',(0.E0,-1.E0,0.E0));
#412=VECTOR('',#411,5.6E0);
#413=CARTESIAN_POINT('',(-1.E1,6.8E0,-1.72E1));
#414=LINE('',#413,#412);
#415=DIRECTION('',(0.E0,0.E0,1.E0));
#416=VECTOR('',#415,7.E-1);
#417=CARTESIAN_POINT('',(-1.E1,1.2E0,-1.79E1));
#418=LINE('',#417,#416);
#419=DIRECTION('',(0.E0,-1.E0,1.184237892933E-14));
#420=VECTOR('',#419,3.E-1);
#421=CARTESIAN_POINT('',(-1.E1,1.5E0,-1.79E1));
#422=LINE('',#421,#420);
#423=DIRECTION('',(0.E0,1.E0,0.E0));
#424=VECTOR('',#423,5.5E0);
#425=CARTESIAN_POINT('',(-1.E1,1.5E0,-1.82E1));
#426=LINE('',#425,#424);
#427=CARTESIAN_POINT('',(-1.E1,7.E0,-1.72E1));
#428=DIRECTION('',(-1.E0,0.E0,0.E0));
#429=DIRECTION('',(0.E0,1.E0,0.E0));
#430=AXIS2_PLACEMENT_3D('',#427,#428,#429);
#432=DIRECTION('',(0.E0,0.E0,1.E0));
#433=VECTOR('',#432,2.774413469901E0);
#434=CARTESIAN_POINT('',(-1.E1,8.E0,-1.72E1));
#435=LINE('',#434,#433);
#436=CARTESIAN_POINT('',(2.675E1,8.E0,-1.52E1));
#437=DIRECTION('',(0.E0,1.E0,0.E0));
#438=DIRECTION('',(0.E0,0.E0,-1.E0));
#439=AXIS2_PLACEMENT_3D('',#436,#437,#438);
#441=DIRECTION('',(0.E0,0.E0,-1.E0));
#442=VECTOR('',#441,3.64E1);
#443=CARTESIAN_POINT('',(2.875E1,8.E0,1.82E1));
#444=LINE('',#443,#442);
#445=CARTESIAN_POINT('',(2.566985346680E1,8.E0,1.32E1));
#446=DIRECTION('',(0.E0,1.E0,0.E0));
#447=DIRECTION('',(-6.692687560243E-1,0.E0,7.430204117046E-1));
#448=AXIS2_PLACEMENT_3D('',#445,#446,#447);
#450=DIRECTION('',(7.430204117046E-1,0.E0,6.692687560243E-1));
#451=VECTOR('',#450,4.127726908127E1);
#452=CARTESIAN_POINT('',(-8.346343780121E0,8.E0,-1.071048447158E1));
#453=LINE('',#452,#451);
#454=CARTESIAN_POINT('',(-5.E0,8.E0,-1.442558653010E1));
#455=DIRECTION('',(0.E0,1.E0,0.E0));
#456=DIRECTION('',(-1.E0,0.E0,0.E0));
#457=AXIS2_PLACEMENT_3D('',#454,#455,#456);
#459=DIRECTION('',(-1.E0,0.E0,0.E0));
#460=VECTOR('',#459,2.E1);
#461=CARTESIAN_POINT('',(1.E1,8.E0,-1.72E1));
#462=LINE('',#461,#460);
#463=DIRECTION('',(-7.430204117046E-1,0.E0,-6.692687560243E-1));
#464=VECTOR('',#463,1.403336282536E1);
#465=CARTESIAN_POINT('',(2.208073124398E1,8.E0,-1.318393190612E0));
#466=LINE('',#465,#464);
#467=DIRECTION('',(0.E0,1.E0,0.E0));
#468=VECTOR('',#467,1.E0);
#469=CARTESIAN_POINT('',(2.375E1,7.E0,-1.52E1));
#470=LINE('',#469,#468);
#471=DIRECTION('',(0.E0,0.E0,1.E0));
#472=VECTOR('',#471,1.313858639768E1);
#473=CARTESIAN_POINT('',(2.375E1,8.E0,-1.52E1));
#474=LINE('',#473,#472);
#475=DIRECTION('',(0.E0,-1.E0,0.E0));
#476=VECTOR('',#475,1.E0);
#477=CARTESIAN_POINT('',(2.375E1,8.E0,-2.061413602316E0));
#478=LINE('',#477,#476);
#479=CARTESIAN_POINT('',(2.275E1,8.E0,-2.061413602316E0));
#480=DIRECTION('',(0.E0,-1.E0,0.E0));
#481=DIRECTION('',(1.E0,0.E0,0.E0));
#482=AXIS2_PLACEMENT_3D('',#479,#480,#481);
#484=CARTESIAN_POINT('',(2.275E1,7.E0,-2.061413602316E0));
#485=DIRECTION('',(0.E0,1.E0,0.E0));
#486=DIRECTION('',(-6.692687560243E-1,0.E0,7.430204117046E-1));
#487=AXIS2_PLACEMENT_3D('',#484,#485,#486);
#489=DIRECTION('',(0.E0,-1.E0,0.E0));
#490=VECTOR('',#489,1.E0);
#491=CARTESIAN_POINT('',(2.208073124398E1,8.E0,-1.318393190612E0));
#492=LINE('',#491,#490);
#493=DIRECTION('',(0.E0,1.E0,0.E0));
#494=VECTOR('',#493,1.E0);
#495=CARTESIAN_POINT('',(1.165365621988E1,7.E0,-1.071048447158E1));
#496=LINE('',#495,#494);
#497=CARTESIAN_POINT('',(1.5E1,7.E0,-1.442558653010E1));
#498=DIRECTION('',(0.E0,1.E0,0.E0));
#499=DIRECTION('',(-1.E0,0.E0,0.E0));
#500=AXIS2_PLACEMENT_3D('',#497,#498,#499);
#502=CARTESIAN_POINT('',(1.5E1,8.E0,-1.442558653010E1));
#503=DIRECTION('',(0.E0,-1.E0,0.E0));
#504=DIRECTION('',(-6.692687560243E-1,0.E0,7.430204117046E-1));
#505=AXIS2_PLACEMENT_3D('',#502,#503,#504);
#507=DIRECTION('',(0.E0,1.E0,0.E0));
#508=VECTOR('',#507,1.E0);
#509=CARTESIAN_POINT('',(1.E1,7.E0,-1.442558653010E1));
#510=LINE('',#509,#508);
#511=DIRECTION('',(0.E0,0.E0,1.E0));
#512=VECTOR('',#511,2.774413469901E0);
#513=CARTESIAN_POINT('',(1.E1,8.E0,-1.72E1));
#514=LINE('',#513,#512);
#515=CARTESIAN_POINT('',(1.E1,7.E0,-1.72E1));
#516=DIRECTION('',(1.E0,0.E0,0.E0));
#517=DIRECTION('',(0.E0,0.E0,-1.E0));
#518=AXIS2_PLACEMENT_3D('',#515,#516,#517);
#520=DIRECTION('',(0.E0,1.E0,0.E0));
#521=VECTOR('',#520,5.5E0);
#522=CARTESIAN_POINT('',(1.E1,1.5E0,-1.82E1));
#523=LINE('',#522,#521);
#524=DIRECTION('',(0.E0,1.E0,0.E0));
#525=VECTOR('',#524,3.E-1);
#526=CARTESIAN_POINT('',(1.E1,1.2E0,-1.79E1));
#527=LINE('',#526,#525);
#528=DIRECTION('',(0.E0,0.E0,-1.E0));
#529=VECTOR('',#528,7.E-1);
#530=CARTESIAN_POINT('',(1.E1,1.2E0,-1.72E1));
#531=LINE('',#530,#529);
#532=DIRECTION('',(0.E0,-1.E0,0.E0));
#533=VECTOR('',#532,5.6E0);
#534=CARTESIAN_POINT('',(1.E1,6.8E0,-1.72E1));
#535=LINE('',#534,#533);
#536=DIRECTION('',(0.E0,0.E0,-1.E0));
#537=VECTOR('',#536,2.574413469901E0);
#538=CARTESIAN_POINT('',(1.E1,7.E0,-1.442558653010E1));
#539=LINE('',#538,#537);
#540=DIRECTION('',(-1.E0,0.E0,0.E0));
#541=VECTOR('',#540,2.E1);
#542=CARTESIAN_POINT('',(1.E1,7.E0,-1.82E1));
#543=LINE('',#542,#541);
#544=DIRECTION('',(1.E0,0.E0,0.E0));
#545=VECTOR('',#544,2.E1);
#546=CARTESIAN_POINT('',(-1.E1,1.2E0,-1.72E1));
#547=LINE('',#546,#545);
#548=DIRECTION('',(1.E0,0.E0,0.E0));
#549=VECTOR('',#548,2.E1);
#550=CARTESIAN_POINT('',(-1.E1,6.8E0,-1.72E1));
#551=LINE('',#550,#549);
#552=CARTESIAN_POINT('',(-1.E1,6.8E0,-1.7E1));
#553=DIRECTION('',(1.E0,0.E0,0.E0));
#554=DIRECTION('',(0.E0,0.E0,-1.E0));
#555=AXIS2_PLACEMENT_3D('',#552,#553,#554);
#557=CARTESIAN_POINT('',(1.E1,6.8E0,-1.7E1));
#558=DIRECTION('',(-1.E0,0.E0,0.E0));
#559=DIRECTION('',(0.E0,1.E0,1.776356839400E-14));
#560=AXIS2_PLACEMENT_3D('',#557,#558,#559);
#562=CARTESIAN_POINT('',(2.675E1,7.E0,-1.52E1));
#563=DIRECTION('',(0.E0,-1.E0,0.E0));
#564=DIRECTION('',(-1.E0,0.E0,0.E0));
#565=AXIS2_PLACEMENT_3D('',#562,#563,#564);
#567=DIRECTION('',(0.E0,0.E0,1.E0));
#568=VECTOR('',#567,1.313858639768E1);
#569=CARTESIAN_POINT('',(2.375E1,7.E0,-1.52E1));
#570=LINE('',#569,#568);
#571=DIRECTION('',(-7.430204117046E-1,0.E0,-6.692687560243E-1));
#572=VECTOR('',#571,1.403336282536E1);
#573=CARTESIAN_POINT('',(2.208073124398E1,7.E0,-1.318393190612E0));
#574=LINE('',#573,#572);
#575=DIRECTION('',(1.E0,0.E0,0.E0));
#576=VECTOR('',#575,2.E1);
#577=CARTESIAN_POINT('',(-1.E1,7.E0,-1.7E1));
#578=LINE('',#577,#576);
#579=CARTESIAN_POINT('',(-5.E0,7.E0,-1.442558653010E1));
#580=DIRECTION('',(0.E0,-1.E0,0.E0));
#581=DIRECTION('',(-6.692687560243E-1,0.E0,7.430204117046E-1));
#582=AXIS2_PLACEMENT_3D('',#579,#580,#581);
#584=DIRECTION('',(7.430204117046E-1,0.E0,6.692687560243E-1));
#585=VECTOR('',#584,4.127726908127E1);
#586=CARTESIAN_POINT('',(-8.346343780121E0,7.E0,-1.071048447158E1));
#587=LINE('',#586,#585);
#588=CARTESIAN_POINT('',(2.566985346680E1,7.E0,1.32E1));
#589=DIRECTION('',(0.E0,-1.E0,0.E0));
#590=DIRECTION('',(0.E0,0.E0,1.E0));
#591=AXIS2_PLACEMENT_3D('',#588,#589,#590);
#593=DIRECTION('',(0.E0,0.E0,1.E0));
#594=VECTOR('',#593,3.64E1);
#595=CARTESIAN_POINT('',(2.755E1,7.E0,-1.82E1));
#596=LINE('',#595,#594);
#597=DIRECTION('',(0.E0,-1.E0,0.E0));
#598=VECTOR('',#597,1.E0);
#599=CARTESIAN_POINT('',(2.232350968668E1,8.E0,1.691510205852E1));
#600=LINE('',#599,#598);
#601=DIRECTION('',(0.E0,1.E0,0.E0));
#602=VECTOR('',#601,1.E0);
#603=CARTESIAN_POINT('',(-8.346343780121E0,7.E0,-1.071048447158E1));
#604=LINE('',#603,#602);
#605=DIRECTION('',(0.E0,-1.E0,0.E0));
#606=VECTOR('',#605,1.E0);
#607=CARTESIAN_POINT('',(2.566985346680E1,8.E0,1.82E1));
#608=LINE('',#607,#606);
#609=DIRECTION('',(-1.E0,0.E0,0.E0));
#610=VECTOR('',#609,3.080146533196E0);
#611=CARTESIAN_POINT('',(2.875E1,8.E0,1.82E1));
#612=LINE('',#611,#610);
#613=CARTESIAN_POINT('',(2.875E1,7.E0,1.82E1));
#614=DIRECTION('',(0.E0,0.E0,1.E0));
#615=DIRECTION('',(1.E0,0.E0,0.E0));
#616=AXIS2_PLACEMENT_3D('',#613,#614,#615);
#618=DIRECTION('',(0.E0,1.E0,0.E0));
#619=VECTOR('',#618,5.5E0);
#620=CARTESIAN_POINT('',(2.975E1,1.5E0,1.82E1));
#621=LINE('',#620,#619);
#622=DIRECTION('',(-1.E0,0.E0,0.E0));
#623=VECTOR('',#622,2.2E0);
#624=CARTESIAN_POINT('',(2.975E1,1.5E0,1.82E1));
#625=LINE('',#624,#623);
#626=DIRECTION('',(0.E0,-1.E0,0.E0));
#627=VECTOR('',#626,5.1E0);
#628=CARTESIAN_POINT('',(2.775E1,6.8E0,1.82E1));
#629=LINE('',#628,#627);
#630=DIRECTION('',(1.E0,0.E0,0.E0));
#631=VECTOR('',#630,1.880146533196E0);
#632=CARTESIAN_POINT('',(2.566985346680E1,7.E0,1.82E1));
#633=LINE('',#632,#631);
#634=DIRECTION('',(0.E0,1.E0,0.E0));
#635=VECTOR('',#634,1.E0);
#636=CARTESIAN_POINT('',(2.675E1,7.E0,-1.82E1));
#637=LINE('',#636,#635);
#638=DIRECTION('',(1.E0,0.E0,0.E0));
#639=VECTOR('',#638,8.E-1);
#640=CARTESIAN_POINT('',(2.675E1,7.E0,-1.82E1));
#641=LINE('',#640,#639);
#642=DIRECTION('',(0.E0,-1.E0,0.E0));
#643=VECTOR('',#642,5.3E0);
#644=CARTESIAN_POINT('',(2.775E1,6.8E0,-1.82E1));
#645=LINE('',#644,#643);
#646=DIRECTION('',(0.E0,1.E0,0.E0));
#647=VECTOR('',#646,5.5E0);
#648=CARTESIAN_POINT('',(2.975E1,1.5E0,-1.82E1));
#649=LINE('',#648,#647);
#650=CARTESIAN_POINT('',(2.875E1,7.E0,-1.82E1));
#651=DIRECTION('',(0.E0,0.E0,-1.E0));
#652=DIRECTION('',(0.E0,1.E0,0.E0));
#653=AXIS2_PLACEMENT_3D('',#650,#651,#652);
#655=DIRECTION('',(-1.E0,0.E0,0.E0));
#656=VECTOR('',#655,2.E0);
#657=CARTESIAN_POINT('',(2.875E1,8.E0,-1.82E1));
#658=LINE('',#657,#656);
#659=CARTESIAN_POINT('',(2.755E1,6.8E0,-1.82E1));
#660=DIRECTION('',(0.E0,0.E0,1.E0));
#661=DIRECTION('',(1.E0,0.E0,0.E0));
#662=AXIS2_PLACEMENT_3D('',#659,#660,#661);
#664=CARTESIAN_POINT('',(2.755E1,6.8E0,1.82E1));
#665=DIRECTION('',(0.E0,0.E0,-1.E0));
#666=DIRECTION('',(0.E0,1.E0,0.E0));
#667=AXIS2_PLACEMENT_3D('',#664,#665,#666);
#669=DIRECTION('',(0.E0,0.E0,1.E0));
#670=VECTOR('',#669,1.E-1);
#671=CARTESIAN_POINT('',(2.775E1,1.7E0,1.81E1));
#672=LINE('',#671,#670);
#673=DIRECTION('',(0.E0,0.E0,1.E0));
#674=VECTOR('',#673,1.26E1);
#675=CARTESIAN_POINT('',(2.775E1,1.2E0,5.5E0));
#676=LINE('',#675,#674);
#677=DIRECTION('',(0.E0,1.E0,0.E0));
#678=VECTOR('',#677,1.2E0);
#679=CARTESIAN_POINT('',(2.775E1,1.2E0,5.5E0));
#680=LINE('',#679,#678);
#681=DIRECTION('',(0.E0,0.E0,1.E0));
#682=VECTOR('',#681,1.1E1);
#683=CARTESIAN_POINT('',(2.775E1,2.4E0,-5.5E0));
#684=LINE('',#683,#682);
#685=DIRECTION('',(0.E0,1.E0,0.E0));
#686=VECTOR('',#685,1.2E0);
#687=CARTESIAN_POINT('',(2.775E1,1.2E0,-5.5E0));
#688=LINE('',#687,#686);
#689=DIRECTION('',(0.E0,0.E0,1.E0));
#690=VECTOR('',#689,1.26E1);
#691=CARTESIAN_POINT('',(2.775E1,1.2E0,-1.81E1));
#692=LINE('',#691,#690);
#693=DIRECTION('',(0.E0,0.E0,1.E0));
#694=VECTOR('',#693,3.64E1);
#695=CARTESIAN_POINT('',(2.775E1,6.8E0,-1.82E1));
#696=LINE('',#695,#694);
#697=CARTESIAN_POINT('',(2.755E1,1.7E0,1.81E1));
#698=DIRECTION('',(0.E0,0.E0,1.E0));
#699=DIRECTION('',(0.E0,-1.E0,0.E0));
#700=AXIS2_PLACEMENT_3D('',#697,#698,#699);
#702=CARTESIAN_POINT('',(2.755E1,1.7E0,1.82E1));
#703=DIRECTION('',(0.E0,0.E0,-1.E0));
#704=DIRECTION('',(1.E0,0.E0,0.E0));
#705=AXIS2_PLACEMENT_3D('',#702,#703,#704);
#707=DIRECTION('',(0.E0,1.E0,0.E0));
#708=VECTOR('',#707,5.E-1);
#709=CARTESIAN_POINT('',(2.775E1,1.2E0,1.81E1));
#710=LINE('',#709,#708);
#711=CARTESIAN_POINT('',(2.755E1,1.2E0,1.81E1));
#712=DIRECTION('',(0.E0,0.E0,-1.E0));
#713=DIRECTION('',(1.E0,1.221245327088E-14,0.E0));
#714=AXIS2_PLACEMENT_3D('',#711,#712,#713);
#716=DIRECTION('',(0.E0,1.E0,0.E0));
#717=VECTOR('',#716,5.E-1);
#718=CARTESIAN_POINT('',(-2.975E1,1.E0,-7.E0));
#719=LINE('',#718,#717);
#720=DIRECTION('',(0.E0,1.E0,0.E0));
#721=VECTOR('',#720,5.E-1);
#722=CARTESIAN_POINT('',(-2.975E1,1.E0,7.E0));
#723=LINE('',#722,#721);
#724=DIRECTION('',(0.E0,1.E0,0.E0));
#725=VECTOR('',#724,5.E-1);
#726=CARTESIAN_POINT('',(-2.975E1,1.E0,1.81E1));
#727=LINE('',#726,#725);
#728=DIRECTION('',(0.E0,-1.E0,0.E0));
#729=VECTOR('',#728,1.E0);
#730=CARTESIAN_POINT('',(-2.525E1,1.E0,7.E0));
#731=LINE('',#730,#729);
#732=DIRECTION('',(-8.944271909999E-1,-4.472135955E-1,0.E0));
#733=VECTOR('',#732,1.118033988750E0);
#734=CARTESIAN_POINT('',(-2.975E1,2.9E0,6.E0));
#735=LINE('',#734,#733);
#736=DIRECTION('',(-2.588190451025E-1,-9.659258262891E-1,0.E0));
#737=VECTOR('',#736,4.370675195327E0);
#738=CARTESIAN_POINT('',(-2.861878601949E1,7.121748049488E0,6.E0));
#739=LINE('',#738,#737);
#740=CARTESIAN_POINT('',(-2.747422579384E1,6.815064061335E0,6.E0));
#741=DIRECTION('',(0.E0,0.E0,1.E0));
#742=DIRECTION('',(9.659258262891E-1,2.588190451025E-1,0.E0));
#743=AXIS2_PLACEMENT_3D('',#740,#741,#742);
#745=DIRECTION('',(-2.588190451025E-1,9.659258262891E-1,0.E0));
#746=VECTOR('',#745,5.954036444117E0);
#747=CARTESIAN_POINT('',(-2.478864754121E1,1.370590477449E0,6.E0));
#748=LINE('',#747,#746);
#749=DIRECTION('',(0.E0,1.E0,0.E0));
#750=VECTOR('',#749,1.E0);
#751=CARTESIAN_POINT('',(-2.525E1,0.E0,6.E0));
#752=LINE('',#751,#750);
#753=DIRECTION('',(1.E0,0.E0,0.E0));
#754=VECTOR('',#753,2.066751100339E-1);
#755=CARTESIAN_POINT('',(-2.545667511003E1,0.E0,6.E0));
#756=LINE('',#755,#754);
#757=DIRECTION('',(2.588190451025E-1,-9.659258262891E-1,0.E0));
#758=VECTOR('',#757,7.105026926085E0);
#759=CARTESIAN_POINT('',(-2.729559139447E1,6.862929004385E0,6.E0));
#760=LINE('',#759,#758);
#761=CARTESIAN_POINT('',(-2.747422579384E1,6.815064061335E0,6.E0));
#762=DIRECTION('',(0.E0,0.E0,-1.E0));
#763=DIRECTION('',(-9.659258262891E-1,2.588190451024E-1,0.E0));
#764=AXIS2_PLACEMENT_3D('',#761,#762,#763);
#766=DIRECTION('',(2.588190451025E-1,9.659258262891E-1,0.E0));
#767=VECTOR('',#766,4.239022697740E0);
#768=CARTESIAN_POINT('',(-2.875E1,2.768347502413E0,6.E0));
#769=LINE('',#768,#767);
#770=DIRECTION('',(0.E0,1.E0,0.E0));
#771=VECTOR('',#770,3.768347502413E0);
#772=CARTESIAN_POINT('',(-2.875E1,-1.E0,6.E0));
#773=LINE('',#772,#771);
#774=DIRECTION('',(0.E0,-1.E0,0.E0));
#775=VECTOR('',#774,1.E0);
#776=CARTESIAN_POINT('',(-3.025E1,0.E0,6.E0));
#777=LINE('',#776,#775);
#778=DIRECTION('',(-1.E0,0.E0,0.E0));
#779=VECTOR('',#778,5.E-1);
#780=CARTESIAN_POINT('',(-2.975E1,0.E0,6.E0));
#781=LINE('',#780,#779);
#782=DIRECTION('',(0.E0,-1.E0,0.E0));
#783=VECTOR('',#782,2.E0);
#784=CARTESIAN_POINT('',(-2.975E1,2.E0,6.E0));
#785=LINE('',#784,#783);
#786=DIRECTION('',(1.E0,0.E0,0.E0));
#787=VECTOR('',#786,1.E0);
#788=CARTESIAN_POINT('',(-3.075E1,2.E0,6.E0));
#789=LINE('',#788,#787);
#790=DIRECTION('',(0.E0,-1.E0,0.E0));
#791=VECTOR('',#790,4.E-1);
#792=CARTESIAN_POINT('',(-3.075E1,2.4E0,6.E0));
#793=LINE('',#792,#791);
#794=DIRECTION('',(8.944271909999E-1,4.472135955E-1,0.E0));
#795=VECTOR('',#794,1.118033988750E0);
#796=CARTESIAN_POINT('',(-3.075E1,2.4E0,-6.E0));
#797=LINE('',#796,#795);
#798=DIRECTION('',(0.E0,-1.E0,1.110223024625E-14));
#799=VECTOR('',#798,4.E-1);
#800=CARTESIAN_POINT('',(-3.075E1,2.4E0,-6.E0));
#801=LINE('',#800,#799);
#802=DIRECTION('',(1.E0,0.E0,0.E0));
#803=VECTOR('',#802,1.E0);
#804=CARTESIAN_POINT('',(-3.075E1,2.E0,-6.E0));
#805=LINE('',#804,#803);
#806=DIRECTION('',(0.E0,-1.E0,0.E0));
#807=VECTOR('',#806,2.E0);
#808=CARTESIAN_POINT('',(-2.975E1,2.E0,-6.E0));
#809=LINE('',#808,#807);
#810=DIRECTION('',(-1.E0,0.E0,0.E0));
#811=VECTOR('',#810,5.E-1);
#812=CARTESIAN_POINT('',(-2.975E1,0.E0,-6.E0));
#813=LINE('',#812,#811);
#814=DIRECTION('',(0.E0,-1.E0,0.E0));
#815=VECTOR('',#814,1.E0);
#816=CARTESIAN_POINT('',(-3.025E1,0.E0,-6.E0));
#817=LINE('',#816,#815);
#818=DIRECTION('',(0.E0,1.E0,0.E0));
#819=VECTOR('',#818,3.768347502413E0);
#820=CARTESIAN_POINT('',(-2.875E1,-1.E0,-6.E0));
#821=LINE('',#820,#819);
#822=DIRECTION('',(2.588190451025E-1,9.659258262891E-1,0.E0));
#823=VECTOR('',#822,4.239022697740E0);
#824=CARTESIAN_POINT('',(-2.875E1,2.768347502413E0,-6.E0));
#825=LINE('',#824,#823);
#826=CARTESIAN_POINT('',(-2.747422579384E1,6.815064061335E0,-6.E0));
#827=DIRECTION('',(0.E0,0.E0,-1.E0));
#828=DIRECTION('',(-9.659258262891E-1,2.588190451024E-1,0.E0));
#829=AXIS2_PLACEMENT_3D('',#826,#827,#828);
#831=DIRECTION('',(2.588190451025E-1,-9.659258262891E-1,0.E0));
#832=VECTOR('',#831,7.105026926085E0);
#833=CARTESIAN_POINT('',(-2.729559139447E1,6.862929004385E0,-6.E0));
#834=LINE('',#833,#832);
#835=DIRECTION('',(1.E0,0.E0,0.E0));
#836=VECTOR('',#835,2.066751100339E-1);
#837=CARTESIAN_POINT('',(-2.545667511003E1,0.E0,-6.E0));
#838=LINE('',#837,#836);
#839=DIRECTION('',(0.E0,-1.E0,0.E0));
#840=VECTOR('',#839,1.E0);
#841=CARTESIAN_POINT('',(-2.525E1,1.E0,-6.E0));
#842=LINE('',#841,#840);
#843=DIRECTION('',(-2.588190451025E-1,9.659258262891E-1,0.E0));
#844=VECTOR('',#843,5.954036444117E0);
#845=CARTESIAN_POINT('',(-2.478864754121E1,1.370590477449E0,-6.E0));
#846=LINE('',#845,#844);
#847=CARTESIAN_POINT('',(-2.747422579384E1,6.815064061335E0,-6.E0));
#848=DIRECTION('',(0.E0,0.E0,1.E0));
#849=DIRECTION('',(9.659258262891E-1,2.588190451025E-1,0.E0));
#850=AXIS2_PLACEMENT_3D('',#847,#848,#849);
#852=DIRECTION('',(-2.588190451025E-1,-9.659258262891E-1,0.E0));
#853=VECTOR('',#852,4.370675195327E0);
#854=CARTESIAN_POINT('',(-2.861878601949E1,7.121748049488E0,-6.E0));
#855=LINE('',#854,#853);
#856=DIRECTION('',(0.E0,0.E0,-1.E0));
#857=VECTOR('',#856,1.2E1);
#858=CARTESIAN_POINT('',(-3.075E1,2.4E0,6.E0));
#859=LINE('',#858,#857);
#860=DIRECTION('',(0.E0,0.E0,1.E0));
#861=VECTOR('',#860,1.2E1);
#862=CARTESIAN_POINT('',(-3.075E1,2.E0,-6.E0));
#863=LINE('',#862,#861);
#864=DIRECTION('',(0.E0,0.E0,1.E0));
#865=VECTOR('',#864,1.2E1);
#866=CARTESIAN_POINT('',(-2.975E1,2.E0,-6.E0));
#867=LINE('',#866,#865);
#868=DIRECTION('',(0.E0,0.E0,1.E0));
#869=VECTOR('',#868,1.2E1);
#870=CARTESIAN_POINT('',(-2.975E1,0.E0,-6.E0));
#871=LINE('',#870,#869);
#872=DIRECTION('',(0.E0,0.E0,1.E0));
#873=VECTOR('',#872,1.2E1);
#874=CARTESIAN_POINT('',(-3.025E1,0.E0,-6.E0));
#875=LINE('',#874,#873);
#876=DIRECTION('',(-1.E0,0.E0,0.E0));
#877=VECTOR('',#876,1.5E0);
#878=CARTESIAN_POINT('',(-2.875E1,-1.E0,-6.E0));
#879=LINE('',#878,#877);
#880=DIRECTION('',(0.E0,0.E0,1.E0));
#881=VECTOR('',#880,1.2E1);
#882=CARTESIAN_POINT('',(-3.025E1,-1.E0,-6.E0));
#883=LINE('',#882,#881);
#884=DIRECTION('',(1.E0,0.E0,0.E0));
#885=VECTOR('',#884,1.5E0);
#886=CARTESIAN_POINT('',(-3.025E1,-1.E0,6.E0));
#887=LINE('',#886,#885);
#888=DIRECTION('',(0.E0,0.E0,1.E0));
#889=VECTOR('',#888,1.2E1);
#890=CARTESIAN_POINT('',(-2.875E1,-1.E0,-6.E0));
#891=LINE('',#890,#889);
#892=DIRECTION('',(0.E0,0.E0,1.E0));
#893=VECTOR('',#892,1.2E1);
#894=CARTESIAN_POINT('',(-2.875E1,2.768347502413E0,-6.E0));
#895=LINE('',#894,#893);
#896=DIRECTION('',(0.E0,0.E0,1.E0));
#897=VECTOR('',#896,1.2E1);
#898=CARTESIAN_POINT('',(-2.765286019320E1,6.862929004385E0,-6.E0));
#899=LINE('',#898,#897);
#900=DIRECTION('',(0.E0,0.E0,1.E0));
#901=VECTOR('',#900,1.2E1);
#902=CARTESIAN_POINT('',(-2.729559139447E1,6.862929004385E0,-6.E0));
#903=LINE('',#902,#901);
#904=CARTESIAN_POINT('',(-2.430568462807E1,1.5E0,6.E0));
#905=DIRECTION('',(0.E0,0.E0,-1.E0));
#906=DIRECTION('',(1.421085471520E-14,-1.E0,0.E0));
#907=AXIS2_PLACEMENT_3D('',#904,#905,#906);
#909=CARTESIAN_POINT('',(-2.430568462807E1,1.5E0,-6.E0));
#910=DIRECTION('',(0.E0,0.E0,1.E0));
#911=DIRECTION('',(-9.659258262891E-1,-2.588190451025E-1,0.E0));
#912=AXIS2_PLACEMENT_3D('',#909,#910,#911);
#914=DIRECTION('',(0.E0,0.E0,-1.E0));
#915=VECTOR('',#914,1.2E1);
#916=CARTESIAN_POINT('',(-2.478864754121E1,1.370590477449E0,6.E0));
#917=LINE('',#916,#915);
#918=DIRECTION('',(0.E0,0.E0,1.E0));
#919=VECTOR('',#918,1.2E1);
#920=CARTESIAN_POINT('',(-2.632966556818E1,7.121748049488E0,-6.E0));
#921=LINE('',#920,#919);
#922=DIRECTION('',(0.E0,0.E0,-1.E0));
#923=VECTOR('',#922,1.2E1);
#924=CARTESIAN_POINT('',(-2.975E1,2.9E0,6.E0));
#925=LINE('',#924,#923);
#926=DIRECTION('',(0.E0,0.E0,1.E0));
#927=VECTOR('',#926,1.2E1);
#928=CARTESIAN_POINT('',(-2.861878601949E1,7.121748049488E0,-6.E0));
#929=LINE('',#928,#927);
#930=CARTESIAN_POINT('',(2.755E1,1.2E0,5.5E0));
#931=DIRECTION('',(0.E0,0.E0,1.E0));
#932=DIRECTION('',(0.E0,-1.E0,0.E0));
#933=AXIS2_PLACEMENT_3D('',#930,#931,#932);
#935=CARTESIAN_POINT('',(2.755E1,1.2E0,-5.5E0));
#936=DIRECTION('',(0.E0,0.E0,1.E0));
#937=DIRECTION('',(0.E0,-1.E0,0.E0));
#938=AXIS2_PLACEMENT_3D('',#935,#936,#937);
#940=DIRECTION('',(-1.E0,0.E0,0.E0));
#941=VECTOR('',#940,2.E0);
#942=CARTESIAN_POINT('',(2.975E1,2.4E0,5.5E0));
#943=LINE('',#942,#941);
#944=DIRECTION('',(0.E0,1.E0,0.E0));
#945=VECTOR('',#944,9.E-1);
#946=CARTESIAN_POINT('',(2.975E1,1.5E0,5.5E0));
#947=LINE('',#946,#945);
#948=DIRECTION('',(0.E0,0.E0,-1.E0));
#949=VECTOR('',#948,3.64E1);
#950=CARTESIAN_POINT('',(2.975E1,7.E0,1.82E1));
#951=LINE('',#950,#949);
#952=DIRECTION('',(0.E0,1.E0,0.E0));
#953=VECTOR('',#952,9.E-1);
#954=CARTESIAN_POINT('',(2.975E1,1.5E0,-5.5E0));
#955=LINE('',#954,#953);
#956=DIRECTION('',(0.E0,0.E0,1.E0));
#957=VECTOR('',#956,1.1E1);
#958=CARTESIAN_POINT('',(2.975E1,2.4E0,-5.5E0));
#959=LINE('',#958,#957);
#960=DIRECTION('',(-1.E0,0.E0,0.E0));
#961=VECTOR('',#960,2.2E0);
#962=CARTESIAN_POINT('',(2.975E1,1.E0,-5.5E0));
#963=LINE('',#962,#961);
#964=DIRECTION('',(0.E0,-1.E0,0.E0));
#965=VECTOR('',#964,5.E-1);
#966=CARTESIAN_POINT('',(2.975E1,1.5E0,5.5E0));
#967=LINE('',#966,#965);
#968=DIRECTION('',(0.E0,0.E0,-1.E0));
#969=VECTOR('',#968,1.1E1);
#970=CARTESIAN_POINT('',(2.975E1,1.E0,5.5E0));
#971=LINE('',#970,#969);
#972=DIRECTION('',(0.E0,1.E0,0.E0));
#973=VECTOR('',#972,5.E-1);
#974=CARTESIAN_POINT('',(2.975E1,1.E0,-5.5E0));
#975=LINE('',#974,#973);
#976=DIRECTION('',(-1.E0,0.E0,0.E0));
#977=VECTOR('',#976,2.E0);
#978=CARTESIAN_POINT('',(2.975E1,2.4E0,-5.5E0));
#979=LINE('',#978,#977);
#980=CARTESIAN_POINT('',(2.775E1,6.8E0,-1.82E1));
#981=CARTESIAN_POINT('',(2.775E1,6.8E0,1.82E1));
#982=VERTEX_POINT('',#980);
#983=VERTEX_POINT('',#981);
#984=CARTESIAN_POINT('',(2.755E1,7.E0,-1.82E1));
#985=CARTESIAN_POINT('',(2.755E1,7.E0,1.82E1));
#986=VERTEX_POINT('',#984);
#987=VERTEX_POINT('',#985);
#988=CARTESIAN_POINT('',(2.775E1,1.5E0,-1.82E1));
#989=VERTEX_POINT('',#988);
#990=CARTESIAN_POINT('',(2.875E1,8.E0,-1.82E1));
#991=CARTESIAN_POINT('',(2.975E1,7.E0,-1.82E1));
#992=VERTEX_POINT('',#990);
#993=VERTEX_POINT('',#991);
#994=CARTESIAN_POINT('',(2.975E1,7.E0,1.82E1));
#995=VERTEX_POINT('',#994);
#996=CARTESIAN_POINT('',(2.875E1,8.E0,1.82E1));
#997=VERTEX_POINT('',#996);
#998=CARTESIAN_POINT('',(2.975E1,1.5E0,-1.82E1));
#999=VERTEX_POINT('',#998);
#1000=CARTESIAN_POINT('',(2.975E1,1.5E0,1.82E1));
#1001=VERTEX_POINT('',#1000);
#1002=CARTESIAN_POINT('',(3.075E1,0.E0,1.86E1));
#1003=CARTESIAN_POINT('',(3.025E1,0.E0,1.91E1));
#1004=VERTEX_POINT('',#1002);
#1005=VERTEX_POINT('',#1003);
#1006=CARTESIAN_POINT('',(3.025E1,1.5E0,1.91E1));
#1007=VERTEX_POINT('',#1006);
#1008=CARTESIAN_POINT('',(3.075E1,1.5E0,1.86E1));
#1009=VERTEX_POINT('',#1008);
#1010=CARTESIAN_POINT('',(3.025E1,0.E0,-1.91E1));
#1011=CARTESIAN_POINT('',(3.075E1,0.E0,-1.86E1));
#1012=VERTEX_POINT('',#1010);
#1013=VERTEX_POINT('',#1011);
#1014=CARTESIAN_POINT('',(3.075E1,1.5E0,-1.86E1));
#1015=VERTEX_POINT('',#1014);
#1016=CARTESIAN_POINT('',(3.025E1,1.5E0,-1.91E1));
#1017=VERTEX_POINT('',#1016);
#1018=CARTESIAN_POINT('',(-3.075E1,0.E0,-1.86E1));
#1019=CARTESIAN_POINT('',(-3.025E1,0.E0,-1.91E1));
#1020=VERTEX_POINT('',#1018);
#1021=VERTEX_POINT('',#1019);
#1022=CARTESIAN_POINT('',(-3.025E1,1.5E0,-1.91E1));
#1023=VERTEX_POINT('',#1022);
#1024=CARTESIAN_POINT('',(-3.075E1,1.5E0,-1.86E1));
#1025=VERTEX_POINT('',#1024);
#1026=CARTESIAN_POINT('',(-3.025E1,0.E0,1.91E1));
#1027=VERTEX_POINT('',#1026);
#1028=CARTESIAN_POINT('',(2.975E1,1.E0,5.5E0));
#1029=CARTESIAN_POINT('',(2.975E1,1.E0,-5.5E0));
#1030=VERTEX_POINT('',#1028);
#1031=VERTEX_POINT('',#1029);
#1032=CARTESIAN_POINT('',(2.975E1,1.5E0,5.5E0));
#1033=CARTESIAN_POINT('',(2.975E1,2.4E0,5.5E0));
#1034=VERTEX_POINT('',#1032);
#1035=VERTEX_POINT('',#1033);
#1036=CARTESIAN_POINT('',(2.975E1,1.5E0,-5.5E0));
#1037=CARTESIAN_POINT('',(2.975E1,2.4E0,-5.5E0));
#1038=VERTEX_POINT('',#1036);
#1039=VERTEX_POINT('',#1037);
#1040=CARTESIAN_POINT('',(2.775E1,1.2E0,5.5E0));
#1041=CARTESIAN_POINT('',(2.775E1,2.4E0,5.5E0));
#1042=VERTEX_POINT('',#1040);
#1043=VERTEX_POINT('',#1041);
#1044=CARTESIAN_POINT('',(2.775E1,1.2E0,-5.5E0));
#1045=CARTESIAN_POINT('',(2.775E1,2.4E0,-5.5E0));
#1046=VERTEX_POINT('',#1044);
#1047=VERTEX_POINT('',#1045);
#1048=CARTESIAN_POINT('',(2.755E1,1.E0,5.5E0));
#1049=VERTEX_POINT('',#1048);
#1050=CARTESIAN_POINT('',(2.755E1,1.E0,-5.5E0));
#1051=VERTEX_POINT('',#1050);
#1052=CARTESIAN_POINT('',(2.755E1,1.E0,-1.81E1));
#1053=VERTEX_POINT('',#1052);
#1054=CARTESIAN_POINT('',(2.755E1,1.E0,1.81E1));
#1055=VERTEX_POINT('',#1054);
#1056=CARTESIAN_POINT('',(2.775E1,1.2E0,-1.81E1));
#1057=VERTEX_POINT('',#1056);
#1058=CARTESIAN_POINT('',(2.775E1,1.2E0,1.81E1));
#1059=VERTEX_POINT('',#1058);
#1060=CARTESIAN_POINT('',(-3.075E1,0.E0,-7.E0));
#1061=CARTESIAN_POINT('',(-3.075E1,1.5E0,-7.E0));
#1062=VERTEX_POINT('',#1060);
#1063=VERTEX_POINT('',#1061);
#1064=CARTESIAN_POINT('',(-3.075E1,0.E0,7.E0));
#1065=CARTESIAN_POINT('',(-3.075E1,1.5E0,7.E0));
#1066=VERTEX_POINT('',#1064);
#1067=VERTEX_POINT('',#1065);
#1068=CARTESIAN_POINT('',(-3.075E1,0.E0,1.86E1));
#1069=VERTEX_POINT('',#1068);
#1070=CARTESIAN_POINT('',(-2.875E1,-1.E0,-6.E0));
#1071=CARTESIAN_POINT('',(-2.875E1,2.768347502413E0,-6.E0));
#1072=VERTEX_POINT('',#1070);
#1073=VERTEX_POINT('',#1071);
#1074=CARTESIAN_POINT('',(-2.765286019320E1,6.862929004385E0,-6.E0));
#1075=VERTEX_POINT('',#1074);
#1076=CARTESIAN_POINT('',(-2.729559139447E1,6.862929004385E0,-6.E0));
#1077=VERTEX_POINT('',#1076);
#1078=CARTESIAN_POINT('',(-2.545667511003E1,0.E0,-6.E0));
#1079=VERTEX_POINT('',#1078);
#1080=CARTESIAN_POINT('',(-2.632966556818E1,7.121748049488E0,-6.E0));
#1081=CARTESIAN_POINT('',(-2.861878601949E1,7.121748049488E0,-6.E0));
#1082=VERTEX_POINT('',#1080);
#1083=VERTEX_POINT('',#1081);
#1084=CARTESIAN_POINT('',(-3.075E1,2.E0,-6.E0));
#1085=CARTESIAN_POINT('',(-2.975E1,2.E0,-6.E0));
#1086=VERTEX_POINT('',#1084);
#1087=VERTEX_POINT('',#1085);
#1088=CARTESIAN_POINT('',(-2.975E1,0.E0,-6.E0));
#1089=VERTEX_POINT('',#1088);
#1090=CARTESIAN_POINT('',(-2.875E1,-1.E0,6.E0));
#1091=CARTESIAN_POINT('',(-2.875E1,2.768347502413E0,6.E0));
#1092=VERTEX_POINT('',#1090);
#1093=VERTEX_POINT('',#1091);
#1094=CARTESIAN_POINT('',(-2.765286019320E1,6.862929004385E0,6.E0));
#1095=VERTEX_POINT('',#1094);
#1096=CARTESIAN_POINT('',(-2.729559139447E1,6.862929004385E0,6.E0));
#1097=VERTEX_POINT('',#1096);
#1098=CARTESIAN_POINT('',(-2.545667511003E1,0.E0,6.E0));
#1099=VERTEX_POINT('',#1098);
#1100=CARTESIAN_POINT('',(-2.632966556818E1,7.121748049488E0,6.E0));
#1101=CARTESIAN_POINT('',(-2.861878601949E1,7.121748049488E0,6.E0));
#1102=VERTEX_POINT('',#1100);
#1103=VERTEX_POINT('',#1101);
#1104=CARTESIAN_POINT('',(-3.075E1,2.E0,6.E0));
#1105=CARTESIAN_POINT('',(-2.975E1,2.E0,6.E0));
#1106=VERTEX_POINT('',#1104);
#1107=VERTEX_POINT('',#1105);
#1108=CARTESIAN_POINT('',(-2.975E1,0.E0,6.E0));
#1109=VERTEX_POINT('',#1108);
#1110=CARTESIAN_POINT('',(-2.525E1,1.E0,-7.E0));
#1111=CARTESIAN_POINT('',(-2.525E1,0.E0,-7.E0));
#1112=VERTEX_POINT('',#1110);
#1113=VERTEX_POINT('',#1111);
#1114=CARTESIAN_POINT('',(-2.525E1,1.E0,-6.E0));
#1115=CARTESIAN_POINT('',(-2.525E1,0.E0,-6.E0));
#1116=VERTEX_POINT('',#1114);
#1117=VERTEX_POINT('',#1115);
#1118=CARTESIAN_POINT('',(-2.525E1,0.E0,6.E0));
#1119=CARTESIAN_POINT('',(-2.525E1,1.E0,6.E0));
#1120=VERTEX_POINT('',#1118);
#1121=VERTEX_POINT('',#1119);
#1122=CARTESIAN_POINT('',(-2.525E1,1.E0,7.E0));
#1123=CARTESIAN_POINT('',(-2.525E1,0.E0,7.E0));
#1124=VERTEX_POINT('',#1122);
#1125=VERTEX_POINT('',#1123);
#1126=CARTESIAN_POINT('',(-2.975E1,1.E0,-7.E0));
#1127=VERTEX_POINT('',#1126);
#1128=CARTESIAN_POINT('',(-2.975E1,1.E0,7.E0));
#1129=VERTEX_POINT('',#1128);
#1130=CARTESIAN_POINT('',(-2.430568462807E1,1.E0,6.E0));
#1131=CARTESIAN_POINT('',(-2.430568462807E1,1.E0,-6.E0));
#1132=VERTEX_POINT('',#1130);
#1133=VERTEX_POINT('',#1131);
#1134=CARTESIAN_POINT('',(-2.478864754121E1,1.370590477449E0,6.E0));
#1135=CARTESIAN_POINT('',(-2.478864754121E1,1.370590477449E0,-6.E0));
#1136=VERTEX_POINT('',#1134);
#1137=VERTEX_POINT('',#1135);
#1138=CARTESIAN_POINT('',(-3.075E1,2.4E0,-6.E0));
#1139=CARTESIAN_POINT('',(-2.975E1,2.9E0,-6.E0));
#1140=VERTEX_POINT('',#1138);
#1141=VERTEX_POINT('',#1139);
#1142=CARTESIAN_POINT('',(-2.975E1,2.9E0,6.E0));
#1143=CARTESIAN_POINT('',(-3.075E1,2.4E0,6.E0));
#1144=VERTEX_POINT('',#1142);
#1145=VERTEX_POINT('',#1143);
#1146=CARTESIAN_POINT('',(-1.E1,6.8E0,-1.72E1));
#1147=CARTESIAN_POINT('',(1.E1,6.8E0,-1.72E1));
#1148=VERTEX_POINT('',#1146);
#1149=VERTEX_POINT('',#1147);
#1150=CARTESIAN_POINT('',(-1.E1,7.E0,-1.7E1));
#1151=CARTESIAN_POINT('',(1.E1,7.E0,-1.7E1));
#1152=VERTEX_POINT('',#1150);
#1153=VERTEX_POINT('',#1151);
#1154=CARTESIAN_POINT('',(-1.E1,8.E0,-1.72E1));
#1155=CARTESIAN_POINT('',(-1.E1,7.E0,-1.82E1));
#1156=VERTEX_POINT('',#1154);
#1157=VERTEX_POINT('',#1155);
#1158=CARTESIAN_POINT('',(1.E1,7.E0,-1.82E1));
#1159=VERTEX_POINT('',#1158);
#1160=CARTESIAN_POINT('',(1.E1,8.E0,-1.72E1));
#1161=VERTEX_POINT('',#1160);
#1162=CARTESIAN_POINT('',(-1.E1,1.5E0,-1.82E1));
#1163=VERTEX_POINT('',#1162);
#1164=CARTESIAN_POINT('',(1.E1,1.5E0,-1.82E1));
#1165=VERTEX_POINT('',#1164);
#1166=CARTESIAN_POINT('',(-1.02E1,1.E0,-1.7E1));
#1167=CARTESIAN_POINT('',(1.02E1,1.E0,-1.7E1));
#1168=VERTEX_POINT('',#1166);
#1169=VERTEX_POINT('',#1167);
#1170=CARTESIAN_POINT('',(-1.E1,1.2E0,-1.72E1));
#1171=CARTESIAN_POINT('',(1.E1,1.2E0,-1.72E1));
#1172=VERTEX_POINT('',#1170);
#1173=VERTEX_POINT('',#1171);
#1174=CARTESIAN_POINT('',(1.E1,7.E0,-1.442558653010E1));
#1175=CARTESIAN_POINT('',(1.E1,8.E0,-1.442558653010E1));
#1176=VERTEX_POINT('',#1174);
#1177=VERTEX_POINT('',#1175);
#1178=CARTESIAN_POINT('',(1.165365621988E1,7.E0,-1.071048447158E1));
#1179=CARTESIAN_POINT('',(1.165365621988E1,8.E0,-1.071048447158E1));
#1180=VERTEX_POINT('',#1178);
#1181=VERTEX_POINT('',#1179);
#1182=CARTESIAN_POINT('',(2.566985346680E1,7.E0,1.82E1));
#1183=CARTESIAN_POINT('',(2.232350968668E1,7.E0,1.691510205852E1));
#1184=VERTEX_POINT('',#1182);
#1185=VERTEX_POINT('',#1183);
#1186=CARTESIAN_POINT('',(2.232350968668E1,8.E0,1.691510205852E1));
#1187=VERTEX_POINT('',#1186);
#1188=CARTESIAN_POINT('',(2.566985346680E1,8.E0,1.82E1));
#1189=VERTEX_POINT('',#1188);
#1190=CARTESIAN_POINT('',(-1.E1,8.E0,-1.442558653010E1));
#1191=CARTESIAN_POINT('',(-8.346343780121E0,8.E0,-1.071048447158E1));
#1192=VERTEX_POINT('',#1190);
#1193=VERTEX_POINT('',#1191);
#1194=CARTESIAN_POINT('',(-8.346343780121E0,7.E0,-1.071048447158E1));
#1195=VERTEX_POINT('',#1194);
#1196=CARTESIAN_POINT('',(-1.E1,7.E0,-1.442558653010E1));
#1197=VERTEX_POINT('',#1196);
#1198=CARTESIAN_POINT('',(2.375E1,8.E0,-2.061413602316E0));
#1199=CARTESIAN_POINT('',(2.375E1,7.E0,-2.061413602316E0));
#1200=VERTEX_POINT('',#1198);
#1201=VERTEX_POINT('',#1199);
#1202=CARTESIAN_POINT('',(2.208073124398E1,8.E0,-1.318393190612E0));
#1203=CARTESIAN_POINT('',(2.208073124398E1,7.E0,-1.318393190612E0));
#1204=VERTEX_POINT('',#1202);
#1205=VERTEX_POINT('',#1203);
#1206=CARTESIAN_POINT('',(2.675E1,8.E0,-1.82E1));
#1207=CARTESIAN_POINT('',(2.375E1,8.E0,-1.52E1));
#1208=VERTEX_POINT('',#1206);
#1209=VERTEX_POINT('',#1207);
#1210=CARTESIAN_POINT('',(2.375E1,7.E0,-1.52E1));
#1211=VERTEX_POINT('',#1210);
#1212=CARTESIAN_POINT('',(2.675E1,7.E0,-1.82E1));
#1213=VERTEX_POINT('',#1212);
#1214=CARTESIAN_POINT('',(-2.975E1,1.E0,-1.81E1));
#1215=CARTESIAN_POINT('',(-2.975E1,1.5E0,-1.81E1));
#1216=VERTEX_POINT('',#1214);
#1217=VERTEX_POINT('',#1215);
#1218=CARTESIAN_POINT('',(-2.975E1,1.E0,1.81E1));
#1219=CARTESIAN_POINT('',(-2.975E1,1.5E0,1.81E1));
#1220=VERTEX_POINT('',#1218);
#1221=VERTEX_POINT('',#1219);
#1222=CARTESIAN_POINT('',(-3.075E1,1.5E0,1.86E1));
#1223=CARTESIAN_POINT('',(-3.025E1,1.5E0,1.91E1));
#1224=VERTEX_POINT('',#1222);
#1225=VERTEX_POINT('',#1223);
#1226=CARTESIAN_POINT('',(2.775E1,1.5E0,-1.81E1));
#1227=VERTEX_POINT('',#1226);
#1228=CARTESIAN_POINT('',(-2.975E1,1.5E0,-7.E0));
#1229=VERTEX_POINT('',#1228);
#1230=CARTESIAN_POINT('',(-2.975E1,1.5E0,7.E0));
#1231=VERTEX_POINT('',#1230);
#1232=CARTESIAN_POINT('',(-3.025E1,0.E0,-6.E0));
#1233=VERTEX_POINT('',#1232);
#1234=CARTESIAN_POINT('',(-3.025E1,-1.E0,-6.E0));
#1235=VERTEX_POINT('',#1234);
#1236=CARTESIAN_POINT('',(-3.025E1,0.E0,6.E0));
#1237=VERTEX_POINT('',#1236);
#1238=CARTESIAN_POINT('',(-3.025E1,-1.E0,6.E0));
#1239=VERTEX_POINT('',#1238);
#1240=CARTESIAN_POINT('',(1.02E1,1.E0,-1.81E1));
#1241=CARTESIAN_POINT('',(1.02E1,1.5E0,-1.81E1));
#1242=VERTEX_POINT('',#1240);
#1243=VERTEX_POINT('',#1241);
#1244=CARTESIAN_POINT('',(1.E1,1.2E0,-1.79E1));
#1245=CARTESIAN_POINT('',(1.E1,1.5E0,-1.79E1));
#1246=VERTEX_POINT('',#1244);
#1247=VERTEX_POINT('',#1245);
#1248=CARTESIAN_POINT('',(-1.E1,1.5E0,-1.79E1));
#1249=CARTESIAN_POINT('',(-1.E1,1.2E0,-1.79E1));
#1250=VERTEX_POINT('',#1248);
#1251=VERTEX_POINT('',#1249);
#1252=CARTESIAN_POINT('',(-1.02E1,1.5E0,-1.81E1));
#1253=CARTESIAN_POINT('',(-1.02E1,1.E0,-1.81E1));
#1254=VERTEX_POINT('',#1252);
#1255=VERTEX_POINT('',#1253);
#1256=CARTESIAN_POINT('',(2.755E1,1.5E0,1.81E1));
#1257=CARTESIAN_POINT('',(2.755E1,1.5E0,1.82E1));
#1258=VERTEX_POINT('',#1256);
#1259=VERTEX_POINT('',#1257);
#1260=CARTESIAN_POINT('',(2.775E1,1.7E0,1.81E1));
#1261=CARTESIAN_POINT('',(2.775E1,1.7E0,1.82E1));
#1262=VERTEX_POINT('',#1260);
#1263=VERTEX_POINT('',#1261);
#1264=CARTESIAN_POINT('',(0.E0,0.E0,0.E0));
#1265=DIRECTION('',(0.E0,1.E0,0.E0));
#1266=DIRECTION('',(1.E0,0.E0,0.E0));
#1267=AXIS2_PLACEMENT_3D('',#1264,#1265,#1266);
#1268=PLANE('',#1267);
#1270=ORIENTED_EDGE('',*,*,#1269,.T.);
#1272=ORIENTED_EDGE('',*,*,#1271,.F.);
#1274=ORIENTED_EDGE('',*,*,#1273,.T.);
#1276=ORIENTED_EDGE('',*,*,#1275,.T.);
#1278=ORIENTED_EDGE('',*,*,#1277,.T.);
#1280=ORIENTED_EDGE('',*,*,#1279,.F.);
#1282=ORIENTED_EDGE('',*,*,#1281,.T.);
#1284=ORIENTED_EDGE('',*,*,#1283,.F.);
#1286=ORIENTED_EDGE('',*,*,#1285,.T.);
#1288=ORIENTED_EDGE('',*,*,#1287,.F.);
#1290=ORIENTED_EDGE('',*,*,#1289,.T.);
#1292=ORIENTED_EDGE('',*,*,#1291,.F.);
#1294=ORIENTED_EDGE('',*,*,#1293,.T.);
#1296=ORIENTED_EDGE('',*,*,#1295,.F.);
#1298=ORIENTED_EDGE('',*,*,#1297,.T.);
#1300=ORIENTED_EDGE('',*,*,#1299,.T.);
#1301=EDGE_LOOP('',(#1270,#1272,#1274,#1276,#1278,#1280,#1282,#1284,#1286,#1288,
#1290,#1292,#1294,#1296,#1298,#1300));
#1302=FACE_OUTER_BOUND('',#1301,.F.);
#1304=CARTESIAN_POINT('',(-2.525E1,1.97324E1,-6.5E0));
#1305=DIRECTION('',(0.E0,-1.E0,0.E0));
#1306=DIRECTION('',(0.E0,0.E0,-1.E0));
#1307=AXIS2_PLACEMENT_3D('',#1304,#1305,#1306);
#1308=CYLINDRICAL_SURFACE('',#1307,5.E-1);
#1310=ORIENTED_EDGE('',*,*,#1309,.F.);
#1312=ORIENTED_EDGE('',*,*,#1311,.F.);
#1314=ORIENTED_EDGE('',*,*,#1313,.T.);
#1315=ORIENTED_EDGE('',*,*,#1269,.F.);
#1316=EDGE_LOOP('',(#1310,#1312,#1314,#1315));
#1317=FACE_OUTER_BOUND('',#1316,.F.);
#1319=CARTESIAN_POINT('',(-2.475E1,0.E0,-7.E0));
#1320=DIRECTION('',(0.E0,0.E0,-1.E0));
#1321=DIRECTION('',(-1.E0,0.E0,0.E0));
#1322=AXIS2_PLACEMENT_3D('',#1319,#1320,#1321);
#1323=PLANE('',#1322);
#1324=ORIENTED_EDGE('',*,*,#1309,.T.);
#1325=ORIENTED_EDGE('',*,*,#1299,.F.);
#1327=ORIENTED_EDGE('',*,*,#1326,.T.);
#1329=ORIENTED_EDGE('',*,*,#1328,.T.);
#1331=ORIENTED_EDGE('',*,*,#1330,.F.);
#1333=ORIENTED_EDGE('',*,*,#1332,.T.);
#1334=EDGE_LOOP('',(#1324,#1325,#1327,#1329,#1331,#1333));
#1335=FACE_OUTER_BOUND('',#1334,.F.);
#1337=CARTESIAN_POINT('',(-3.075E1,0.E0,-1.91E1));
#1338=DIRECTION('',(-1.E0,0.E0,0.E0));
#1339=DIRECTION('',(0.E0,0.E0,1.E0));
#1340=AXIS2_PLACEMENT_3D('',#1337,#1338,#1339);
#1341=PLANE('',#1340);
#1342=ORIENTED_EDGE('',*,*,#1326,.F.);
#1343=ORIENTED_EDGE('',*,*,#1297,.F.);
#1345=ORIENTED_EDGE('',*,*,#1344,.F.);
#1347=ORIENTED_EDGE('',*,*,#1346,.T.);
#1348=EDGE_LOOP('',(#1342,#1343,#1345,#1347));
#1349=FACE_OUTER_BOUND('',#1348,.F.);
#1351=CARTESIAN_POINT('',(-3.075E1,0.E0,-1.91E1));
#1352=DIRECTION('',(-1.E0,0.E0,0.E0));
#1353=DIRECTION('',(0.E0,0.E0,1.E0));
#1354=AXIS2_PLACEMENT_3D('',#1351,#1352,#1353);
#1355=PLANE('',#1354);
#1357=ORIENTED_EDGE('',*,*,#1356,.T.);
#1359=ORIENTED_EDGE('',*,*,#1358,.T.);
#1361=ORIENTED_EDGE('',*,*,#1360,.F.);
#1362=ORIENTED_EDGE('',*,*,#1281,.F.);
#1363=EDGE_LOOP('',(#1357,#1359,#1361,#1362));
#1364=FACE_OUTER_BOUND('',#1363,.F.);
#1366=CARTESIAN_POINT('',(-3.025E1,1.84288E1,-1.86E1));
#1367=DIRECTION('',(0.E0,-1.E0,0.E0));
#1368=DIRECTION('',(-1.E0,0.E0,0.E0));
#1369=AXIS2_PLACEMENT_3D('',#1366,#1367,#1368);
#1370=CYLINDRICAL_SURFACE('',#1369,5.E-1);
#1371=ORIENTED_EDGE('',*,*,#1295,.T.);
#1373=ORIENTED_EDGE('',*,*,#1372,.F.);
#1375=ORIENTED_EDGE('',*,*,#1374,.T.);
#1376=ORIENTED_EDGE('',*,*,#1344,.T.);
#1377=EDGE_LOOP('',(#1371,#1373,#1375,#1376));
#1378=FACE_OUTER_BOUND('',#1377,.F.);
#1380=CARTESIAN_POINT('',(3.075E1,0.E0,-1.91E1));
#1381=DIRECTION('',(0.E0,0.E0,-1.E0));
#1382=DIRECTION('',(-1.E0,0.E0,0.E0));
#1383=AXIS2_PLACEMENT_3D('',#1380,#1381,#1382);
#1384=PLANE('',#1383);
#1386=ORIENTED_EDGE('',*,*,#1385,.F.);
#1388=ORIENTED_EDGE('',*,*,#1387,.T.);
#1389=ORIENTED_EDGE('',*,*,#1372,.T.);
#1390=ORIENTED_EDGE('',*,*,#1293,.F.);
#1391=EDGE_LOOP('',(#1386,#1388,#1389,#1390));
#1392=FACE_OUTER_BOUND('',#1391,.F.);
#1394=CARTESIAN_POINT('',(3.025E1,1.84288E1,-1.86E1));
#1395=DIRECTION('',(0.E0,-1.E0,0.E0));
#1396=DIRECTION('',(0.E0,0.E0,-1.E0));
#1397=AXIS2_PLACEMENT_3D('',#1394,#1395,#1396);
#1398=CYLINDRICAL_SURFACE('',#1397,5.E-1);
#1399=ORIENTED_EDGE('',*,*,#1291,.T.);
#1401=ORIENTED_EDGE('',*,*,#1400,.F.);
#1403=ORIENTED_EDGE('',*,*,#1402,.T.);
#1404=ORIENTED_EDGE('',*,*,#1385,.T.);
#1405=EDGE_LOOP('',(#1399,#1401,#1403,#1404));
#1406=FACE_OUTER_BOUND('',#1405,.F.);
#1408=CARTESIAN_POINT('',(3.075E1,0.E0,1.91E1));
#1409=DIRECTION('',(1.E0,0.E0,0.E0));
#1410=DIRECTION('',(0.E0,0.E0,-1.E0));
#1411=AXIS2_PLACEMENT_3D('',#1408,#1409,#1410);
#1412=PLANE('',#1411);
#1414=ORIENTED_EDGE('',*,*,#1413,.F.);
#1416=ORIENTED_EDGE('',*,*,#1415,.T.);
#1417=ORIENTED_EDGE('',*,*,#1400,.T.);
#1418=ORIENTED_EDGE('',*,*,#1289,.F.);
#1419=EDGE_LOOP('',(#1414,#1416,#1417,#1418));
#1420=FACE_OUTER_BOUND('',#1419,.F.);
#1422=CARTESIAN_POINT('',(3.025E1,1.84288E1,1.86E1));
#1423=DIRECTION('',(0.E0,-1.E0,0.E0));
#1424=DIRECTION('',(1.E0,0.E0,0.E0));
#1425=AXIS2_PLACEMENT_3D('',#1422,#1423,#1424);
#1426=CYLINDRICAL_SURFACE('',#1425,5.E-1);
#1427=ORIENTED_EDGE('',*,*,#1287,.T.);
#1429=ORIENTED_EDGE('',*,*,#1428,.F.);
#1431=ORIENTED_EDGE('',*,*,#1430,.T.);
#1432=ORIENTED_EDGE('',*,*,#1413,.T.);
#1433=EDGE_LOOP('',(#1427,#1429,#1431,#1432));
#1434=FACE_OUTER_BOUND('',#1433,.F.);
#1436=CARTESIAN_POINT('',(-3.075E1,0.E0,1.91E1));
#1437=DIRECTION('',(0.E0,0.E0,1.E0));
#1438=DIRECTION('',(1.E0,0.E0,0.E0));
#1439=AXIS2_PLACEMENT_3D('',#1436,#1437,#1438);
#1440=PLANE('',#1439);
#1441=ORIENTED_EDGE('',*,*,#1428,.T.);
#1442=ORIENTED_EDGE('',*,*,#1285,.F.);
#1444=ORIENTED_EDGE('',*,*,#1443,.T.);
#1446=ORIENTED_EDGE('',*,*,#1445,.T.);
#1447=EDGE_LOOP('',(#1441,#1442,#1444,#1446));
#1448=FACE_OUTER_BOUND('',#1447,.F.);
#1450=CARTESIAN_POINT('',(-3.025E1,-1.04288E1,1.86E1));
#1451=DIRECTION('',(0.E0,1.E0,0.E0));
#1452=DIRECTION('',(-1.E0,0.E0,0.E0));
#1453=AXIS2_PLACEMENT_3D('',#1450,#1451,#1452);
#1454=CYLINDRICAL_SURFACE('',#1453,5.E-1);
#1456=ORIENTED_EDGE('',*,*,#1455,.T.);
#1457=ORIENTED_EDGE('',*,*,#1443,.F.);
#1458=ORIENTED_EDGE('',*,*,#1283,.T.);
#1459=ORIENTED_EDGE('',*,*,#1360,.T.);
#1460=EDGE_LOOP('',(#1456,#1457,#1458,#1459));
#1461=FACE_OUTER_BOUND('',#1460,.F.);
#1463=CARTESIAN_POINT('',(0.E0,1.5E0,0.E0));
#1464=DIRECTION('',(0.E0,1.E0,0.E0));
#1465=DIRECTION('',(1.E0,0.E0,0.E0));
#1466=AXIS2_PLACEMENT_3D('',#1463,#1464,#1465);
#1467=PLANE('',#1466);
#1469=ORIENTED_EDGE('',*,*,#1468,.F.);
#1471=ORIENTED_EDGE('',*,*,#1470,.F.);
#1473=ORIENTED_EDGE('',*,*,#1472,.T.);
#1475=ORIENTED_EDGE('',*,*,#1474,.F.);
#1477=ORIENTED_EDGE('',*,*,#1476,.T.);
#1479=ORIENTED_EDGE('',*,*,#1478,.F.);
#1481=ORIENTED_EDGE('',*,*,#1480,.F.);
#1483=ORIENTED_EDGE('',*,*,#1482,.F.);
#1484=ORIENTED_EDGE('',*,*,#1328,.F.);
#1485=ORIENTED_EDGE('',*,*,#1346,.F.);
#1486=ORIENTED_EDGE('',*,*,#1374,.F.);
#1487=ORIENTED_EDGE('',*,*,#1387,.F.);
#1488=ORIENTED_EDGE('',*,*,#1402,.F.);
#1489=ORIENTED_EDGE('',*,*,#1415,.F.);
#1490=ORIENTED_EDGE('',*,*,#1430,.F.);
#1491=ORIENTED_EDGE('',*,*,#1445,.F.);
#1492=ORIENTED_EDGE('',*,*,#1455,.F.);
#1493=ORIENTED_EDGE('',*,*,#1358,.F.);
#1495=ORIENTED_EDGE('',*,*,#1494,.T.);
#1497=ORIENTED_EDGE('',*,*,#1496,.F.);
#1499=ORIENTED_EDGE('',*,*,#1498,.F.);
#1501=ORIENTED_EDGE('',*,*,#1500,.T.);
#1503=ORIENTED_EDGE('',*,*,#1502,.F.);
#1505=ORIENTED_EDGE('',*,*,#1504,.T.);
#1507=ORIENTED_EDGE('',*,*,#1506,.T.);
#1509=ORIENTED_EDGE('',*,*,#1508,.T.);
#1511=ORIENTED_EDGE('',*,*,#1510,.F.);
#1513=ORIENTED_EDGE('',*,*,#1512,.T.);
#1514=EDGE_LOOP('',(#1469,#1471,#1473,#1475,#1477,#1479,#1481,#1483,#1484,#1485,
#1486,#1487,#1488,#1489,#1490,#1491,#1492,#1493,#1495,#1497,#1499,#1501,#1503,
#1505,#1507,#1509,#1511,#1513));
#1515=FACE_OUTER_BOUND('',#1514,.F.);
#1517=CARTESIAN_POINT('',(-2.975E1,1.E0,-1.81E1));
#1518=DIRECTION('',(0.E0,0.E0,1.E0));
#1519=DIRECTION('',(1.E0,0.E0,0.E0));
#1520=AXIS2_PLACEMENT_3D('',#1517,#1518,#1519);
#1521=PLANE('',#1520);
#1523=ORIENTED_EDGE('',*,*,#1522,.T.);
#1524=ORIENTED_EDGE('',*,*,#1468,.T.);
#1526=ORIENTED_EDGE('',*,*,#1525,.F.);
#1528=ORIENTED_EDGE('',*,*,#1527,.F.);
#1530=ORIENTED_EDGE('',*,*,#1529,.F.);
#1531=EDGE_LOOP('',(#1523,#1524,#1526,#1528,#1530));
#1532=FACE_OUTER_BOUND('',#1531,.F.);
#1534=CARTESIAN_POINT('',(-2.975E1,1.E0,-1.81E1));
#1535=DIRECTION('',(0.E0,0.E0,1.E0));
#1536=DIRECTION('',(1.E0,0.E0,0.E0));
#1537=AXIS2_PLACEMENT_3D('',#1534,#1535,#1536);
#1538=PLANE('',#1537);
#1540=ORIENTED_EDGE('',*,*,#1539,.T.);
#1542=ORIENTED_EDGE('',*,*,#1541,.F.);
#1544=ORIENTED_EDGE('',*,*,#1543,.T.);
#1545=ORIENTED_EDGE('',*,*,#1480,.T.);
#1546=EDGE_LOOP('',(#1540,#1542,#1544,#1545));
#1547=FACE_OUTER_BOUND('',#1546,.F.);
#1549=CARTESIAN_POINT('',(1.02E1,-1.27324E1,-1.79E1));
#1550=DIRECTION('',(0.E0,1.E0,0.E0));
#1551=DIRECTION('',(0.E0,0.E0,-1.E0));
#1552=AXIS2_PLACEMENT_3D('',#1549,#1550,#1551);
#1553=CYLINDRICAL_SURFACE('',#1552,2.E-1);
#1554=ORIENTED_EDGE('',*,*,#1522,.F.);
#1556=ORIENTED_EDGE('',*,*,#1555,.F.);
#1558=ORIENTED_EDGE('',*,*,#1557,.T.);
#1559=ORIENTED_EDGE('',*,*,#1470,.T.);
#1560=EDGE_LOOP('',(#1554,#1556,#1558,#1559));
#1561=FACE_OUTER_BOUND('',#1560,.F.);
#1563=CARTESIAN_POINT('',(1.02E1,1.2E0,6.889752E1));
#1564=DIRECTION('',(0.E0,0.E0,-1.E0));
#1565=DIRECTION('',(0.E0,-1.E0,0.E0));
#1566=AXIS2_PLACEMENT_3D('',#1563,#1564,#1565);
#1567=CYLINDRICAL_SURFACE('',#1566,2.E-1);
#1569=ORIENTED_EDGE('',*,*,#1568,.F.);
#1571=ORIENTED_EDGE('',*,*,#1570,.F.);
#1573=ORIENTED_EDGE('',*,*,#1572,.T.);
#1574=ORIENTED_EDGE('',*,*,#1555,.T.);
#1575=EDGE_LOOP('',(#1569,#1571,#1573,#1574));
#1576=FACE_OUTER_BOUND('',#1575,.F.);
#1578=CARTESIAN_POINT('',(0.E0,1.E0,0.E0));
#1579=DIRECTION('',(0.E0,1.E0,0.E0));
#1580=DIRECTION('',(1.E0,0.E0,0.E0));
#1581=AXIS2_PLACEMENT_3D('',#1578,#1579,#1580);
#1582=PLANE('',#1581);
#1584=ORIENTED_EDGE('',*,*,#1583,.T.);
#1585=ORIENTED_EDGE('',*,*,#1568,.T.);
#1586=ORIENTED_EDGE('',*,*,#1529,.T.);
#1588=ORIENTED_EDGE('',*,*,#1587,.T.);
#1590=ORIENTED_EDGE('',*,*,#1589,.F.);
#1592=ORIENTED_EDGE('',*,*,#1591,.F.);
#1594=ORIENTED_EDGE('',*,*,#1593,.T.);
#1596=ORIENTED_EDGE('',*,*,#1595,.T.);
#1598=ORIENTED_EDGE('',*,*,#1597,.T.);
#1600=ORIENTED_EDGE('',*,*,#1599,.T.);
#1602=ORIENTED_EDGE('',*,*,#1601,.T.);
#1604=ORIENTED_EDGE('',*,*,#1603,.T.);
#1606=ORIENTED_EDGE('',*,*,#1605,.T.);
#1608=ORIENTED_EDGE('',*,*,#1607,.T.);
#1610=ORIENTED_EDGE('',*,*,#1609,.T.);
#1611=ORIENTED_EDGE('',*,*,#1311,.T.);
#1612=ORIENTED_EDGE('',*,*,#1332,.F.);
#1614=ORIENTED_EDGE('',*,*,#1613,.T.);
#1615=ORIENTED_EDGE('',*,*,#1541,.T.);
#1617=ORIENTED_EDGE('',*,*,#1616,.T.);
#1618=EDGE_LOOP('',(#1584,#1585,#1586,#1588,#1590,#1592,#1594,#1596,#1598,#1600,
#1602,#1604,#1606,#1608,#1610,#1611,#1612,#1614,#1615,#1617));
#1619=FACE_OUTER_BOUND('',#1618,.F.);
#1621=CARTESIAN_POINT('',(-1.109214E2,1.2E0,-1.7E1));
#1622=DIRECTION('',(1.E0,0.E0,0.E0));
#1623=DIRECTION('',(0.E0,-1.E0,0.E0));
#1624=AXIS2_PLACEMENT_3D('',#1621,#1622,#1623);
#1625=CYLINDRICAL_SURFACE('',#1624,2.E-1);
#1626=ORIENTED_EDGE('',*,*,#1583,.F.);
#1628=ORIENTED_EDGE('',*,*,#1627,.F.);
#1630=ORIENTED_EDGE('',*,*,#1629,.T.);
#1631=ORIENTED_EDGE('',*,*,#1570,.T.);
#1632=EDGE_LOOP('',(#1626,#1628,#1630,#1631));
#1633=FACE_OUTER_BOUND('',#1632,.F.);
#1635=CARTESIAN_POINT('',(-1.02E1,1.2E0,-6.889752E1));
#1636=DIRECTION('',(0.E0,0.E0,1.E0));
#1637=DIRECTION('',(0.E0,-1.E0,0.E0));
#1638=AXIS2_PLACEMENT_3D('',#1635,#1636,#1637);
#1639=CYLINDRICAL_SURFACE('',#1638,2.E-1);
#1640=ORIENTED_EDGE('',*,*,#1616,.F.);
#1642=ORIENTED_EDGE('',*,*,#1641,.T.);
#1644=ORIENTED_EDGE('',*,*,#1643,.T.);
#1645=ORIENTED_EDGE('',*,*,#1627,.T.);
#1646=EDGE_LOOP('',(#1640,#1642,#1644,#1645));
#1647=FACE_OUTER_BOUND('',#1646,.F.);
#1649=CARTESIAN_POINT('',(-1.02E1,1.97324E1,-1.79E1));
#1650=DIRECTION('',(0.E0,-1.E0,0.E0));
#1651=DIRECTION('',(0.E0,0.E0,-1.E0));
#1652=AXIS2_PLACEMENT_3D('',#1649,#1650,#1651);
#1653=CYLINDRICAL_SURFACE('',#1652,2.E-1);
#1655=ORIENTED_EDGE('',*,*,#1654,.T.);
#1656=ORIENTED_EDGE('',*,*,#1641,.F.);
#1657=ORIENTED_EDGE('',*,*,#1539,.F.);
#1658=ORIENTED_EDGE('',*,*,#1478,.T.);
#1659=EDGE_LOOP('',(#1655,#1656,#1657,#1658));
#1660=FACE_OUTER_BOUND('',#1659,.F.);
#1662=CARTESIAN_POINT('',(-1.E1,0.E0,0.E0));
#1663=DIRECTION('',(1.E0,0.E0,0.E0));
#1664=DIRECTION('',(0.E0,0.E0,-1.E0));
#1665=AXIS2_PLACEMENT_3D('',#1662,#1663,#1664);
#1666=PLANE('',#1665);
#1668=ORIENTED_EDGE('',*,*,#1667,.F.);
#1670=ORIENTED_EDGE('',*,*,#1669,.T.);
#1672=ORIENTED_EDGE('',*,*,#1671,.F.);
#1674=ORIENTED_EDGE('',*,*,#1673,.T.);
#1675=ORIENTED_EDGE('',*,*,#1643,.F.);
#1676=ORIENTED_EDGE('',*,*,#1654,.F.);
#1677=ORIENTED_EDGE('',*,*,#1476,.F.);
#1679=ORIENTED_EDGE('',*,*,#1678,.T.);
#1681=ORIENTED_EDGE('',*,*,#1680,.F.);
#1683=ORIENTED_EDGE('',*,*,#1682,.T.);
#1684=EDGE_LOOP('',(#1668,#1670,#1672,#1674,#1675,#1676,#1677,#1679,#1681,
#1683));
#1685=FACE_OUTER_BOUND('',#1684,.F.);
#1687=CARTESIAN_POINT('',(-5.E0,-1.27324E1,-1.442558653010E1));
#1688=DIRECTION('',(0.E0,1.E0,0.E0));
#1689=DIRECTION('',(-1.E0,0.E0,0.E0));
#1690=AXIS2_PLACEMENT_3D('',#1687,#1688,#1689);
#1691=CYLINDRICAL_SURFACE('',#1690,5.E0);
#1693=ORIENTED_EDGE('',*,*,#1692,.T.);
#1695=ORIENTED_EDGE('',*,*,#1694,.F.);
#1697=ORIENTED_EDGE('',*,*,#1696,.T.);
#1698=ORIENTED_EDGE('',*,*,#1667,.T.);
#1699=EDGE_LOOP('',(#1693,#1695,#1697,#1698));
#1700=FACE_OUTER_BOUND('',#1699,.F.);
#1702=CARTESIAN_POINT('',(2.975E1,8.E0,-1.82E1));
#1703=DIRECTION('',(0.E0,1.E0,0.E0));
#1704=DIRECTION('',(-1.E0,0.E0,0.E0));
#1705=AXIS2_PLACEMENT_3D('',#1702,#1703,#1704);
#1706=PLANE('',#1705);
#1708=ORIENTED_EDGE('',*,*,#1707,.F.);
#1710=ORIENTED_EDGE('',*,*,#1709,.F.);
#1712=ORIENTED_EDGE('',*,*,#1711,.F.);
#1714=ORIENTED_EDGE('',*,*,#1713,.T.);
#1716=ORIENTED_EDGE('',*,*,#1715,.F.);
#1718=ORIENTED_EDGE('',*,*,#1717,.F.);
#1719=ORIENTED_EDGE('',*,*,#1692,.F.);
#1720=ORIENTED_EDGE('',*,*,#1682,.F.);
#1722=ORIENTED_EDGE('',*,*,#1721,.F.);
#1724=ORIENTED_EDGE('',*,*,#1723,.T.);
#1726=ORIENTED_EDGE('',*,*,#1725,.F.);
#1728=ORIENTED_EDGE('',*,*,#1727,.F.);
#1730=ORIENTED_EDGE('',*,*,#1729,.F.);
#1732=ORIENTED_EDGE('',*,*,#1731,.F.);
#1733=EDGE_LOOP('',(#1708,#1710,#1712,#1714,#1716,#1718,#1719,#1720,#1722,#1724,
#1726,#1728,#1730,#1732));
#1734=FACE_OUTER_BOUND('',#1733,.F.);
#1736=CARTESIAN_POINT('',(2.675E1,-1.27324E1,-1.52E1));
#1737=DIRECTION('',(0.E0,1.E0,0.E0));
#1738=DIRECTION('',(0.E0,0.E0,-1.E0));
#1739=AXIS2_PLACEMENT_3D('',#1736,#1737,#1738);
#1740=CYLINDRICAL_SURFACE('',#1739,3.E0);
#1741=ORIENTED_EDGE('',*,*,#1707,.T.);
#1743=ORIENTED_EDGE('',*,*,#1742,.F.);
#1745=ORIENTED_EDGE('',*,*,#1744,.T.);
#1747=ORIENTED_EDGE('',*,*,#1746,.T.);
#1748=EDGE_LOOP('',(#1741,#1743,#1745,#1747));
#1749=FACE_OUTER_BOUND('',#1748,.F.);
#1751=CARTESIAN_POINT('',(2.375E1,8.E0,-1.82E1));
#1752=DIRECTION('',(-1.E0,0.E0,0.E0));
#1753=DIRECTION('',(0.E0,-1.E0,0.E0));
#1754=AXIS2_PLACEMENT_3D('',#1751,#1752,#1753);
#1755=PLANE('',#1754);
#1756=ORIENTED_EDGE('',*,*,#1742,.T.);
#1757=ORIENTED_EDGE('',*,*,#1731,.T.);
#1759=ORIENTED_EDGE('',*,*,#1758,.T.);
#1761=ORIENTED_EDGE('',*,*,#1760,.F.);
#1762=EDGE_LOOP('',(#1756,#1757,#1759,#1761));
#1763=FACE_OUTER_BOUND('',#1762,.F.);
#1765=CARTESIAN_POINT('',(2.275E1,1.97324E1,-2.061413602316E0));
#1766=DIRECTION('',(0.E0,-1.E0,0.E0));
#1767=DIRECTION('',(1.E0,0.E0,0.E0));
#1768=AXIS2_PLACEMENT_3D('',#1765,#1766,#1767);
#1769=CYLINDRICAL_SURFACE('',#1768,1.E0);
#1770=ORIENTED_EDGE('',*,*,#1758,.F.);
#1771=ORIENTED_EDGE('',*,*,#1729,.T.);
#1773=ORIENTED_EDGE('',*,*,#1772,.T.);
#1775=ORIENTED_EDGE('',*,*,#1774,.T.);
#1776=EDGE_LOOP('',(#1770,#1771,#1773,#1775));
#1777=FACE_OUTER_BOUND('',#1776,.F.);
#1779=CARTESIAN_POINT('',(2.375E1,8.E0,1.851851851852E-1));
#1780=DIRECTION('',(6.692687560243E-1,0.E0,-7.430204117046E-1));
#1781=DIRECTION('',(-7.430204117046E-1,0.E0,-6.692687560243E-1));
#1782=AXIS2_PLACEMENT_3D('',#1779,#1780,#1781);
#1783=PLANE('',#1782);
#1784=ORIENTED_EDGE('',*,*,#1772,.F.);
#1785=ORIENTED_EDGE('',*,*,#1727,.T.);
#1787=ORIENTED_EDGE('',*,*,#1786,.F.);
#1789=ORIENTED_EDGE('',*,*,#1788,.F.);
#1790=EDGE_LOOP('',(#1784,#1785,#1787,#1789));
#1791=FACE_OUTER_BOUND('',#1790,.F.);
#1793=CARTESIAN_POINT('',(1.5E1,-1.27324E1,-1.442558653010E1));
#1794=DIRECTION('',(0.E0,1.E0,0.E0));
#1795=DIRECTION('',(-1.E0,0.E0,0.E0));
#1796=AXIS2_PLACEMENT_3D('',#1793,#1794,#1795);
#1797=CYLINDRICAL_SURFACE('',#1796,5.E0);
#1799=ORIENTED_EDGE('',*,*,#1798,.F.);
#1801=ORIENTED_EDGE('',*,*,#1800,.T.);
#1802=ORIENTED_EDGE('',*,*,#1786,.T.);
#1803=ORIENTED_EDGE('',*,*,#1725,.T.);
#1804=EDGE_LOOP('',(#1799,#1801,#1802,#1803));
#1805=FACE_OUTER_BOUND('',#1804,.F.);
#1807=CARTESIAN_POINT('',(1.E1,0.E0,0.E0));
#1808=DIRECTION('',(1.E0,0.E0,0.E0));
#1809=DIRECTION('',(0.E0,0.E0,-1.E0));
#1810=AXIS2_PLACEMENT_3D('',#1807,#1808,#1809);
#1811=PLANE('',#1810);
#1812=ORIENTED_EDGE('',*,*,#1798,.T.);
#1813=ORIENTED_EDGE('',*,*,#1723,.F.);
#1815=ORIENTED_EDGE('',*,*,#1814,.F.);
#1817=ORIENTED_EDGE('',*,*,#1816,.F.);
#1818=ORIENTED_EDGE('',*,*,#1472,.F.);
#1819=ORIENTED_EDGE('',*,*,#1557,.F.);
#1820=ORIENTED_EDGE('',*,*,#1572,.F.);
#1822=ORIENTED_EDGE('',*,*,#1821,.F.);
#1824=ORIENTED_EDGE('',*,*,#1823,.F.);
#1826=ORIENTED_EDGE('',*,*,#1825,.F.);
#1827=EDGE_LOOP('',(#1812,#1813,#1815,#1817,#1818,#1819,#1820,#1822,#1824,
#1826));
#1828=FACE_OUTER_BOUND('',#1827,.F.);
#1830=CARTESIAN_POINT('',(1.109214E2,7.E0,-1.72E1));
#1831=DIRECTION('',(-1.E0,0.E0,0.E0));
#1832=DIRECTION('',(0.E0,1.E0,0.E0));
#1833=AXIS2_PLACEMENT_3D('',#1830,#1831,#1832);
#1834=CYLINDRICAL_SURFACE('',#1833,1.E0);
#1835=ORIENTED_EDGE('',*,*,#1680,.T.);
#1837=ORIENTED_EDGE('',*,*,#1836,.F.);
#1838=ORIENTED_EDGE('',*,*,#1814,.T.);
#1839=ORIENTED_EDGE('',*,*,#1721,.T.);
#1840=EDGE_LOOP('',(#1835,#1837,#1838,#1839));
#1841=FACE_OUTER_BOUND('',#1840,.F.);
#1843=CARTESIAN_POINT('',(-1.E1,1.E0,-1.82E1));
#1844=DIRECTION('',(0.E0,0.E0,-1.E0));
#1845=DIRECTION('',(0.E0,1.E0,0.E0));
#1846=AXIS2_PLACEMENT_3D('',#1843,#1844,#1845);
#1847=PLANE('',#1846);
#1848=ORIENTED_EDGE('',*,*,#1836,.T.);
#1849=ORIENTED_EDGE('',*,*,#1678,.F.);
#1850=ORIENTED_EDGE('',*,*,#1474,.T.);
#1851=ORIENTED_EDGE('',*,*,#1816,.T.);
#1852=EDGE_LOOP('',(#1848,#1849,#1850,#1851));
#1853=FACE_OUTER_BOUND('',#1852,.F.);
#1855=CARTESIAN_POINT('',(-1.E1,7.E0,-1.72E1));
#1856=DIRECTION('',(0.E0,0.E0,1.E0));
#1857=DIRECTION('',(0.E0,-1.E0,0.E0));
#1858=AXIS2_PLACEMENT_3D('',#1855,#1856,#1857);
#1859=PLANE('',#1858);
#1860=ORIENTED_EDGE('',*,*,#1629,.F.);
#1861=ORIENTED_EDGE('',*,*,#1673,.F.);
#1863=ORIENTED_EDGE('',*,*,#1862,.T.);
#1864=ORIENTED_EDGE('',*,*,#1821,.T.);
#1865=EDGE_LOOP('',(#1860,#1861,#1863,#1864));
#1866=FACE_OUTER_BOUND('',#1865,.F.);
#1868=CARTESIAN_POINT('',(-1.109214E2,6.8E0,-1.7E1));
#1869=DIRECTION('',(1.E0,0.E0,0.E0));
#1870=DIRECTION('',(0.E0,0.E0,-1.E0));
#1871=AXIS2_PLACEMENT_3D('',#1868,#1869,#1870);
#1872=CYLINDRICAL_SURFACE('',#1871,2.E-1);
#1873=ORIENTED_EDGE('',*,*,#1862,.F.);
#1874=ORIENTED_EDGE('',*,*,#1671,.T.);
#1876=ORIENTED_EDGE('',*,*,#1875,.T.);
#1877=ORIENTED_EDGE('',*,*,#1823,.T.);
#1878=EDGE_LOOP('',(#1873,#1874,#1876,#1877));
#1879=FACE_OUTER_BOUND('',#1878,.F.);
#1881=CARTESIAN_POINT('',(2.375E1,7.E0,-1.82E1));
#1882=DIRECTION('',(0.E0,-1.E0,0.E0));
#1883=DIRECTION('',(1.E0,0.E0,0.E0));
#1884=AXIS2_PLACEMENT_3D('',#1881,#1882,#1883);
#1885=PLANE('',#1884);
#1886=ORIENTED_EDGE('',*,*,#1744,.F.);
#1887=ORIENTED_EDGE('',*,*,#1760,.T.);
#1888=ORIENTED_EDGE('',*,*,#1774,.F.);
#1889=ORIENTED_EDGE('',*,*,#1788,.T.);
#1890=ORIENTED_EDGE('',*,*,#1800,.F.);
#1891=ORIENTED_EDGE('',*,*,#1825,.T.);
#1892=ORIENTED_EDGE('',*,*,#1875,.F.);
#1893=ORIENTED_EDGE('',*,*,#1669,.F.);
#1894=ORIENTED_EDGE('',*,*,#1696,.F.);
#1896=ORIENTED_EDGE('',*,*,#1895,.T.);
#1898=ORIENTED_EDGE('',*,*,#1897,.F.);
#1900=ORIENTED_EDGE('',*,*,#1899,.T.);
#1902=ORIENTED_EDGE('',*,*,#1901,.F.);
#1904=ORIENTED_EDGE('',*,*,#1903,.F.);
#1905=EDGE_LOOP('',(#1886,#1887,#1888,#1889,#1890,#1891,#1892,#1893,#1894,#1896,
#1898,#1900,#1902,#1904));
#1906=FACE_OUTER_BOUND('',#1905,.F.);
#1908=CARTESIAN_POINT('',(-1.E1,8.E0,-1.22E1));
#1909=DIRECTION('',(-6.692687560243E-1,0.E0,7.430204117046E-1));
#1910=DIRECTION('',(7.430204117046E-1,0.E0,6.692687560243E-1));
#1911=AXIS2_PLACEMENT_3D('',#1908,#1909,#1910);
#1912=PLANE('',#1911);
#1914=ORIENTED_EDGE('',*,*,#1913,.T.);
#1915=ORIENTED_EDGE('',*,*,#1895,.F.);
#1916=ORIENTED_EDGE('',*,*,#1694,.T.);
#1917=ORIENTED_EDGE('',*,*,#1717,.T.);
#1918=EDGE_LOOP('',(#1914,#1915,#1916,#1917));
#1919=FACE_OUTER_BOUND('',#1918,.F.);
#1921=CARTESIAN_POINT('',(2.566985346680E1,1.97324E1,1.32E1));
#1922=DIRECTION('',(0.E0,-1.E0,0.E0));
#1923=DIRECTION('',(0.E0,0.E0,1.E0));
#1924=AXIS2_PLACEMENT_3D('',#1921,#1922,#1923);
#1925=CYLINDRICAL_SURFACE('',#1924,5.E0);
#1926=ORIENTED_EDGE('',*,*,#1897,.T.);
#1927=ORIENTED_EDGE('',*,*,#1913,.F.);
#1928=ORIENTED_EDGE('',*,*,#1715,.T.);
#1930=ORIENTED_EDGE('',*,*,#1929,.T.);
#1931=EDGE_LOOP('',(#1926,#1927,#1928,#1930));
#1932=FACE_OUTER_BOUND('',#1931,.F.);
#1934=CARTESIAN_POINT('',(0.E0,0.E0,1.82E1));
#1935=DIRECTION('',(0.E0,0.E0,1.E0));
#1936=DIRECTION('',(1.E0,0.E0,0.E0));
#1937=AXIS2_PLACEMENT_3D('',#1934,#1935,#1936);
#1938=PLANE('',#1937);
#1939=ORIENTED_EDGE('',*,*,#1929,.F.);
#1940=ORIENTED_EDGE('',*,*,#1713,.F.);
#1942=ORIENTED_EDGE('',*,*,#1941,.F.);
#1944=ORIENTED_EDGE('',*,*,#1943,.F.);
#1945=ORIENTED_EDGE('',*,*,#1502,.T.);
#1947=ORIENTED_EDGE('',*,*,#1946,.F.);
#1949=ORIENTED_EDGE('',*,*,#1948,.F.);
#1951=ORIENTED_EDGE('',*,*,#1950,.F.);
#1952=ORIENTED_EDGE('',*,*,#1899,.F.);
#1953=EDGE_LOOP('',(#1939,#1940,#1942,#1944,#1945,#1947,#1949,#1951,#1952));
#1954=FACE_OUTER_BOUND('',#1953,.F.);
#1956=CARTESIAN_POINT('',(2.875E1,7.E0,6.889752E1));
#1957=DIRECTION('',(0.E0,0.E0,-1.E0));
#1958=DIRECTION('',(0.E0,1.E0,0.E0));
#1959=AXIS2_PLACEMENT_3D('',#1956,#1957,#1958);
#1960=CYLINDRICAL_SURFACE('',#1959,1.E0);
#1962=ORIENTED_EDGE('',*,*,#1961,.T.);
#1964=ORIENTED_EDGE('',*,*,#1963,.F.);
#1965=ORIENTED_EDGE('',*,*,#1941,.T.);
#1966=ORIENTED_EDGE('',*,*,#1711,.T.);
#1967=EDGE_LOOP('',(#1962,#1964,#1965,#1966));
#1968=FACE_OUTER_BOUND('',#1967,.F.);
#1970=CARTESIAN_POINT('',(0.E0,0.E0,-1.82E1));
#1971=DIRECTION('',(0.E0,0.E0,1.E0));
#1972=DIRECTION('',(1.E0,0.E0,0.E0));
#1973=AXIS2_PLACEMENT_3D('',#1970,#1971,#1972);
#1974=PLANE('',#1973);
#1975=ORIENTED_EDGE('',*,*,#1746,.F.);
#1976=ORIENTED_EDGE('',*,*,#1903,.T.);
#1978=ORIENTED_EDGE('',*,*,#1977,.F.);
#1980=ORIENTED_EDGE('',*,*,#1979,.T.);
#1981=ORIENTED_EDGE('',*,*,#1510,.T.);
#1983=ORIENTED_EDGE('',*,*,#1982,.T.);
#1984=ORIENTED_EDGE('',*,*,#1961,.F.);
#1985=ORIENTED_EDGE('',*,*,#1709,.T.);
#1986=EDGE_LOOP('',(#1975,#1976,#1978,#1980,#1981,#1983,#1984,#1985));
#1987=FACE_OUTER_BOUND('',#1986,.F.);
#1989=CARTESIAN_POINT('',(2.755E1,6.8E0,-6.889752E1));
#1990=DIRECTION('',(0.E0,0.E0,1.E0));
#1991=DIRECTION('',(1.E0,0.E0,0.E0));
#1992=AXIS2_PLACEMENT_3D('',#1989,#1990,#1991);
#1993=CYLINDRICAL_SURFACE('',#1992,2.E-1);
#1995=ORIENTED_EDGE('',*,*,#1994,.F.);
#1996=ORIENTED_EDGE('',*,*,#1977,.T.);
#1997=ORIENTED_EDGE('',*,*,#1901,.T.);
#1998=ORIENTED_EDGE('',*,*,#1950,.T.);
#1999=EDGE_LOOP('',(#1995,#1996,#1997,#1998));
#2000=FACE_OUTER_BOUND('',#1999,.F.);
#2002=CARTESIAN_POINT('',(2.775E1,7.E0,-1.82E1));
#2003=DIRECTION('',(-1.E0,0.E0,0.E0));
#2004=DIRECTION('',(0.E0,-1.E0,0.E0));
#2005=AXIS2_PLACEMENT_3D('',#2002,#2003,#2004);
#2006=PLANE('',#2005);
#2008=ORIENTED_EDGE('',*,*,#2007,.F.);
#2010=ORIENTED_EDGE('',*,*,#2009,.F.);
#2012=ORIENTED_EDGE('',*,*,#2011,.F.);
#2014=ORIENTED_EDGE('',*,*,#2013,.T.);
#2016=ORIENTED_EDGE('',*,*,#2015,.F.);
#2018=ORIENTED_EDGE('',*,*,#2017,.F.);
#2020=ORIENTED_EDGE('',*,*,#2019,.F.);
#2021=ORIENTED_EDGE('',*,*,#1525,.T.);
#2022=ORIENTED_EDGE('',*,*,#1512,.F.);
#2023=ORIENTED_EDGE('',*,*,#1979,.F.);
#2024=ORIENTED_EDGE('',*,*,#1994,.T.);
#2025=ORIENTED_EDGE('',*,*,#1948,.T.);
#2026=EDGE_LOOP('',(#2008,#2010,#2012,#2014,#2016,#2018,#2020,#2021,#2022,#2023,
#2024,#2025));
#2027=FACE_OUTER_BOUND('',#2026,.F.);
#2029=CARTESIAN_POINT('',(2.755E1,1.7E0,-6.889752E1));
#2030=DIRECTION('',(0.E0,0.E0,1.E0));
#2031=DIRECTION('',(0.E0,-1.E0,0.E0));
#2032=AXIS2_PLACEMENT_3D('',#2029,#2030,#2031);
#2033=CYLINDRICAL_SURFACE('',#2032,2.E-1);
#2034=ORIENTED_EDGE('',*,*,#1500,.F.);
#2036=ORIENTED_EDGE('',*,*,#2035,.T.);
#2037=ORIENTED_EDGE('',*,*,#2007,.T.);
#2038=ORIENTED_EDGE('',*,*,#1946,.T.);
#2039=EDGE_LOOP('',(#2034,#2036,#2037,#2038));
#2040=FACE_OUTER_BOUND('',#2039,.F.);
#2042=CARTESIAN_POINT('',(2.975E1,1.E0,1.81E1));
#2043=DIRECTION('',(0.E0,0.E0,-1.E0));
#2044=DIRECTION('',(-1.E0,0.E0,0.E0));
#2045=AXIS2_PLACEMENT_3D('',#2042,#2043,#2044);
#2046=PLANE('',#2045);
#2047=ORIENTED_EDGE('',*,*,#2009,.T.);
#2048=ORIENTED_EDGE('',*,*,#2035,.F.);
#2049=ORIENTED_EDGE('',*,*,#1498,.T.);
#2051=ORIENTED_EDGE('',*,*,#2050,.F.);
#2052=ORIENTED_EDGE('',*,*,#1597,.F.);
#2054=ORIENTED_EDGE('',*,*,#2053,.F.);
#2055=EDGE_LOOP('',(#2047,#2048,#2049,#2051,#2052,#2054));
#2056=FACE_OUTER_BOUND('',#2055,.F.);
#2058=CARTESIAN_POINT('',(-2.975E1,1.E0,1.81E1));
#2059=DIRECTION('',(1.E0,0.E0,0.E0));
#2060=DIRECTION('',(0.E0,0.E0,-1.E0));
#2061=AXIS2_PLACEMENT_3D('',#2058,#2059,#2060);
#2062=PLANE('',#2061);
#2063=ORIENTED_EDGE('',*,*,#1330,.T.);
#2064=ORIENTED_EDGE('',*,*,#1482,.T.);
#2065=ORIENTED_EDGE('',*,*,#1543,.F.);
#2066=ORIENTED_EDGE('',*,*,#1613,.F.);
#2067=EDGE_LOOP('',(#2063,#2064,#2065,#2066));
#2068=FACE_OUTER_BOUND('',#2067,.F.);
#2070=CARTESIAN_POINT('',(-2.975E1,1.E0,1.81E1));
#2071=DIRECTION('',(1.E0,0.E0,0.E0));
#2072=DIRECTION('',(0.E0,0.E0,-1.E0));
#2073=AXIS2_PLACEMENT_3D('',#2070,#2071,#2072);
#2074=PLANE('',#2073);
#2076=ORIENTED_EDGE('',*,*,#2075,.F.);
#2077=ORIENTED_EDGE('',*,*,#1599,.F.);
#2078=ORIENTED_EDGE('',*,*,#2050,.T.);
#2079=ORIENTED_EDGE('',*,*,#1496,.T.);
#2080=EDGE_LOOP('',(#2076,#2077,#2078,#2079));
#2081=FACE_OUTER_BOUND('',#2080,.F.);
#2083=CARTESIAN_POINT('',(-3.075E1,0.E0,7.E0));
#2084=DIRECTION('',(0.E0,0.E0,1.E0));
#2085=DIRECTION('',(1.E0,0.E0,0.E0));
#2086=AXIS2_PLACEMENT_3D('',#2083,#2084,#2085);
#2087=PLANE('',#2086);
#2089=ORIENTED_EDGE('',*,*,#2088,.F.);
#2090=ORIENTED_EDGE('',*,*,#1601,.F.);
#2091=ORIENTED_EDGE('',*,*,#2075,.T.);
#2092=ORIENTED_EDGE('',*,*,#1494,.F.);
#2093=ORIENTED_EDGE('',*,*,#1356,.F.);
#2094=ORIENTED_EDGE('',*,*,#1279,.T.);
#2095=EDGE_LOOP('',(#2089,#2090,#2091,#2092,#2093,#2094));
#2096=FACE_OUTER_BOUND('',#2095,.F.);
#2098=CARTESIAN_POINT('',(-2.525E1,-1.27324E1,6.5E0));
#2099=DIRECTION('',(0.E0,1.E0,0.E0));
#2100=DIRECTION('',(1.E0,0.E0,0.E0));
#2101=AXIS2_PLACEMENT_3D('',#2098,#2099,#2100);
#2102=CYLINDRICAL_SURFACE('',#2101,5.E-1);
#2104=ORIENTED_EDGE('',*,*,#2103,.T.);
#2105=ORIENTED_EDGE('',*,*,#1603,.F.);
#2106=ORIENTED_EDGE('',*,*,#2088,.T.);
#2107=ORIENTED_EDGE('',*,*,#1277,.F.);
#2108=EDGE_LOOP('',(#2104,#2105,#2106,#2107));
#2109=FACE_OUTER_BOUND('',#2108,.F.);
#2111=CARTESIAN_POINT('',(0.E0,0.E0,6.E0));
#2112=DIRECTION('',(0.E0,0.E0,1.E0));
#2113=DIRECTION('',(-1.E0,0.E0,0.E0));
#2114=AXIS2_PLACEMENT_3D('',#2111,#2112,#2113);
#2115=PLANE('',#2114);
#2117=ORIENTED_EDGE('',*,*,#2116,.F.);
#2119=ORIENTED_EDGE('',*,*,#2118,.F.);
#2121=ORIENTED_EDGE('',*,*,#2120,.F.);
#2123=ORIENTED_EDGE('',*,*,#2122,.F.);
#2125=ORIENTED_EDGE('',*,*,#2124,.F.);
#2126=ORIENTED_EDGE('',*,*,#1605,.F.);
#2127=ORIENTED_EDGE('',*,*,#2103,.F.);
#2128=ORIENTED_EDGE('',*,*,#1275,.F.);
#2130=ORIENTED_EDGE('',*,*,#2129,.F.);
#2132=ORIENTED_EDGE('',*,*,#2131,.F.);
#2134=ORIENTED_EDGE('',*,*,#2133,.F.);
#2136=ORIENTED_EDGE('',*,*,#2135,.F.);
#2138=ORIENTED_EDGE('',*,*,#2137,.F.);
#2140=ORIENTED_EDGE('',*,*,#2139,.F.);
#2142=ORIENTED_EDGE('',*,*,#2141,.F.);
#2144=ORIENTED_EDGE('',*,*,#2143,.F.);
#2146=ORIENTED_EDGE('',*,*,#2145,.F.);
#2148=ORIENTED_EDGE('',*,*,#2147,.F.);
#2149=EDGE_LOOP('',(#2117,#2119,#2121,#2123,#2125,#2126,#2127,#2128,#2130,#2132,
#2134,#2136,#2138,#2140,#2142,#2144,#2146,#2148));
#2150=FACE_OUTER_BOUND('',#2149,.F.);
#2152=CARTESIAN_POINT('',(-3.025E1,2.65E0,-1.421085471520E-14));
#2153=DIRECTION('',(-4.472135955E-1,8.944271909999E-1,0.E0));
#2154=DIRECTION('',(8.944271909999E-1,4.472135955E-1,0.E0));
#2155=AXIS2_PLACEMENT_3D('',#2152,#2153,#2154);
#2156=PLANE('',#2155);
#2158=ORIENTED_EDGE('',*,*,#2157,.T.);
#2160=ORIENTED_EDGE('',*,*,#2159,.F.);
#2161=ORIENTED_EDGE('',*,*,#2116,.T.);
#2163=ORIENTED_EDGE('',*,*,#2162,.T.);
#2164=EDGE_LOOP('',(#2158,#2160,#2161,#2163));
#2165=FACE_OUTER_BOUND('',#2164,.F.);
#2167=CARTESIAN_POINT('',(0.E0,0.E0,-6.E0));
#2168=DIRECTION('',(0.E0,0.E0,1.E0));
#2169=DIRECTION('',(-1.E0,0.E0,0.E0));
#2170=AXIS2_PLACEMENT_3D('',#2167,#2168,#2169);
#2171=PLANE('',#2170);
#2172=ORIENTED_EDGE('',*,*,#2157,.F.);
#2174=ORIENTED_EDGE('',*,*,#2173,.T.);
#2176=ORIENTED_EDGE('',*,*,#2175,.T.);
#2178=ORIENTED_EDGE('',*,*,#2177,.T.);
#2180=ORIENTED_EDGE('',*,*,#2179,.T.);
#2182=ORIENTED_EDGE('',*,*,#2181,.T.);
#2184=ORIENTED_EDGE('',*,*,#2183,.F.);
#2186=ORIENTED_EDGE('',*,*,#2185,.T.);
#2188=ORIENTED_EDGE('',*,*,#2187,.T.);
#2190=ORIENTED_EDGE('',*,*,#2189,.T.);
#2192=ORIENTED_EDGE('',*,*,#2191,.T.);
#2193=ORIENTED_EDGE('',*,*,#1271,.T.);
#2194=ORIENTED_EDGE('',*,*,#1313,.F.);
#2195=ORIENTED_EDGE('',*,*,#1609,.F.);
#2197=ORIENTED_EDGE('',*,*,#2196,.F.);
#2199=ORIENTED_EDGE('',*,*,#2198,.T.);
#2201=ORIENTED_EDGE('',*,*,#2200,.T.);
#2203=ORIENTED_EDGE('',*,*,#2202,.T.);
#2204=EDGE_LOOP('',(#2172,#2174,#2176,#2178,#2180,#2182,#2184,#2186,#2188,#2190,
#2192,#2193,#2194,#2195,#2197,#2199,#2201,#2203));
#2205=FACE_OUTER_BOUND('',#2204,.F.);
#2207=CARTESIAN_POINT('',(-3.075E1,2.9E0,-6.E0));
#2208=DIRECTION('',(-1.E0,0.E0,0.E0));
#2209=DIRECTION('',(0.E0,-1.E0,0.E0));
#2210=AXIS2_PLACEMENT_3D('',#2207,#2208,#2209);
#2211=PLANE('',#2210);
#2212=ORIENTED_EDGE('',*,*,#2162,.F.);
#2213=ORIENTED_EDGE('',*,*,#2147,.T.);
#2215=ORIENTED_EDGE('',*,*,#2214,.F.);
#2216=ORIENTED_EDGE('',*,*,#2173,.F.);
#2217=EDGE_LOOP('',(#2212,#2213,#2215,#2216));
#2218=FACE_OUTER_BOUND('',#2217,.F.);
#2220=CARTESIAN_POINT('',(-3.075E1,2.E0,-6.E0));
#2221=DIRECTION('',(0.E0,-1.E0,0.E0));
#2222=DIRECTION('',(1.E0,0.E0,0.E0));
#2223=AXIS2_PLACEMENT_3D('',#2220,#2221,#2222);
#2224=PLANE('',#2223);
#2225=ORIENTED_EDGE('',*,*,#2175,.F.);
#2226=ORIENTED_EDGE('',*,*,#2214,.T.);
#2227=ORIENTED_EDGE('',*,*,#2145,.T.);
#2229=ORIENTED_EDGE('',*,*,#2228,.F.);
#2230=EDGE_LOOP('',(#2225,#2226,#2227,#2229));
#2231=FACE_OUTER_BOUND('',#2230,.F.);
#2233=CARTESIAN_POINT('',(-2.975E1,2.E0,-6.E0));
#2234=DIRECTION('',(-1.E0,0.E0,0.E0));
#2235=DIRECTION('',(0.E0,-1.E0,0.E0));
#2236=AXIS2_PLACEMENT_3D('',#2233,#2234,#2235);
#2237=PLANE('',#2236);
#2238=ORIENTED_EDGE('',*,*,#2177,.F.);
#2239=ORIENTED_EDGE('',*,*,#2228,.T.);
#2240=ORIENTED_EDGE('',*,*,#2143,.T.);
#2242=ORIENTED_EDGE('',*,*,#2241,.F.);
#2243=EDGE_LOOP('',(#2238,#2239,#2240,#2242));
#2244=FACE_OUTER_BOUND('',#2243,.F.);
#2246=CARTESIAN_POINT('',(-2.975E1,0.E0,-6.E0));
#2247=DIRECTION('',(0.E0,1.E0,0.E0));
#2248=DIRECTION('',(-1.E0,0.E0,0.E0));
#2249=AXIS2_PLACEMENT_3D('',#2246,#2247,#2248);
#2250=PLANE('',#2249);
#2251=ORIENTED_EDGE('',*,*,#2179,.F.);
#2252=ORIENTED_EDGE('',*,*,#2241,.T.);
#2253=ORIENTED_EDGE('',*,*,#2141,.T.);
#2255=ORIENTED_EDGE('',*,*,#2254,.F.);
#2256=EDGE_LOOP('',(#2251,#2252,#2253,#2255));
#2257=FACE_OUTER_BOUND('',#2256,.F.);
#2259=CARTESIAN_POINT('',(-3.025E1,0.E0,-6.E0));
#2260=DIRECTION('',(-1.E0,0.E0,0.E0));
#2261=DIRECTION('',(0.E0,-1.E0,0.E0));
#2262=AXIS2_PLACEMENT_3D('',#2259,#2260,#2261);
#2263=PLANE('',#2262);
#2264=ORIENTED_EDGE('',*,*,#2181,.F.);
#2265=ORIENTED_EDGE('',*,*,#2254,.T.);
#2266=ORIENTED_EDGE('',*,*,#2139,.T.);
#2268=ORIENTED_EDGE('',*,*,#2267,.F.);
#2269=EDGE_LOOP('',(#2264,#2265,#2266,#2268));
#2270=FACE_OUTER_BOUND('',#2269,.F.);
#2272=CARTESIAN_POINT('',(-2.975E1,-1.E0,-6.E0));
#2273=DIRECTION('',(0.E0,-1.E0,0.E0));
#2274=DIRECTION('',(1.E0,0.E0,0.E0));
#2275=AXIS2_PLACEMENT_3D('',#2272,#2273,#2274);
#2276=PLANE('',#2275);
#2277=ORIENTED_EDGE('',*,*,#2183,.T.);
#2278=ORIENTED_EDGE('',*,*,#2267,.T.);
#2279=ORIENTED_EDGE('',*,*,#2137,.T.);
#2281=ORIENTED_EDGE('',*,*,#2280,.F.);
#2282=EDGE_LOOP('',(#2277,#2278,#2279,#2281));
#2283=FACE_OUTER_BOUND('',#2282,.F.);
#2285=CARTESIAN_POINT('',(-2.875E1,-1.E0,-6.E0));
#2286=DIRECTION('',(1.E0,0.E0,0.E0));
#2287=DIRECTION('',(0.E0,1.E0,0.E0));
#2288=AXIS2_PLACEMENT_3D('',#2285,#2286,#2287);
#2289=PLANE('',#2288);
#2290=ORIENTED_EDGE('',*,*,#2185,.F.);
#2291=ORIENTED_EDGE('',*,*,#2280,.T.);
#2292=ORIENTED_EDGE('',*,*,#2135,.T.);
#2294=ORIENTED_EDGE('',*,*,#2293,.F.);
#2295=EDGE_LOOP('',(#2290,#2291,#2292,#2294));
#2296=FACE_OUTER_BOUND('',#2295,.F.);
#2298=CARTESIAN_POINT('',(-2.875E1,2.768347502413E0,-6.E0));
#2299=DIRECTION('',(9.659258262891E-1,-2.588190451025E-1,0.E0));
#2300=DIRECTION('',(2.588190451025E-1,9.659258262891E-1,0.E0));
#2301=AXIS2_PLACEMENT_3D('',#2298,#2299,#2300);
#2302=PLANE('',#2301);
#2303=ORIENTED_EDGE('',*,*,#2187,.F.);
#2304=ORIENTED_EDGE('',*,*,#2293,.T.);
#2305=ORIENTED_EDGE('',*,*,#2133,.T.);
#2307=ORIENTED_EDGE('',*,*,#2306,.F.);
#2308=EDGE_LOOP('',(#2303,#2304,#2305,#2307));
#2309=FACE_OUTER_BOUND('',#2308,.F.);
#2311=CARTESIAN_POINT('',(-2.747422579384E1,6.815064061335E0,-6.E0));
#2312=DIRECTION('',(0.E0,0.E0,1.E0));
#2313=DIRECTION('',(-1.E0,0.E0,0.E0));
#2314=AXIS2_PLACEMENT_3D('',#2311,#2312,#2313);
#2315=CYLINDRICAL_SURFACE('',#2314,1.849359386655E-1);
#2316=ORIENTED_EDGE('',*,*,#2189,.F.);
#2317=ORIENTED_EDGE('',*,*,#2306,.T.);
#2318=ORIENTED_EDGE('',*,*,#2131,.T.);
#2320=ORIENTED_EDGE('',*,*,#2319,.F.);
#2321=EDGE_LOOP('',(#2316,#2317,#2318,#2320));
#2322=FACE_OUTER_BOUND('',#2321,.F.);
#2324=CARTESIAN_POINT('',(-2.729559139447E1,6.862929004385E0,-6.E0));
#2325=DIRECTION('',(-9.659258262891E-1,-2.588190451025E-1,0.E0));
#2326=DIRECTION('',(2.588190451025E-1,-9.659258262891E-1,0.E0));
#2327=AXIS2_PLACEMENT_3D('',#2324,#2325,#2326);
#2328=PLANE('',#2327);
#2329=ORIENTED_EDGE('',*,*,#2191,.F.);
#2330=ORIENTED_EDGE('',*,*,#2319,.T.);
#2331=ORIENTED_EDGE('',*,*,#2129,.T.);
#2332=ORIENTED_EDGE('',*,*,#1273,.F.);
#2333=EDGE_LOOP('',(#2329,#2330,#2331,#2332));
#2334=FACE_OUTER_BOUND('',#2333,.F.);
#2336=CARTESIAN_POINT('',(-2.430568462807E1,1.5E0,6.889752E1));
#2337=DIRECTION('',(0.E0,0.E0,-1.E0));
#2338=DIRECTION('',(0.E0,-1.E0,0.E0));
#2339=AXIS2_PLACEMENT_3D('',#2336,#2337,#2338);
#2340=CYLINDRICAL_SURFACE('',#2339,5.E-1);
#2341=ORIENTED_EDGE('',*,*,#1607,.F.);
#2342=ORIENTED_EDGE('',*,*,#2124,.T.);
#2344=ORIENTED_EDGE('',*,*,#2343,.T.);
#2345=ORIENTED_EDGE('',*,*,#2196,.T.);
#2346=EDGE_LOOP('',(#2341,#2342,#2344,#2345));
#2347=FACE_OUTER_BOUND('',#2346,.F.);
#2349=CARTESIAN_POINT('',(-2.475E1,1.226355890065E0,-6.E0));
#2350=DIRECTION('',(9.659258262891E-1,2.588190451025E-1,0.E0));
#2351=DIRECTION('',(-2.588190451025E-1,9.659258262891E-1,0.E0));
#2352=AXIS2_PLACEMENT_3D('',#2349,#2350,#2351);
#2353=PLANE('',#2352);
#2354=ORIENTED_EDGE('',*,*,#2343,.F.);
#2355=ORIENTED_EDGE('',*,*,#2122,.T.);
#2357=ORIENTED_EDGE('',*,*,#2356,.F.);
#2358=ORIENTED_EDGE('',*,*,#2198,.F.);
#2359=EDGE_LOOP('',(#2354,#2355,#2357,#2358));
#2360=FACE_OUTER_BOUND('',#2359,.F.);
#2362=CARTESIAN_POINT('',(-2.747422579384E1,6.815064061335E0,-6.E0));
#2363=DIRECTION('',(0.E0,0.E0,1.E0));
#2364=DIRECTION('',(-1.E0,0.E0,0.E0));
#2365=AXIS2_PLACEMENT_3D('',#2362,#2363,#2364);
#2366=CYLINDRICAL_SURFACE('',#2365,1.184935938665E0);
#2367=ORIENTED_EDGE('',*,*,#2200,.F.);
#2368=ORIENTED_EDGE('',*,*,#2356,.T.);
#2369=ORIENTED_EDGE('',*,*,#2120,.T.);
#2371=ORIENTED_EDGE('',*,*,#2370,.F.);
#2372=EDGE_LOOP('',(#2367,#2368,#2369,#2371));
#2373=FACE_OUTER_BOUND('',#2372,.F.);
#2375=CARTESIAN_POINT('',(-2.861878601949E1,7.121748049488E0,-6.E0));
#2376=DIRECTION('',(-9.659258262891E-1,2.588190451025E-1,0.E0));
#2377=DIRECTION('',(-2.588190451025E-1,-9.659258262891E-1,0.E0));
#2378=AXIS2_PLACEMENT_3D('',#2375,#2376,#2377);
#2379=PLANE('',#2378);
#2380=ORIENTED_EDGE('',*,*,#2159,.T.);
#2381=ORIENTED_EDGE('',*,*,#2202,.F.);
#2382=ORIENTED_EDGE('',*,*,#2370,.T.);
#2383=ORIENTED_EDGE('',*,*,#2118,.T.);
#2384=EDGE_LOOP('',(#2380,#2381,#2382,#2383));
#2385=FACE_OUTER_BOUND('',#2384,.F.);
#2387=CARTESIAN_POINT('',(2.755E1,1.2E0,-6.889752E1));
#2388=DIRECTION('',(0.E0,0.E0,1.E0));
#2389=DIRECTION('',(0.E0,-1.E0,0.E0));
#2390=AXIS2_PLACEMENT_3D('',#2387,#2388,#2389);
#2391=CYLINDRICAL_SURFACE('',#2390,2.E-1);
#2393=ORIENTED_EDGE('',*,*,#2392,.T.);
#2394=ORIENTED_EDGE('',*,*,#2011,.T.);
#2395=ORIENTED_EDGE('',*,*,#2053,.T.);
#2396=ORIENTED_EDGE('',*,*,#1595,.F.);
#2397=EDGE_LOOP('',(#2393,#2394,#2395,#2396));
#2398=FACE_OUTER_BOUND('',#2397,.F.);
#2400=CARTESIAN_POINT('',(2.755E1,1.2E0,-6.889752E1));
#2401=DIRECTION('',(0.E0,0.E0,1.E0));
#2402=DIRECTION('',(0.E0,-1.E0,0.E0));
#2403=AXIS2_PLACEMENT_3D('',#2400,#2401,#2402);
#2404=CYLINDRICAL_SURFACE('',#2403,2.E-1);
#2406=ORIENTED_EDGE('',*,*,#2405,.F.);
#2407=ORIENTED_EDGE('',*,*,#1587,.F.);
#2408=ORIENTED_EDGE('',*,*,#1527,.T.);
#2409=ORIENTED_EDGE('',*,*,#2019,.T.);
#2410=EDGE_LOOP('',(#2406,#2407,#2408,#2409));
#2411=FACE_OUTER_BOUND('',#2410,.F.);
#2413=CARTESIAN_POINT('',(2.975E1,2.4E0,5.5E0));
#2414=DIRECTION('',(0.E0,0.E0,1.E0));
#2415=DIRECTION('',(0.E0,-1.E0,0.E0));
#2416=AXIS2_PLACEMENT_3D('',#2413,#2414,#2415);
#2417=PLANE('',#2416);
#2419=ORIENTED_EDGE('',*,*,#2418,.T.);
#2421=ORIENTED_EDGE('',*,*,#2420,.T.);
#2422=ORIENTED_EDGE('',*,*,#2013,.F.);
#2423=ORIENTED_EDGE('',*,*,#2392,.F.);
#2424=ORIENTED_EDGE('',*,*,#1593,.F.);
#2426=ORIENTED_EDGE('',*,*,#2425,.F.);
#2427=EDGE_LOOP('',(#2419,#2421,#2422,#2423,#2424,#2426));
#2428=FACE_OUTER_BOUND('',#2427,.F.);
#2430=CARTESIAN_POINT('',(2.975E1,1.E0,-1.82E1));
#2431=DIRECTION('',(1.E0,0.E0,0.E0));
#2432=DIRECTION('',(0.E0,1.E0,0.E0));
#2433=AXIS2_PLACEMENT_3D('',#2430,#2431,#2432);
#2434=PLANE('',#2433);
#2435=ORIENTED_EDGE('',*,*,#2418,.F.);
#2436=ORIENTED_EDGE('',*,*,#1504,.F.);
#2437=ORIENTED_EDGE('',*,*,#1943,.T.);
#2438=ORIENTED_EDGE('',*,*,#1963,.T.);
#2439=ORIENTED_EDGE('',*,*,#1982,.F.);
#2440=ORIENTED_EDGE('',*,*,#1508,.F.);
#2442=ORIENTED_EDGE('',*,*,#2441,.T.);
#2444=ORIENTED_EDGE('',*,*,#2443,.T.);
#2445=EDGE_LOOP('',(#2435,#2436,#2437,#2438,#2439,#2440,#2442,#2444));
#2446=FACE_OUTER_BOUND('',#2445,.F.);
#2448=CARTESIAN_POINT('',(2.975E1,1.E0,-5.5E0));
#2449=DIRECTION('',(0.E0,0.E0,-1.E0));
#2450=DIRECTION('',(0.E0,1.E0,0.E0));
#2451=AXIS2_PLACEMENT_3D('',#2448,#2449,#2450);
#2452=PLANE('',#2451);
#2453=ORIENTED_EDGE('',*,*,#2441,.F.);
#2455=ORIENTED_EDGE('',*,*,#2454,.F.);
#2456=ORIENTED_EDGE('',*,*,#1589,.T.);
#2457=ORIENTED_EDGE('',*,*,#2405,.T.);
#2458=ORIENTED_EDGE('',*,*,#2017,.T.);
#2460=ORIENTED_EDGE('',*,*,#2459,.F.);
#2461=EDGE_LOOP('',(#2453,#2455,#2456,#2457,#2458,#2460));
#2462=FACE_OUTER_BOUND('',#2461,.F.);
#2464=CARTESIAN_POINT('',(2.975E1,0.E0,-1.82E1));
#2465=DIRECTION('',(1.E0,0.E0,0.E0));
#2466=DIRECTION('',(0.E0,0.E0,-1.E0));
#2467=AXIS2_PLACEMENT_3D('',#2464,#2465,#2466);
#2468=PLANE('',#2467);
#2469=ORIENTED_EDGE('',*,*,#1506,.F.);
#2470=ORIENTED_EDGE('',*,*,#2425,.T.);
#2471=ORIENTED_EDGE('',*,*,#1591,.T.);
#2472=ORIENTED_EDGE('',*,*,#2454,.T.);
#2473=EDGE_LOOP('',(#2469,#2470,#2471,#2472));
#2474=FACE_OUTER_BOUND('',#2473,.F.);
#2476=CARTESIAN_POINT('',(2.975E1,2.4E0,-5.5E0));
#2477=DIRECTION('',(0.E0,1.E0,0.E0));
#2478=DIRECTION('',(0.E0,0.E0,1.E0));
#2479=AXIS2_PLACEMENT_3D('',#2476,#2477,#2478);
#2480=PLANE('',#2479);
#2481=ORIENTED_EDGE('',*,*,#2443,.F.);
#2482=ORIENTED_EDGE('',*,*,#2459,.T.);
#2483=ORIENTED_EDGE('',*,*,#2015,.T.);
#2484=ORIENTED_EDGE('',*,*,#2420,.F.);
#2485=EDGE_LOOP('',(#2481,#2482,#2483,#2484));
#2486=FACE_OUTER_BOUND('',#2485,.F.);
#2492=PLANE_ANGLE_MEASURE_WITH_UNIT(PLANE_ANGLE_MEASURE(1.745329251994E-2),
#2491);
#2493=(CONVERSION_BASED_UNIT('DEGREE',#2492)NAMED_UNIT(*)PLANE_ANGLE_UNIT());
#2495=UNCERTAINTY_MEASURE_WITH_UNIT(LENGTH_MEASURE(7.295247911700E-3),#2490,
'distance_accuracy_value',
'Maximum model space distance between geometric entities at asserted connectivities');
#2498=APPLICATION_CONTEXT('automotive_design');
#2499=APPLICATION_PROTOCOL_DEFINITION('international standard',
'automotive_design',2001,#2498);
#2500=PRODUCT_DEFINITION_CONTEXT('part definition',#2498,'design');
#2501=PRODUCT_CONTEXT('',#2498,'mechanical');
#2502=PRODUCT('BATTCOVER','BATTCOVER','NOT SPECIFIED',(#2501));
#2503=PRODUCT_DEFINITION_FORMATION('10','LAST_VERSION',#2502);
#2511=DERIVED_UNIT_ELEMENT(#2510,2.E0);
#2512=DERIVED_UNIT((#2511));
#2513=MEASURE_REPRESENTATION_ITEM('surface area measure',AREA_MEASURE(
7.547094696099E3),#2512);
#2518=DERIVED_UNIT_ELEMENT(#2517,3.E0);
#2519=DERIVED_UNIT((#2518));
#2520=MEASURE_REPRESENTATION_ITEM('volume measure',VOLUME_MEASURE(
3.852324635589E3),#2519);
#2524=CARTESIAN_POINT('centre point',(4.817568026680E0,2.554359721082E0,
-1.091988466149E0));
#2529=DERIVED_UNIT_ELEMENT(#2528,2.E0);
#2530=DERIVED_UNIT((#2529));
#2531=MEASURE_REPRESENTATION_ITEM('surface area measure',AREA_MEASURE(
7.547094696099E3),#2530);
#2536=DERIVED_UNIT_ELEMENT(#2535,3.E0);
#2537=DERIVED_UNIT((#2536));
#2538=MEASURE_REPRESENTATION_ITEM('volume measure',VOLUME_MEASURE(
3.852324635589E3),#2537);
#2542=CARTESIAN_POINT('centre point',(4.817568026680E0,2.554359721082E0,
-1.091988466149E0));
#2547=PRODUCT_RELATED_PRODUCT_CATEGORY('part','',(#2502));
#1=COLOUR_RGB('',0.E0,0.E0,6.E-1);
#2=COLOUR_RGB('',0.E0,0.E0,8.E-1);
#3=DRAUGHTING_PRE_DEFINED_COLOUR('blue');
#4=COLOUR_RGB('',0.E0,2.2E-1,0.E0);
#5=COLOUR_RGB('',0.E0,4.E-1,0.E0);
#6=COLOUR_RGB('',0.E0,6.E-1,0.E0);
#7=COLOUR_RGB('',0.E0,8.E-1,0.E0);
#8=DRAUGHTING_PRE_DEFINED_COLOUR('green');
#9=DRAUGHTING_PRE_DEFINED_COLOUR('cyan');
#10=COLOUR_RGB('',4.E-2,4.E-2,4.E-2);
#11=COLOUR_RGB('',1.26263E-1,1.26263E-1,1.26263E-1);
#12=COLOUR_RGB('',2.E-1,0.E0,0.E0);
#13=COLOUR_RGB('',2.E-1,2.E-1,0.E0);
#14=COLOUR_RGB('',2.E-1,2.E-1,1.E0);
#15=COLOUR_RGB('',2.E-1,1.E0,2.E-1);
#16=COLOUR_RGB('',3.1E-1,5.2E-1,1.4E-1);
#17=COLOUR_RGB('',3.1E-1,1.E0,1.E0);
#18=COLOUR_RGB('',3.58586E-1,3.58586E-1,3.58586E-1);
#19=COLOUR_RGB('',4.E-1,0.E0,0.E0);
#20=COLOUR_RGB('',4.E-1,4.E-1,0.E0);
#21=COLOUR_RGB('',4.E-1,4.E-1,1.E0);
#22=COLOUR_RGB('',4.E-1,1.E0,4.E-1);
#23=COLOUR_RGB('',4.24242E-1,3.1784E-1,1.97123E-1);
#24=COLOUR_RGB('',5.15152E-1,5.15152E-1,5.15152E-1);
#25=COLOUR_RGB('',6.E-1,0.E0,0.E0);
#26=COLOUR_RGB('',6.E-1,6.E-1,0.E0);
#27=COLOUR_RGB('',6.E-1,6.E-1,1.E0);
#28=COLOUR_RGB('',6.E-1,1.E0,6.E-1);
#29=COLOUR_RGB('',6.22737E-1,6.66098E-1,9.84848E-1);
#30=COLOUR_RGB('',6.35294E-1,6.86275E-1,7.4902E-1);
#31=COLOUR_RGB('',6.81818E-1,5.10814E-1,3.16804E-1);
#32=COLOUR_RGB('',7.E-1,1.E0,1.E0);
#33=COLOUR_RGB('',7.0202E-1,7.0202E-1,7.0202E-1);
#34=COLOUR_RGB('',8.E-1,0.E0,0.E0);
#35=COLOUR_RGB('',8.E-1,8.E-1,1.E0);
#36=COLOUR_RGB('',8.E-1,9.2E-1,0.E0);
#37=COLOUR_RGB('',8.E-1,1.E0,8.E-1);
#38=COLOUR_RGB('',8.23232E-1,6.16761E-1,3.82512E-1);
#39=COLOUR_RGB('',9.E-1,4.1E-1,4.1E-1);
#40=COLOUR_RGB('',9.E-1,6.E-1,4.1E-1);
#41=COLOUR_RGB('',9.84848E-1,9.84848E-1,9.84848E-1);
#42=DRAUGHTING_PRE_DEFINED_COLOUR('red');
#43=DRAUGHTING_PRE_DEFINED_COLOUR('magenta');
#44=COLOUR_RGB('',1.E0,2.E-1,2.E-1);
#45=COLOUR_RGB('',1.E0,4.E-1,4.E-1);
#46=COLOUR_RGB('',1.E0,6.E-1,6.E-1);
#47=COLOUR_RGB('',1.E0,8.E-1,8.E-1);
#48=DRAUGHTING_PRE_DEFINED_COLOUR('yellow');
#49=COLOUR_RGB('',1.E0,1.E0,3.E-1);
#50=COLOUR_RGB('',1.E0,1.E0,5.E-1);
#51=DRAUGHTING_PRE_DEFINED_COLOUR('white');
#56=CIRCLE('',#55,5.E-1);
#65=CIRCLE('',#64,5.E-1);
#78=CIRCLE('',#77,5.E-1);
#87=CIRCLE('',#86,5.E-1);
#96=CIRCLE('',#95,5.E-1);
#105=CIRCLE('',#104,5.E-1);
#194=CIRCLE('',#193,5.E-1);
#203=CIRCLE('',#202,5.E-1);
#212=CIRCLE('',#211,5.E-1);
#221=CIRCLE('',#220,5.E-1);
#274=CIRCLE('',#273,2.E-1);
#291=B_SPLINE_CURVE_WITH_KNOTS('',3,(#283,#284,#285,#286,#287,#288,#289,#290),
.UNSPECIFIED.,.F.,.F.,(4,1,1,1,1,4),(0.E0,2.E-1,4.E-1,6.E-1,8.E-1,1.E0),
.UNSPECIFIED.);
#296=CIRCLE('',#295,2.E-1);
#305=B_SPLINE_CURVE_WITH_KNOTS('',3,(#297,#298,#299,#300,#301,#302,#303,#304),
.UNSPECIFIED.,.F.,.F.,(4,1,1,1,1,4),(0.E0,2.E-1,4.E-1,6.E-1,8.E-1,1.E0),
.UNSPECIFIED.);
#346=CIRCLE('',#345,5.E-1);
#363=CIRCLE('',#362,5.E-1);
#388=B_SPLINE_CURVE_WITH_KNOTS('',3,(#380,#381,#382,#383,#384,#385,#386,#387),
.UNSPECIFIED.,.F.,.F.,(4,1,1,1,1,4),(0.E0,2.E-1,4.E-1,6.E-1,8.E-1,1.E0),
.UNSPECIFIED.);
#397=B_SPLINE_CURVE_WITH_KNOTS('',3,(#389,#390,#391,#392,#393,#394,#395,#396),
.UNSPECIFIED.,.F.,.F.,(4,1,1,1,1,4),(0.E0,2.E-1,4.E-1,6.E-1,8.E-1,1.E0),
.UNSPECIFIED.);
#402=CIRCLE('',#401,2.E-1);
#431=CIRCLE('',#430,1.E0);
#440=CIRCLE('',#439,3.E0);
#449=CIRCLE('',#448,5.E0);
#458=CIRCLE('',#457,5.E0);
#483=CIRCLE('',#482,1.E0);
#488=CIRCLE('',#487,1.E0);
#501=CIRCLE('',#500,5.E0);
#506=CIRCLE('',#505,5.E0);
#519=CIRCLE('',#518,1.E0);
#556=CIRCLE('',#555,2.E-1);
#561=CIRCLE('',#560,2.E-1);
#566=CIRCLE('',#565,3.E0);
#583=CIRCLE('',#582,5.E0);
#592=CIRCLE('',#591,5.E0);
#617=CIRCLE('',#616,1.E0);
#654=CIRCLE('',#653,1.E0);
#663=CIRCLE('',#662,2.E-1);
#668=CIRCLE('',#667,2.E-1);
#701=CIRCLE('',#700,2.E-1);
#706=CIRCLE('',#705,2.E-1);
#715=CIRCLE('',#714,2.E-1);
#744=CIRCLE('',#743,1.184935938665E0);
#765=CIRCLE('',#764,1.849359386655E-1);
#830=CIRCLE('',#829,1.849359386655E-1);
#851=CIRCLE('',#850,1.184935938665E0);
#908=CIRCLE('',#907,5.E-1);
#913=CIRCLE('',#912,5.E-1);
#934=CIRCLE('',#933,2.E-1);
#939=CIRCLE('',#938,2.E-1);
#1269=EDGE_CURVE('',#1113,#1117,#56,.T.);
#1271=EDGE_CURVE('',#1079,#1117,#838,.T.);
#1273=EDGE_CURVE('',#1079,#1099,#60,.T.);
#1275=EDGE_CURVE('',#1099,#1120,#756,.T.);
#1277=EDGE_CURVE('',#1120,#1125,#65,.T.);
#1279=EDGE_CURVE('',#1066,#1125,#69,.T.);
#1281=EDGE_CURVE('',#1066,#1069,#73,.T.);
#1283=EDGE_CURVE('',#1027,#1069,#78,.T.);
#1285=EDGE_CURVE('',#1027,#1005,#82,.T.);
#1287=EDGE_CURVE('',#1004,#1005,#87,.T.);
#1289=EDGE_CURVE('',#1004,#1013,#91,.T.);
#1291=EDGE_CURVE('',#1012,#1013,#96,.T.);
#1293=EDGE_CURVE('',#1012,#1021,#100,.T.);
#1295=EDGE_CURVE('',#1020,#1021,#105,.T.);
#1297=EDGE_CURVE('',#1020,#1062,#109,.T.);
#1299=EDGE_CURVE('',#1062,#1113,#113,.T.);
#1303=ADVANCED_FACE('',(#1302),#1268,.F.);
#1309=EDGE_CURVE('',#1112,#1113,#117,.T.);
#1311=EDGE_CURVE('',#1116,#1112,#363,.T.);
#1313=EDGE_CURVE('',#1116,#1117,#842,.T.);
#1318=ADVANCED_FACE('',(#1317),#1308,.F.);
#1326=EDGE_CURVE('',#1062,#1063,#121,.T.);
#1328=EDGE_CURVE('',#1063,#1229,#185,.T.);
#1330=EDGE_CURVE('',#1127,#1229,#719,.T.);
#1332=EDGE_CURVE('',#1127,#1112,#367,.T.);
#1336=ADVANCED_FACE('',(#1335),#1323,.F.);
#1344=EDGE_CURVE('',#1025,#1020,#125,.T.);
#1346=EDGE_CURVE('',#1025,#1063,#189,.T.);
#1350=ADVANCED_FACE('',(#1349),#1341,.T.);
#1356=EDGE_CURVE('',#1066,#1067,#129,.T.);
#1358=EDGE_CURVE('',#1067,#1224,#225,.T.);
#1360=EDGE_CURVE('',#1069,#1224,#133,.T.);
#1365=ADVANCED_FACE('',(#1364),#1355,.T.);
#1372=EDGE_CURVE('',#1023,#1021,#141,.T.);
#1374=EDGE_CURVE('',#1023,#1025,#194,.T.);
#1379=ADVANCED_FACE('',(#1378),#1370,.T.);
#1385=EDGE_CURVE('',#1017,#1012,#137,.T.);
#1387=EDGE_CURVE('',#1017,#1023,#198,.T.);
#1393=ADVANCED_FACE('',(#1392),#1384,.T.);
#1400=EDGE_CURVE('',#1015,#1013,#149,.T.);
#1402=EDGE_CURVE('',#1015,#1017,#203,.T.);
#1407=ADVANCED_FACE('',(#1406),#1398,.T.);
#1413=EDGE_CURVE('',#1009,#1004,#145,.T.);
#1415=EDGE_CURVE('',#1009,#1015,#207,.T.);
#1421=ADVANCED_FACE('',(#1420),#1412,.T.);
#1428=EDGE_CURVE('',#1007,#1005,#153,.T.);
#1430=EDGE_CURVE('',#1007,#1009,#212,.T.);
#1435=ADVANCED_FACE('',(#1434),#1426,.T.);
#1443=EDGE_CURVE('',#1027,#1225,#157,.T.);
#1445=EDGE_CURVE('',#1225,#1007,#216,.T.);
#1449=ADVANCED_FACE('',(#1448),#1440,.T.);
#1455=EDGE_CURVE('',#1224,#1225,#221,.T.);
#1462=ADVANCED_FACE('',(#1461),#1454,.T.);
#1468=EDGE_CURVE('',#1243,#1227,#161,.T.);
#1470=EDGE_CURVE('',#1247,#1243,#296,.T.);
#1472=EDGE_CURVE('',#1247,#1165,#165,.T.);
#1474=EDGE_CURVE('',#1163,#1165,#169,.T.);
#1476=EDGE_CURVE('',#1163,#1250,#173,.T.);
#1478=EDGE_CURVE('',#1254,#1250,#402,.T.);
#1480=EDGE_CURVE('',#1217,#1254,#177,.T.);
#1482=EDGE_CURVE('',#1229,#1217,#181,.T.);
#1494=EDGE_CURVE('',#1067,#1231,#229,.T.);
#1496=EDGE_CURVE('',#1221,#1231,#233,.T.);
#1498=EDGE_CURVE('',#1258,#1221,#237,.T.);
#1500=EDGE_CURVE('',#1258,#1259,#241,.T.);
#1502=EDGE_CURVE('',#1001,#1259,#625,.T.);
#1504=EDGE_CURVE('',#1001,#1034,#245,.T.);
#1506=EDGE_CURVE('',#1034,#1038,#249,.T.);
#1508=EDGE_CURVE('',#1038,#999,#253,.T.);
#1510=EDGE_CURVE('',#989,#999,#257,.T.);
#1512=EDGE_CURVE('',#989,#1227,#261,.T.);
#1516=ADVANCED_FACE('',(#1515),#1467,.T.);
#1522=EDGE_CURVE('',#1242,#1243,#265,.T.);
#1525=EDGE_CURVE('',#1057,#1227,#269,.T.);
#1527=EDGE_CURVE('',#1053,#1057,#274,.T.);
#1529=EDGE_CURVE('',#1242,#1053,#317,.T.);
#1533=ADVANCED_FACE('',(#1532),#1521,.T.);
#1539=EDGE_CURVE('',#1254,#1255,#278,.T.);
#1541=EDGE_CURVE('',#1216,#1255,#375,.T.);
#1543=EDGE_CURVE('',#1216,#1217,#282,.T.);
#1548=ADVANCED_FACE('',(#1547),#1538,.T.);
#1555=EDGE_CURVE('',#1246,#1242,#291,.T.);
#1557=EDGE_CURVE('',#1246,#1247,#527,.T.);
#1562=ADVANCED_FACE('',(#1561),#1553,.F.);
#1568=EDGE_CURVE('',#1169,#1242,#313,.T.);
#1570=EDGE_CURVE('',#1173,#1169,#305,.T.);
#1572=EDGE_CURVE('',#1173,#1246,#531,.T.);
#1577=ADVANCED_FACE('',(#1576),#1567,.F.);
#1583=EDGE_CURVE('',#1168,#1169,#309,.T.);
#1587=EDGE_CURVE('',#1053,#1051,#321,.T.);
#1589=EDGE_CURVE('',#1031,#1051,#963,.T.);
#1591=EDGE_CURVE('',#1030,#1031,#971,.T.);
#1593=EDGE_CURVE('',#1030,#1049,#325,.T.);
#1595=EDGE_CURVE('',#1049,#1055,#329,.T.);
#1597=EDGE_CURVE('',#1055,#1220,#333,.T.);
#1599=EDGE_CURVE('',#1220,#1129,#337,.T.);
#1601=EDGE_CURVE('',#1129,#1124,#341,.T.);
#1603=EDGE_CURVE('',#1124,#1121,#346,.T.);
#1605=EDGE_CURVE('',#1121,#1132,#350,.T.);
#1607=EDGE_CURVE('',#1132,#1133,#354,.T.);
#1609=EDGE_CURVE('',#1133,#1116,#358,.T.);
#1613=EDGE_CURVE('',#1127,#1216,#371,.T.);
#1616=EDGE_CURVE('',#1255,#1168,#379,.T.);
#1620=ADVANCED_FACE('',(#1619),#1582,.T.);
#1627=EDGE_CURVE('',#1172,#1168,#388,.T.);
#1629=EDGE_CURVE('',#1172,#1173,#547,.T.);
#1634=ADVANCED_FACE('',(#1633),#1625,.F.);
#1641=EDGE_CURVE('',#1255,#1251,#397,.T.);
#1643=EDGE_CURVE('',#1251,#1172,#418,.T.);
#1648=ADVANCED_FACE('',(#1647),#1639,.F.);
#1654=EDGE_CURVE('',#1250,#1251,#422,.T.);
#1661=ADVANCED_FACE('',(#1660),#1653,.F.);
#1667=EDGE_CURVE('',#1197,#1192,#406,.T.);
#1669=EDGE_CURVE('',#1197,#1152,#410,.T.);
#1671=EDGE_CURVE('',#1148,#1152,#556,.T.);
#1673=EDGE_CURVE('',#1148,#1172,#414,.T.);
#1678=EDGE_CURVE('',#1163,#1157,#426,.T.);
#1680=EDGE_CURVE('',#1156,#1157,#431,.T.);
#1682=EDGE_CURVE('',#1156,#1192,#435,.T.);
#1686=ADVANCED_FACE('',(#1685),#1666,.F.);
#1692=EDGE_CURVE('',#1192,#1193,#458,.T.);
#1694=EDGE_CURVE('',#1195,#1193,#604,.T.);
#1696=EDGE_CURVE('',#1195,#1197,#583,.T.);
#1701=ADVANCED_FACE('',(#1700),#1691,.T.);
#1707=EDGE_CURVE('',#1208,#1209,#440,.T.);
#1709=EDGE_CURVE('',#992,#1208,#658,.T.);
#1711=EDGE_CURVE('',#997,#992,#444,.T.);
#1713=EDGE_CURVE('',#997,#1189,#612,.T.);
#1715=EDGE_CURVE('',#1187,#1189,#449,.T.);
#1717=EDGE_CURVE('',#1193,#1187,#453,.T.);
#1721=EDGE_CURVE('',#1161,#1156,#462,.T.);
#1723=EDGE_CURVE('',#1161,#1177,#514,.T.);
#1725=EDGE_CURVE('',#1181,#1177,#506,.T.);
#1727=EDGE_CURVE('',#1204,#1181,#466,.T.);
#1729=EDGE_CURVE('',#1200,#1204,#483,.T.);
#1731=EDGE_CURVE('',#1209,#1200,#474,.T.);
#1735=ADVANCED_FACE('',(#1734),#1706,.T.);
#1742=EDGE_CURVE('',#1211,#1209,#470,.T.);
#1744=EDGE_CURVE('',#1211,#1213,#566,.T.);
#1746=EDGE_CURVE('',#1213,#1208,#637,.T.);
#1750=ADVANCED_FACE('',(#1749),#1740,.T.);
#1758=EDGE_CURVE('',#1200,#1201,#478,.T.);
#1760=EDGE_CURVE('',#1211,#1201,#570,.T.);
#1764=ADVANCED_FACE('',(#1763),#1755,.T.);
#1772=EDGE_CURVE('',#1204,#1205,#492,.T.);
#1774=EDGE_CURVE('',#1205,#1201,#488,.T.);
#1778=ADVANCED_FACE('',(#1777),#1769,.F.);
#1786=EDGE_CURVE('',#1180,#1181,#496,.T.);
#1788=EDGE_CURVE('',#1205,#1180,#574,.T.);
#1792=ADVANCED_FACE('',(#1791),#1783,.T.);
#1798=EDGE_CURVE('',#1176,#1177,#510,.T.);
#1800=EDGE_CURVE('',#1176,#1180,#501,.T.);
#1806=ADVANCED_FACE('',(#1805),#1797,.F.);
#1814=EDGE_CURVE('',#1159,#1161,#519,.T.);
#1816=EDGE_CURVE('',#1165,#1159,#523,.T.);
#1821=EDGE_CURVE('',#1149,#1173,#535,.T.);
#1823=EDGE_CURVE('',#1153,#1149,#561,.T.);
#1825=EDGE_CURVE('',#1176,#1153,#539,.T.);
#1829=ADVANCED_FACE('',(#1828),#1811,.T.);
#1836=EDGE_CURVE('',#1159,#1157,#543,.T.);
#1842=ADVANCED_FACE('',(#1841),#1834,.T.);
#1854=ADVANCED_FACE('',(#1853),#1847,.T.);
#1862=EDGE_CURVE('',#1148,#1149,#551,.T.);
#1867=ADVANCED_FACE('',(#1866),#1859,.T.);
#1875=EDGE_CURVE('',#1152,#1153,#578,.T.);
#1880=ADVANCED_FACE('',(#1879),#1872,.F.);
#1895=EDGE_CURVE('',#1195,#1185,#587,.T.);
#1897=EDGE_CURVE('',#1184,#1185,#592,.T.);
#1899=EDGE_CURVE('',#1184,#987,#633,.T.);
#1901=EDGE_CURVE('',#986,#987,#596,.T.);
#1903=EDGE_CURVE('',#1213,#986,#641,.T.);
#1907=ADVANCED_FACE('',(#1906),#1885,.T.);
#1913=EDGE_CURVE('',#1187,#1185,#600,.T.);
#1920=ADVANCED_FACE('',(#1919),#1912,.T.);
#1929=EDGE_CURVE('',#1189,#1184,#608,.T.);
#1933=ADVANCED_FACE('',(#1932),#1925,.T.);
#1941=EDGE_CURVE('',#995,#997,#617,.T.);
#1943=EDGE_CURVE('',#1001,#995,#621,.T.);
#1946=EDGE_CURVE('',#1263,#1259,#706,.T.);
#1948=EDGE_CURVE('',#983,#1263,#629,.T.);
#1950=EDGE_CURVE('',#987,#983,#668,.T.);
#1955=ADVANCED_FACE('',(#1954),#1938,.T.);
#1961=EDGE_CURVE('',#992,#993,#654,.T.);
#1963=EDGE_CURVE('',#995,#993,#951,.T.);
#1969=ADVANCED_FACE('',(#1968),#1960,.T.);
#1977=EDGE_CURVE('',#982,#986,#663,.T.);
#1979=EDGE_CURVE('',#982,#989,#645,.T.);
#1982=EDGE_CURVE('',#999,#993,#649,.T.);
#1988=ADVANCED_FACE('',(#1987),#1974,.F.);
#1994=EDGE_CURVE('',#982,#983,#696,.T.);
#2001=ADVANCED_FACE('',(#2000),#1993,.F.);
#2007=EDGE_CURVE('',#1262,#1263,#672,.T.);
#2009=EDGE_CURVE('',#1059,#1262,#710,.T.);
#2011=EDGE_CURVE('',#1042,#1059,#676,.T.);
#2013=EDGE_CURVE('',#1042,#1043,#680,.T.);
#2015=EDGE_CURVE('',#1047,#1043,#684,.T.);
#2017=EDGE_CURVE('',#1046,#1047,#688,.T.);
#2019=EDGE_CURVE('',#1057,#1046,#692,.T.);
#2028=ADVANCED_FACE('',(#2027),#2006,.T.);
#2035=EDGE_CURVE('',#1258,#1262,#701,.T.);
#2041=ADVANCED_FACE('',(#2040),#2033,.F.);
#2050=EDGE_CURVE('',#1220,#1221,#727,.T.);
#2053=EDGE_CURVE('',#1059,#1055,#715,.T.);
#2057=ADVANCED_FACE('',(#2056),#2046,.T.);
#2069=ADVANCED_FACE('',(#2068),#2062,.T.);
#2075=EDGE_CURVE('',#1129,#1231,#723,.T.);
#2082=ADVANCED_FACE('',(#2081),#2074,.T.);
#2088=EDGE_CURVE('',#1124,#1125,#731,.T.);
#2097=ADVANCED_FACE('',(#2096),#2087,.F.);
#2103=EDGE_CURVE('',#1120,#1121,#752,.T.);
#2110=ADVANCED_FACE('',(#2109),#2102,.F.);
#2116=EDGE_CURVE('',#1144,#1145,#735,.T.);
#2118=EDGE_CURVE('',#1103,#1144,#739,.T.);
#2120=EDGE_CURVE('',#1102,#1103,#744,.T.);
#2122=EDGE_CURVE('',#1136,#1102,#748,.T.);
#2124=EDGE_CURVE('',#1132,#1136,#908,.T.);
#2129=EDGE_CURVE('',#1097,#1099,#760,.T.);
#2131=EDGE_CURVE('',#1095,#1097,#765,.T.);
#2133=EDGE_CURVE('',#1093,#1095,#769,.T.);
#2135=EDGE_CURVE('',#1092,#1093,#773,.T.);
#2137=EDGE_CURVE('',#1239,#1092,#887,.T.);
#2139=EDGE_CURVE('',#1237,#1239,#777,.T.);
#2141=EDGE_CURVE('',#1109,#1237,#781,.T.);
#2143=EDGE_CURVE('',#1107,#1109,#785,.T.);
#2145=EDGE_CURVE('',#1106,#1107,#789,.T.);
#2147=EDGE_CURVE('',#1145,#1106,#793,.T.);
#2151=ADVANCED_FACE('',(#2150),#2115,.T.);
#2157=EDGE_CURVE('',#1140,#1141,#797,.T.);
#2159=EDGE_CURVE('',#1144,#1141,#925,.T.);
#2162=EDGE_CURVE('',#1145,#1140,#859,.T.);
#2166=ADVANCED_FACE('',(#2165),#2156,.T.);
#2173=EDGE_CURVE('',#1140,#1086,#801,.T.);
#2175=EDGE_CURVE('',#1086,#1087,#805,.T.);
#2177=EDGE_CURVE('',#1087,#1089,#809,.T.);
#2179=EDGE_CURVE('',#1089,#1233,#813,.T.);
#2181=EDGE_CURVE('',#1233,#1235,#817,.T.);
#2183=EDGE_CURVE('',#1072,#1235,#879,.T.);
#2185=EDGE_CURVE('',#1072,#1073,#821,.T.);
#2187=EDGE_CURVE('',#1073,#1075,#825,.T.);
#2189=EDGE_CURVE('',#1075,#1077,#830,.T.);
#2191=EDGE_CURVE('',#1077,#1079,#834,.T.);
#2196=EDGE_CURVE('',#1137,#1133,#913,.T.);
#2198=EDGE_CURVE('',#1137,#1082,#846,.T.);
#2200=EDGE_CURVE('',#1082,#1083,#851,.T.);
#2202=EDGE_CURVE('',#1083,#1141,#855,.T.);
#2206=ADVANCED_FACE('',(#2205),#2171,.F.);
#2214=EDGE_CURVE('',#1086,#1106,#863,.T.);
#2219=ADVANCED_FACE('',(#2218),#2211,.T.);
#2228=EDGE_CURVE('',#1087,#1107,#867,.T.);
#2232=ADVANCED_FACE('',(#2231),#2224,.T.);
#2241=EDGE_CURVE('',#1089,#1109,#871,.T.);
#2245=ADVANCED_FACE('',(#2244),#2237,.T.);
#2254=EDGE_CURVE('',#1233,#1237,#875,.T.);
#2258=ADVANCED_FACE('',(#2257),#2250,.T.);
#2267=EDGE_CURVE('',#1235,#1239,#883,.T.);
#2271=ADVANCED_FACE('',(#2270),#2263,.T.);
#2280=EDGE_CURVE('',#1072,#1092,#891,.T.);
#2284=ADVANCED_FACE('',(#2283),#2276,.T.);
#2293=EDGE_CURVE('',#1073,#1093,#895,.T.);
#2297=ADVANCED_FACE('',(#2296),#2289,.T.);
#2306=EDGE_CURVE('',#1075,#1095,#899,.T.);
#2310=ADVANCED_FACE('',(#2309),#2302,.T.);
#2319=EDGE_CURVE('',#1077,#1097,#903,.T.);
#2323=ADVANCED_FACE('',(#2322),#2315,.F.);
#2335=ADVANCED_FACE('',(#2334),#2328,.T.);
#2343=EDGE_CURVE('',#1136,#1137,#917,.T.);
#2348=ADVANCED_FACE('',(#2347),#2340,.F.);
#2356=EDGE_CURVE('',#1082,#1102,#921,.T.);
#2361=ADVANCED_FACE('',(#2360),#2353,.T.);
#2370=EDGE_CURVE('',#1083,#1103,#929,.T.);
#2374=ADVANCED_FACE('',(#2373),#2366,.T.);
#2386=ADVANCED_FACE('',(#2385),#2379,.T.);
#2392=EDGE_CURVE('',#1049,#1042,#934,.T.);
#2399=ADVANCED_FACE('',(#2398),#2391,.F.);
#2405=EDGE_CURVE('',#1051,#1046,#939,.T.);
#2412=ADVANCED_FACE('',(#2411),#2404,.F.);
#2418=EDGE_CURVE('',#1034,#1035,#947,.T.);
#2420=EDGE_CURVE('',#1035,#1043,#943,.T.);
#2425=EDGE_CURVE('',#1034,#1030,#967,.T.);
#2429=ADVANCED_FACE('',(#2428),#2417,.F.);
#2441=EDGE_CURVE('',#1038,#1039,#955,.T.);
#2443=EDGE_CURVE('',#1039,#1035,#959,.T.);
#2447=ADVANCED_FACE('',(#2446),#2434,.T.);
#2454=EDGE_CURVE('',#1031,#1038,#975,.T.);
#2459=EDGE_CURVE('',#1039,#1047,#979,.T.);
#2463=ADVANCED_FACE('',(#2462),#2452,.F.);
#2475=ADVANCED_FACE('',(#2474),#2468,.F.);
#2487=ADVANCED_FACE('',(#2486),#2480,.F.);
#2488=CLOSED_SHELL('',(#1303,#1318,#1336,#1350,#1365,#1379,#1393,#1407,#1421,
#1435,#1449,#1462,#1516,#1533,#1548,#1562,#1577,#1620,#1634,#1648,#1661,#1686,
#1701,#1735,#1750,#1764,#1778,#1792,#1806,#1829,#1842,#1854,#1867,#1880,#1907,
#1920,#1933,#1955,#1969,#1988,#2001,#2028,#2041,#2057,#2069,#2082,#2097,#2110,
#2151,#2166,#2206,#2219,#2232,#2245,#2258,#2271,#2284,#2297,#2310,#2323,#2335,
#2348,#2361,#2374,#2386,#2399,#2412,#2429,#2447,#2463,#2475,#2487));
#2489=MANIFOLD_SOLID_BREP('',#2488);
#2490=(LENGTH_UNIT()NAMED_UNIT(*)SI_UNIT(.MILLI.,.METRE.));
#2491=(NAMED_UNIT(*)PLANE_ANGLE_UNIT()SI_UNIT($,.RADIAN.));
#2494=(NAMED_UNIT(*)SI_UNIT($,.STERADIAN.)SOLID_ANGLE_UNIT());
#2496=(GEOMETRIC_REPRESENTATION_CONTEXT(3)GLOBAL_UNCERTAINTY_ASSIGNED_CONTEXT((
#2495))GLOBAL_UNIT_ASSIGNED_CONTEXT((#2490,#2493,#2494))REPRESENTATION_CONTEXT(
'ID1','3'));
#2497=ADVANCED_BREP_SHAPE_REPRESENTATION('',(#2489),#2496);
#2504=PRODUCT_DEFINITION('part definition','',#2503,#2500);
#2505=PRODUCT_DEFINITION_SHAPE('','SHAPE FOR BATTCOVER.',#2504);
#2506=SHAPE_ASPECT('','solid data associated with BATTCOVER',#2505,.F.);
#2507=PROPERTY_DEFINITION('',
'shape for solid data with which properties are associated',#2506);
#2508=SHAPE_REPRESENTATION('',(#2489),#2496);
#2509=SHAPE_DEFINITION_REPRESENTATION(#2507,#2508);
#2510=(LENGTH_UNIT()NAMED_UNIT(*)SI_UNIT(.MILLI.,.METRE.));
#2514=PROPERTY_DEFINITION('geometric validation property','area of BATTCOVER',
#2506);
#2515=REPRESENTATION('surface area',(#2513),#2496);
#2516=PROPERTY_DEFINITION_REPRESENTATION(#2514,#2515);
#2517=(LENGTH_UNIT()NAMED_UNIT(*)SI_UNIT(.MILLI.,.METRE.));
#2521=PROPERTY_DEFINITION('geometric validation property','volume of BATTCOVER',
#2506);
#2522=REPRESENTATION('volume',(#2520),#2496);
#2523=PROPERTY_DEFINITION_REPRESENTATION(#2521,#2522);
#2525=PROPERTY_DEFINITION('geometric validation property',
'centroid of BATTCOVER',#2506);
#2526=REPRESENTATION('centroid',(#2524),#2496);
#2527=PROPERTY_DEFINITION_REPRESENTATION(#2525,#2526);
#2528=(LENGTH_UNIT()NAMED_UNIT(*)SI_UNIT(.MILLI.,.METRE.));
#2532=PROPERTY_DEFINITION('geometric validation property','area of BATTCOVER',
#2505);
#2533=REPRESENTATION('surface area',(#2531),#2496);
#2534=PROPERTY_DEFINITION_REPRESENTATION(#2532,#2533);
#2535=(LENGTH_UNIT()NAMED_UNIT(*)SI_UNIT(.MILLI.,.METRE.));
#2539=PROPERTY_DEFINITION('geometric validation property','volume of BATTCOVER',
#2505);
#2540=REPRESENTATION('volume',(#2538),#2496);
#2541=PROPERTY_DEFINITION_REPRESENTATION(#2539,#2540);
#2543=PROPERTY_DEFINITION('geometric validation property',
'centroid of BATTCOVER',#2505);
#2544=REPRESENTATION('centroid',(#2542),#2496);
#2545=PROPERTY_DEFINITION_REPRESENTATION(#2543,#2544);
#2546=SHAPE_DEFINITION_REPRESENTATION(#2505,#2497);
ENDSEC;
END-ISO-10303-21;
