ISO-10303-21;
HEADER;
FILE_DESCRIPTION((''),'2;1');
FILE_NAME('GASMETER-CASE01','2025-12-01T20:26:38',('stephan'),(''),
'CREO PARAMETRIC BY PTC INC, 2024153','CREO PARAMETRIC BY PTC INC, 2024153','');
FILE_SCHEMA(('AUTOMOTIVE_DESIGN { 1 0 10303 214 1 1 1 1 }'));
ENDSEC;
DATA;
#52=DIRECTION('',(0.E0,-1.E0,0.E0));
#53=VECTOR('',#52,2.E0);
#54=CARTESIAN_POINT('',(1.E0,2.E0,-1.252E1));
#55=LINE('',#54,#53);
#56=DIRECTION('',(1.E0,0.E0,0.E0));
#57=VECTOR('',#56,3.28E1);
#58=CARTESIAN_POINT('',(1.E0,0.E0,-1.252E1));
#59=LINE('',#58,#57);
#60=DIRECTION('',(1.E0,0.E0,0.E0));
#61=VECTOR('',#60,3.28E1);
#62=CARTESIAN_POINT('',(1.E0,2.E0,-1.252E1));
#63=LINE('',#62,#61);
#64=CARTESIAN_POINT('',(8.564705945164E-1,2.011209401560E0,-1.250964605277E1));
#65=CARTESIAN_POINT('',(7.633452720966E-1,2.025831350355E0,-1.249613998954E1));
#66=CARTESIAN_POINT('',(5.822373782548E-1,2.043484377704E0,-1.244366575343E1));
#67=CARTESIAN_POINT('',(3.392571761441E-1,2.038856844436E0,-1.228739405523E1));
#68=CARTESIAN_POINT('',(1.695016063784E-1,2.014376620827E0,-1.209384802951E1));
#69=CARTESIAN_POINT('',(6.417066876953E-2,1.986737987297E0,-1.189344885418E1));
#70=CARTESIAN_POINT('',(9.516822857697E-3,1.969019826742E0,-1.169703421425E1));
#71=CARTESIAN_POINT('',(0.E0,1.975642454183E0,-1.157605432596E1));
#72=CARTESIAN_POINT('',(0.E0,1.986761796838E0,-1.152E1));
#74=CARTESIAN_POINT('',(1.E0,0.E0,-1.152E1));
#75=DIRECTION('',(0.E0,-1.E0,0.E0));
#76=DIRECTION('',(-1.E0,0.E0,0.E0));
#77=AXIS2_PLACEMENT_3D('',#74,#75,#76);
#79=DIRECTION('',(-1.931249096622E-1,-7.207519750666E-1,-6.657472190746E-1));
#80=VECTOR('',#79,5.256718995587E0);
#81=CARTESIAN_POINT('',(1.871673975659E0,5.8E0,-9.01E0));
#82=LINE('',#81,#80);
#83=CARTESIAN_POINT('',(1.E0,2.E0,-1.252E1));
#84=CARTESIAN_POINT('',(9.516193237816E-1,2.E0,-1.252E1));
#85=CARTESIAN_POINT('',(9.037825629928E-1,2.003780775678E0,-1.251650775720E1));
#86=CARTESIAN_POINT('',(8.564705945164E-1,2.011209401560E0,-1.250964605277E1));
#88=CARTESIAN_POINT('',(1.018206931238E0,5.8E0,-4.632253073629E0));
#89=CARTESIAN_POINT('',(1.018206931238E0,5.8E0,-4.302966387287E0));
#90=CARTESIAN_POINT('',(1.138838052630E0,5.8E0,-3.929667479167E0));
#91=CARTESIAN_POINT('',(1.468139340306E0,5.8E0,-3.600395394159E0));
#92=CARTESIAN_POINT('',(1.707030632488E0,5.8E0,-3.51E0));
#93=CARTESIAN_POINT('',(1.871673975659E0,5.8E0,-3.51E0));
#95=DIRECTION('',(1.E0,0.E0,0.E0));
#96=VECTOR('',#95,9.817930687617E-1);
#97=CARTESIAN_POINT('',(1.018206931238E0,5.8E0,-5.01E0));
#98=LINE('',#97,#96);
#99=DIRECTION('',(1.E0,0.E0,0.E0));
#100=VECTOR('',#99,5.E0);
#101=CARTESIAN_POINT('',(2.E0,5.8E0,-5.01E0));
#102=LINE('',#101,#100);
#103=DIRECTION('',(1.E0,0.E0,0.E0));
#104=VECTOR('',#103,5.E0);
#105=CARTESIAN_POINT('',(7.E0,5.8E0,-5.01E0));
#106=LINE('',#105,#104);
#107=DIRECTION('',(1.E0,0.E0,0.E0));
#108=VECTOR('',#107,5.E0);
#109=CARTESIAN_POINT('',(1.2E1,5.8E0,-5.01E0));
#110=LINE('',#109,#108);
#111=DIRECTION('',(1.E0,0.E0,0.E0));
#112=VECTOR('',#111,5.E0);
#113=CARTESIAN_POINT('',(1.7E1,5.8E0,-5.01E0));
#114=LINE('',#113,#112);
#115=DIRECTION('',(1.E0,0.E0,0.E0));
#116=VECTOR('',#115,5.E0);
#117=CARTESIAN_POINT('',(2.2E1,5.8E0,-5.01E0));
#118=LINE('',#117,#116);
#119=DIRECTION('',(1.E0,0.E0,0.E0));
#120=VECTOR('',#119,3.E0);
#121=CARTESIAN_POINT('',(2.7E1,5.8E0,-5.01E0));
#122=LINE('',#121,#120);
#123=DIRECTION('',(1.E0,0.E0,0.E0));
#124=VECTOR('',#123,3.E0);
#125=CARTESIAN_POINT('',(2.7E1,5.8E0,-7.51E0));
#126=LINE('',#125,#124);
#127=DIRECTION('',(1.E0,0.E0,0.E0));
#128=VECTOR('',#127,5.E0);
#129=CARTESIAN_POINT('',(2.2E1,5.8E0,-7.51E0));
#130=LINE('',#129,#128);
#131=DIRECTION('',(1.E0,0.E0,0.E0));
#132=VECTOR('',#131,5.E0);
#133=CARTESIAN_POINT('',(1.7E1,5.8E0,-7.51E0));
#134=LINE('',#133,#132);
#135=DIRECTION('',(1.E0,0.E0,0.E0));
#136=VECTOR('',#135,5.E0);
#137=CARTESIAN_POINT('',(1.2E1,5.8E0,-7.51E0));
#138=LINE('',#137,#136);
#139=DIRECTION('',(1.E0,0.E0,0.E0));
#140=VECTOR('',#139,5.E0);
#141=CARTESIAN_POINT('',(7.E0,5.8E0,-7.51E0));
#142=LINE('',#141,#140);
#143=DIRECTION('',(1.E0,0.E0,0.E0));
#144=VECTOR('',#143,5.E0);
#145=CARTESIAN_POINT('',(2.E0,5.8E0,-7.51E0));
#146=LINE('',#145,#144);
#147=DIRECTION('',(1.E0,0.E0,0.E0));
#148=VECTOR('',#147,9.817930687617E-1);
#149=CARTESIAN_POINT('',(1.018206931238E0,5.8E0,-7.51E0));
#150=LINE('',#149,#148);
#151=CARTESIAN_POINT('',(1.871673975659E0,5.8E0,-9.01E0));
#152=CARTESIAN_POINT('',(1.707030632488E0,5.8E0,-9.01E0));
#153=CARTESIAN_POINT('',(1.468139340306E0,5.8E0,-8.919604605841E0));
#154=CARTESIAN_POINT('',(1.138838052630E0,5.8E0,-8.590332520833E0));
#155=CARTESIAN_POINT('',(1.018206931238E0,5.8E0,-8.217033612713E0));
#156=CARTESIAN_POINT('',(1.018206931238E0,5.8E0,-7.887746926371E0));
#158=DIRECTION('',(1.E0,0.E0,0.E0));
#159=VECTOR('',#158,3.091011909310E1);
#160=CARTESIAN_POINT('',(1.871673975659E0,5.8E0,-9.01E0));
#161=LINE('',#160,#159);
#162=DIRECTION('',(1.E0,0.E0,0.E0));
#163=VECTOR('',#162,3.091011909310E1);
#164=CARTESIAN_POINT('',(1.871673975659E0,5.8E0,-3.51E0));
#165=LINE('',#164,#163);
#166=DIRECTION('',(1.931249096622E-1,7.207519750666E-1,-6.657472190746E-1));
#167=VECTOR('',#166,5.256718995587E0);
#168=CARTESIAN_POINT('',(8.564705945164E-1,2.011209401560E0,
-1.035394723087E-2));
#169=LINE('',#168,#167);
#170=CARTESIAN_POINT('',(8.564705945164E-1,2.011209401560E0,
-1.035394723087E-2));
#171=CARTESIAN_POINT('',(9.037825629928E-1,2.003780775678E0,
-3.492242797568E-3));
#172=CARTESIAN_POINT('',(9.516193237816E-1,2.E0,0.E0));
#173=CARTESIAN_POINT('',(1.E0,2.E0,0.E0));
#175=DIRECTION('',(-1.931249096622E-1,7.207519750666E-1,-6.657472190746E-1));
#176=VECTOR('',#175,3.805929263860E0);
#177=CARTESIAN_POINT('',(3.38E1,2.E0,0.E0));
#178=LINE('',#177,#176);
#179=DIRECTION('',(2.588190451025E-1,-9.659258262891E-1,0.E0));
#180=VECTOR('',#179,7.901779122289E-1);
#181=CARTESIAN_POINT('',(3.332753771486E1,3.763253252785E0,-2.26E0));
#182=LINE('',#181,#180);
#183=DIRECTION('',(0.E0,0.E0,-1.E0));
#184=VECTOR('',#183,8.E0);
#185=CARTESIAN_POINT('',(3.353205080757E1,3.E0,-2.26E0));
#186=LINE('',#185,#184);
#187=DIRECTION('',(-2.588190451025E-1,9.659258262891E-1,0.E0));
#188=VECTOR('',#187,7.901779122289E-1);
#189=CARTESIAN_POINT('',(3.353205080757E1,3.E0,-1.026E1));
#190=LINE('',#189,#188);
#191=DIRECTION('',(1.931249096622E-1,-7.207519750666E-1,-6.657472190746E-1));
#192=VECTOR('',#191,3.805929263860E0);
#193=CARTESIAN_POINT('',(3.306498025474E1,4.743131033891E0,-9.986213176591E0));
#194=LINE('',#193,#192);
#195=DIRECTION('',(-1.931249096622E-1,7.207519750666E-1,-6.657472190746E-1));
#196=VECTOR('',#195,1.322342431499E0);
#197=CARTESIAN_POINT('',(3.303717033139E1,4.846919080783E0,-2.629654203565E0));
#198=LINE('',#197,#196);
#199=DIRECTION('',(0.E0,0.E0,1.E0));
#200=VECTOR('',#199,5.5E0);
#201=CARTESIAN_POINT('',(3.278179306876E1,5.8E0,-9.01E0));
#202=LINE('',#201,#200);
#203=DIRECTION('',(1.931249096622E-1,-7.207519750666E-1,-6.657472190746E-1));
#204=VECTOR('',#203,1.322342431499E0);
#205=CARTESIAN_POINT('',(3.278179306876E1,5.8E0,-9.01E0));
#206=LINE('',#205,#204);
#207=DIRECTION('',(0.E0,0.E0,1.E0));
#208=VECTOR('',#207,5.4E0);
#209=CARTESIAN_POINT('',(3.295628992968E1,5.148768849293E0,-8.96E0));
#210=LINE('',#209,#208);
#211=CARTESIAN_POINT('',(3.306498025474E1,4.743131033890E0,-2.533786823409E0));
#212=CARTESIAN_POINT('',(3.305571028029E1,4.777727049521E0,-2.565742616795E0));
#213=CARTESIAN_POINT('',(3.304644030584E1,4.812323065152E0,-2.597698410180E0));
#214=CARTESIAN_POINT('',(3.303717033139E1,4.846919080783E0,-2.629654203565E0));
#216=CARTESIAN_POINT('',(3.303717033139E1,4.846919080783E0,-2.629654203565E0));
#217=CARTESIAN_POINT('',(3.302741066608E1,4.883342647576E0,-2.668697892113E0));
#218=CARTESIAN_POINT('',(3.300991435505E1,4.948639769280E0,-2.751879282841E0));
#219=CARTESIAN_POINT('',(3.298925036202E1,5.025758841163E0,-2.891484720515E0));
#220=CARTESIAN_POINT('',(3.297408500334E1,5.082356730279E0,-3.041519100318E0));
#221=CARTESIAN_POINT('',(3.296368616022E1,5.121165741145E0,-3.202196540554E0));
#222=CARTESIAN_POINT('',(3.295763579181E1,5.143746023441E0,-3.373056971540E0));
#223=CARTESIAN_POINT('',(3.295628992968E1,5.148768849293E0,-3.496274041303E0));
#224=CARTESIAN_POINT('',(3.295628992968E1,5.148768849293E0,-3.56E0));
#226=CARTESIAN_POINT('',(3.332753771486E1,3.763253252785E0,-2.26E0));
#227=CARTESIAN_POINT('',(3.331017081200E1,3.828067416640E0,-2.26E0));
#228=CARTESIAN_POINT('',(3.327645118092E1,3.953910793052E0,-2.264290934122E0));
#229=CARTESIAN_POINT('',(3.322926040559E1,4.130029164240E0,-2.283783172376E0));
#230=CARTESIAN_POINT('',(3.318441967516E1,4.297377048451E0,-2.317636963590E0));
#231=CARTESIAN_POINT('',(3.314198474750E1,4.455746354468E0,-2.367615099538E0));
#232=CARTESIAN_POINT('',(3.310148134862E1,4.606907096996E0,-2.437624186039E0));
#233=CARTESIAN_POINT('',(3.307673067856E1,4.699277855185E0,-2.498888537258E0));
#234=CARTESIAN_POINT('',(3.306498025474E1,4.743131033890E0,-2.533786823409E0));
#236=DIRECTION('',(-9.848077530122E-1,1.736481776669E-1,0.E0));
#237=VECTOR('',#236,2.609090650869E0);
#238=CARTESIAN_POINT('',(3.552574263097E1,4.695705012402E0,-8.96E0));
#239=LINE('',#238,#237);
#240=CARTESIAN_POINT('',(3.572574263097E1,4.660439616260E0,-8.76E0));
#241=CARTESIAN_POINT('',(3.572574263097E1,4.660439616260E0,-8.775307226343E0));
#242=CARTESIAN_POINT('',(3.572222402907E1,4.661060040609E0,-8.805823420700E0));
#243=CARTESIAN_POINT('',(3.570669749850E1,4.663797786974E0,-8.849208526146E0));
#244=CARTESIAN_POINT('',(3.568178474656E1,4.668190577278E0,-8.887881265346E0));
#245=CARTESIAN_POINT('',(3.564944278854E1,4.673893337108E0,-8.919237674414E0));
#246=CARTESIAN_POINT('',(3.561195115885E1,4.680504122967E0,-8.942153669413E0));
#247=CARTESIAN_POINT('',(3.557769036120E1,4.686545225975E0,-8.954091561744E0));
#248=CARTESIAN_POINT('',(3.554860700900E1,4.691673405657E0,-8.959126395068E0));
#249=CARTESIAN_POINT('',(3.553337306113E1,4.694359561689E0,-8.96E0));
#250=CARTESIAN_POINT('',(3.552574263097E1,4.695705012402E0,-8.96E0));
#252=DIRECTION('',(0.E0,0.E0,-1.E0));
#253=VECTOR('',#252,5.E0);
#254=CARTESIAN_POINT('',(3.572574263097E1,4.660439616260E0,-3.76E0));
#255=LINE('',#254,#253);
#256=CARTESIAN_POINT('',(3.552574263097E1,4.695705012402E0,-3.56E0));
#257=CARTESIAN_POINT('',(3.553334399896E1,4.694364686134E0,-3.56E0));
#258=CARTESIAN_POINT('',(3.554852150644E1,4.691688482060E0,-3.560867147480E0));
#259=CARTESIAN_POINT('',(3.557846453664E1,4.686408717887E0,-3.566030759994E0));
#260=CARTESIAN_POINT('',(3.561435728505E1,4.680079858061E0,-3.578782377361E0));
#261=CARTESIAN_POINT('',(3.565283750196E1,4.673294757521E0,-3.603350876943E0));
#262=CARTESIAN_POINT('',(3.568431818E1,4.667743864632E0,-3.635449168444E0));
#263=CARTESIAN_POINT('',(3.570761404973E1,4.663636174253E0,-3.673082822934E0));
#264=CARTESIAN_POINT('',(3.572232346748E1,4.661042507035E0,-3.715004621606E0));
#265=CARTESIAN_POINT('',(3.572574263097E1,4.660439616260E0,-3.744735588850E0));
#266=CARTESIAN_POINT('',(3.572574263097E1,4.660439616260E0,-3.76E0));
#268=DIRECTION('',(9.848077530122E-1,-1.736481776669E-1,0.E0));
#269=VECTOR('',#268,2.609090650869E0);
#270=CARTESIAN_POINT('',(3.295628992968E1,5.148768849293E0,-3.56E0));
#271=LINE('',#270,#269);
#272=CARTESIAN_POINT('',(3.303717033139E1,4.846919080783E0,-9.890345796435E0));
#273=CARTESIAN_POINT('',(3.304644030584E1,4.812323065152E0,-9.922301589820E0));
#274=CARTESIAN_POINT('',(3.305571028029E1,4.777727049521E0,-9.954257383205E0));
#275=CARTESIAN_POINT('',(3.306498025474E1,4.743131033891E0,-9.986213176591E0));
#277=CARTESIAN_POINT('',(3.306498025474E1,4.743131033891E0,-9.986213176591E0));
#278=CARTESIAN_POINT('',(3.307696263883E1,4.698412167654E0,-1.002180037543E1));
#279=CARTESIAN_POINT('',(3.310212236542E1,4.604514789712E0,-1.008381954353E1));
#280=CARTESIAN_POINT('',(3.314305216766E1,4.451762688201E0,-1.015391280775E1));
#281=CARTESIAN_POINT('',(3.318527710701E1,4.294177069230E0,-1.020310712966E1));
#282=CARTESIAN_POINT('',(3.322961153625E1,4.128718726766E0,-1.023635469209E1));
#283=CARTESIAN_POINT('',(3.327634752947E1,3.954297625526E0,-1.025566042045E1));
#284=CARTESIAN_POINT('',(3.331009732105E1,3.828341688610E0,-1.026E1));
#285=CARTESIAN_POINT('',(3.332753771486E1,3.763253252785E0,-1.026E1));
#287=CARTESIAN_POINT('',(3.552574263097E1,4.695705012402E0,-8.96E0));
#288=CARTESIAN_POINT('',(3.552574263097E1,4.695705012402E0,-9.826666666667E0));
#289=CARTESIAN_POINT('',(3.545049508731E1,4.268954986096E0,-1.026E1));
#290=CARTESIAN_POINT('',(3.53E1,3.415454933486E0,-1.026E1));
#292=CARTESIAN_POINT('',(3.295628992968E1,5.148768849293E0,-8.96E0));
#293=CARTESIAN_POINT('',(3.295628992968E1,5.148768849293E0,-9.023489124519E0));
#294=CARTESIAN_POINT('',(3.295762368533E1,5.143791205425E0,-9.146523903828E0));
#295=CARTESIAN_POINT('',(3.296369817540E1,5.121120899881E0,-9.318289131723E0));
#296=CARTESIAN_POINT('',(3.297420686376E1,5.081901940972E0,-9.480138105640E0));
#297=CARTESIAN_POINT('',(3.298951772529E1,5.024761027852E0,-9.630694773361E0));
#298=CARTESIAN_POINT('',(3.301018250277E1,4.947639028379E0,-9.769522802399E0));
#299=CARTESIAN_POINT('',(3.302753626415E1,4.882873909188E0,-9.851804564875E0));
#300=CARTESIAN_POINT('',(3.303717033139E1,4.846919080783E0,-9.890345796435E0));
#302=DIRECTION('',(-9.848077530122E-1,1.736481776669E-1,0.E0));
#303=VECTOR('',#302,2.002890695267E0);
#304=CARTESIAN_POINT('',(3.53E1,3.415454933486E0,-1.026E1));
#305=LINE('',#304,#303);
#306=DIRECTION('',(1.E0,0.E0,0.E0));
#307=VECTOR('',#306,1.767949192431E0);
#308=CARTESIAN_POINT('',(3.353205080757E1,3.E0,-1.026E1));
#309=LINE('',#308,#307);
#310=DIRECTION('',(0.E0,1.E0,0.E0));
#311=VECTOR('',#310,4.154549334858E-1);
#312=CARTESIAN_POINT('',(3.53E1,3.E0,-1.026E1));
#313=LINE('',#312,#311);
#314=CARTESIAN_POINT('',(3.53E1,3.E0,-8.76E0));
#315=DIRECTION('',(0.E0,-1.E0,0.E0));
#316=DIRECTION('',(0.E0,0.E0,-1.E0));
#317=AXIS2_PLACEMENT_3D('',#314,#315,#316);
#319=DIRECTION('',(1.E0,0.E0,0.E0));
#320=VECTOR('',#319,1.767949192431E0);
#321=CARTESIAN_POINT('',(3.353205080757E1,3.E0,-2.26E0));
#322=LINE('',#321,#320);
#323=CARTESIAN_POINT('',(3.53E1,3.E0,-3.76E0));
#324=DIRECTION('',(0.E0,-1.E0,0.E0));
#325=DIRECTION('',(1.E0,0.E0,0.E0));
#326=AXIS2_PLACEMENT_3D('',#323,#324,#325);
#328=CARTESIAN_POINT('',(3.68E1,3.380189537344E0,-8.76E0));
#329=CARTESIAN_POINT('',(3.68E1,3.380189537344E0,-8.874747712699E0));
#330=CARTESIAN_POINT('',(3.677361045007E1,3.380809962601E0,-9.103701742538E0));
#331=CARTESIAN_POINT('',(3.665716164029E1,3.383547704909E0,-9.429056956381E0));
#332=CARTESIAN_POINT('',(3.647031536956E1,3.387940510068E0,-9.719111363691E0));
#333=CARTESIAN_POINT('',(3.622775298757E1,3.393643215735E0,-9.954282098424E0));
#334=CARTESIAN_POINT('',(3.594655769934E1,3.400254191221E0,-1.012615261398E1));
#335=CARTESIAN_POINT('',(3.568962670454E1,3.406294706764E0,-1.021568678755E1));
#336=CARTESIAN_POINT('',(3.547144773912E1,3.411424151861E0,-1.025344779563E1));
#337=CARTESIAN_POINT('',(3.535720303399E1,3.414110075050E0,-1.026E1));
#338=CARTESIAN_POINT('',(3.53E1,3.415454933486E0,-1.026E1));
#340=CARTESIAN_POINT('',(3.572574263097E1,4.660439616260E0,-8.76E0));
#341=CARTESIAN_POINT('',(3.590478552581E1,4.628869523196E0,-8.76E0));
#342=CARTESIAN_POINT('',(3.621811059177E1,4.528170630311E0,-8.76E0));
#343=CARTESIAN_POINT('',(3.655381601960E1,4.264446170716E0,-8.76E0));
#344=CARTESIAN_POINT('',(3.672166873351E1,3.950779020831E0,-8.76E0));
#345=CARTESIAN_POINT('',(3.678041718338E1,3.681916213293E0,-8.76E0));
#346=CARTESIAN_POINT('',(3.679720245477E1,3.514195808238E0,-8.76E0));
#347=CARTESIAN_POINT('',(3.68E1,3.425640767366E0,-8.76E0));
#348=CARTESIAN_POINT('',(3.68E1,3.380189537344E0,-8.76E0));
#350=CARTESIAN_POINT('',(3.572574263097E1,4.660439616260E0,-3.76E0));
#351=CARTESIAN_POINT('',(3.644191421032E1,4.534159244003E0,-3.76E0));
#352=CARTESIAN_POINT('',(3.68E1,4.107409217698E0,-3.76E0));
#353=CARTESIAN_POINT('',(3.68E1,3.380189537344E0,-3.76E0));
#355=DIRECTION('',(0.E0,0.E0,-1.E0));
#356=VECTOR('',#355,5.E0);
#357=CARTESIAN_POINT('',(3.68E1,3.380189537344E0,-3.76E0));
#358=LINE('',#357,#356);
#359=DIRECTION('',(0.E0,1.E0,0.E0));
#360=VECTOR('',#359,3.801895373441E-1);
#361=CARTESIAN_POINT('',(3.68E1,3.E0,-8.76E0));
#362=LINE('',#361,#360);
#363=DIRECTION('',(0.E0,0.E0,-1.E0));
#364=VECTOR('',#363,5.E0);
#365=CARTESIAN_POINT('',(3.68E1,3.E0,-3.76E0));
#366=LINE('',#365,#364);
#367=DIRECTION('',(0.E0,-1.E0,0.E0));
#368=VECTOR('',#367,3.801895373441E-1);
#369=CARTESIAN_POINT('',(3.68E1,3.380189537344E0,-3.76E0));
#370=LINE('',#369,#368);
#371=CARTESIAN_POINT('',(3.53E1,3.415454933486E0,-2.26E0));
#372=CARTESIAN_POINT('',(3.535698392509E1,3.414115226358E0,-2.26E0));
#373=CARTESIAN_POINT('',(3.547080427159E1,3.411439279942E0,-2.266503766059E0));
#374=CARTESIAN_POINT('',(3.569543570351E1,3.406158135627E0,-2.305230622715E0));
#375=CARTESIAN_POINT('',(3.596460262675E1,3.399829950232E0,-2.400867732706E0));
#376=CARTESIAN_POINT('',(3.625321347976E1,3.393044632830E0,-2.585132040464E0));
#377=CARTESIAN_POINT('',(3.648931612227E1,3.387493797361E0,-2.825867046647E0));
#378=CARTESIAN_POINT('',(3.666403577186E1,3.383386092254E0,-3.108127280018E0));
#379=CARTESIAN_POINT('',(3.677435623417E1,3.380792429051E0,-3.422511221199E0));
#380=CARTESIAN_POINT('',(3.68E1,3.380189537344E0,-3.645570208712E0));
#381=CARTESIAN_POINT('',(3.68E1,3.380189537344E0,-3.76E0));
#383=CARTESIAN_POINT('',(3.552574263097E1,4.695705012402E0,-3.56E0));
#384=CARTESIAN_POINT('',(3.552574263097E1,4.695705012402E0,-3.343333333333E0));
#385=CARTESIAN_POINT('',(3.551633668801E1,4.642361259114E0,-2.964166666667E0));
#386=CARTESIAN_POINT('',(3.547400994470E1,4.402314369317E0,-2.557916666667E0));
#387=CARTESIAN_POINT('',(3.541522280122E1,4.068915911266E0,-2.354791666667E0));
#388=CARTESIAN_POINT('',(3.536172650066E1,3.765523314439E0,-2.283697916667E0));
#389=CARTESIAN_POINT('',(3.532762995744E1,3.572152208770E0,-2.263385416667E0));
#390=CARTESIAN_POINT('',(3.530940594296E1,3.468798686774E0,-2.26E0));
#391=CARTESIAN_POINT('',(3.53E1,3.415454933486E0,-2.26E0));
#393=DIRECTION('',(9.848077530122E-1,-1.736481776669E-1,0.E0));
#394=VECTOR('',#393,2.002890695267E0);
#395=CARTESIAN_POINT('',(3.332753771486E1,3.763253252785E0,-2.26E0));
#396=LINE('',#395,#394);
#397=DIRECTION('',(-1.710276322388E-14,-1.E0,0.E0));
#398=VECTOR('',#397,4.154549334858E-1);
#399=CARTESIAN_POINT('',(3.53E1,3.415454933486E0,-2.26E0));
#400=LINE('',#399,#398);
#401=DIRECTION('',(0.E0,1.E0,0.E0));
#402=VECTOR('',#401,2.E0);
#403=CARTESIAN_POINT('',(3.38E1,0.E0,-1.252E1));
#404=LINE('',#403,#402);
#405=DIRECTION('',(0.E0,0.E0,1.E0));
#406=VECTOR('',#405,1.252E1);
#407=CARTESIAN_POINT('',(3.38E1,2.E0,-1.252E1));
#408=LINE('',#407,#406);
#409=DIRECTION('',(0.E0,0.E0,-1.E0));
#410=VECTOR('',#409,2.5E0);
#411=CARTESIAN_POINT('',(3.38E1,-2.25E1,-1.111E1));
#412=LINE('',#411,#410);
#413=DIRECTION('',(0.E0,1.E0,0.E0));
#414=VECTOR('',#413,9.5E0);
#415=CARTESIAN_POINT('',(3.38E1,-2.1E1,-1.511E1));
#416=LINE('',#415,#414);
#417=DIRECTION('',(0.E0,0.E0,1.E0));
#418=VECTOR('',#417,2.5E0);
#419=CARTESIAN_POINT('',(3.38E1,-1.E1,-1.361E1));
#420=LINE('',#419,#418);
#421=DIRECTION('',(0.E0,-1.E0,0.E0));
#422=VECTOR('',#421,9.5E0);
#423=CARTESIAN_POINT('',(3.38E1,-1.15E1,-9.61E0));
#424=LINE('',#423,#422);
#425=DIRECTION('',(-1.E0,0.E0,0.E0));
#426=VECTOR('',#425,3.1E1);
#427=CARTESIAN_POINT('',(1.E0,0.E0,0.E0));
#428=LINE('',#427,#426);
#429=DIRECTION('',(0.E0,0.E0,1.E0));
#430=VECTOR('',#429,6.26E0);
#431=CARTESIAN_POINT('',(-3.E1,0.E0,-6.26E0));
#432=LINE('',#431,#430);
#433=CARTESIAN_POINT('',(-2.5E1,0.E0,-6.26E0));
#434=DIRECTION('',(0.E0,1.E0,0.E0));
#435=DIRECTION('',(-1.E0,0.E0,0.E0));
#436=AXIS2_PLACEMENT_3D('',#433,#434,#435);
#438=DIRECTION('',(1.E0,0.E0,0.E0));
#439=VECTOR('',#438,5.E0);
#440=CARTESIAN_POINT('',(-2.5E1,0.E0,-1.26E0));
#441=LINE('',#440,#439);
#442=DIRECTION('',(0.E0,0.E0,-1.E0));
#443=VECTOR('',#442,1.E1);
#444=CARTESIAN_POINT('',(-2.E1,0.E0,-1.26E0));
#445=LINE('',#444,#443);
#446=DIRECTION('',(-1.E0,0.E0,0.E0));
#447=VECTOR('',#446,5.E0);
#448=CARTESIAN_POINT('',(-2.E1,0.E0,-1.126E1));
#449=LINE('',#448,#447);
#450=CARTESIAN_POINT('',(-2.5E1,0.E0,-6.26E0));
#451=DIRECTION('',(0.E0,1.E0,0.E0));
#452=DIRECTION('',(0.E0,0.E0,-1.E0));
#453=AXIS2_PLACEMENT_3D('',#450,#451,#452);
#455=DIRECTION('',(0.E0,0.E0,1.E0));
#456=VECTOR('',#455,1.074E1);
#457=CARTESIAN_POINT('',(-3.E1,0.E0,-1.7E1));
#458=LINE('',#457,#456);
#459=DIRECTION('',(-1.E0,0.E0,0.E0));
#460=VECTOR('',#459,6.38E1);
#461=CARTESIAN_POINT('',(3.38E1,0.E0,-1.7E1));
#462=LINE('',#461,#460);
#463=DIRECTION('',(0.E0,0.E0,-1.E0));
#464=VECTOR('',#463,4.48E0);
#465=CARTESIAN_POINT('',(3.38E1,0.E0,-1.252E1));
#466=LINE('',#465,#464);
#467=DIRECTION('',(0.E0,-1.E0,0.E0));
#468=VECTOR('',#467,1.986761796838E0);
#469=CARTESIAN_POINT('',(0.E0,1.986761796838E0,-1.152E1));
#470=LINE('',#469,#468);
#471=CARTESIAN_POINT('',(0.E0,2.E0,-1.139774692637E1));
#472=CARTESIAN_POINT('',(0.E0,2.E0,-1.143893139906E1));
#473=CARTESIAN_POINT('',(0.E0,1.994775304733E0,-1.147960266740E1));
#474=CARTESIAN_POINT('',(0.E0,1.986761796838E0,-1.152E1));
#476=DIRECTION('',(0.E0,0.E0,-1.E0));
#477=VECTOR('',#476,1.027549385274E1);
#478=CARTESIAN_POINT('',(0.E0,2.E0,-1.122253073629E0));
#479=LINE('',#478,#477);
#480=CARTESIAN_POINT('',(0.E0,1.986761796838E0,-1.E0));
#481=CARTESIAN_POINT('',(0.E0,1.994775304733E0,-1.040397332604E0));
#482=CARTESIAN_POINT('',(0.E0,2.E0,-1.081068600945E0));
#483=CARTESIAN_POINT('',(0.E0,2.E0,-1.122253073629E0));
#485=DIRECTION('',(0.E0,1.E0,0.E0));
#486=VECTOR('',#485,1.986761796838E0);
#487=CARTESIAN_POINT('',(0.E0,0.E0,-1.E0));
#488=LINE('',#487,#486);
#489=DIRECTION('',(0.E0,0.E0,1.E0));
#490=VECTOR('',#489,1.052E1);
#491=CARTESIAN_POINT('',(0.E0,0.E0,-1.152E1));
#492=LINE('',#491,#490);
#493=DIRECTION('',(1.931249096622E-1,7.207519750666E-1,-6.657472190746E-1));
#494=VECTOR('',#493,5.272271365818E0);
#495=CARTESIAN_POINT('',(0.E0,2.E0,-1.122253073629E0));
#496=LINE('',#495,#494);
#497=DIRECTION('',(-1.931249096622E-1,-7.207519750666E-1,-6.657472190746E-1));
#498=VECTOR('',#497,5.272271365818E0);
#499=CARTESIAN_POINT('',(1.018206931238E0,5.8E0,-7.887746926371E0));
#500=LINE('',#499,#498);
#501=DIRECTION('',(0.E0,0.E0,1.E0));
#502=VECTOR('',#501,3.777469263709E-1);
#503=CARTESIAN_POINT('',(1.018206931238E0,5.8E0,-7.887746926371E0));
#504=LINE('',#503,#502);
#505=DIRECTION('',(-2.438903597514E-1,-9.102112140683E-1,3.347133672333E-1));
#506=VECTOR('',#505,7.469077260537E-1);
#507=CARTESIAN_POINT('',(1.018206931238E0,5.8E0,-7.51E0));
#508=LINE('',#507,#506);
#509=DIRECTION('',(2.438903597514E-1,9.102112140683E-1,3.347133672333E-1));
#510=VECTOR('',#509,7.469077260537E-1);
#511=CARTESIAN_POINT('',(8.360433372300E-1,5.120156211872E0,-5.26E0));
#512=LINE('',#511,#510);
#513=DIRECTION('',(0.E0,0.E0,1.E0));
#514=VECTOR('',#513,3.777469263709E-1);
#515=CARTESIAN_POINT('',(1.018206931238E0,5.8E0,-5.01E0));
#516=LINE('',#515,#514);
#517=CARTESIAN_POINT('',(1.25E0,5.120156211872E0,-7.26E0));
#518=CARTESIAN_POINT('',(1.334586184155E0,5.292672387450E0,-7.323439638116E0));
#519=CARTESIAN_POINT('',(1.479410135648E0,5.525156530520E0,-7.408931388990E0));
#520=CARTESIAN_POINT('',(1.736911538113E0,5.740781082421E0,-7.488223336517E0));
#521=CARTESIAN_POINT('',(1.898830289772E0,5.8E0,-7.51E0));
#522=CARTESIAN_POINT('',(2.E0,5.8E0,-7.51E0));
#524=CARTESIAN_POINT('',(6.25E0,5.120156211872E0,-7.26E0));
#525=CARTESIAN_POINT('',(6.334586184155E0,5.292672387450E0,-7.323439638116E0));
#526=CARTESIAN_POINT('',(6.479410135648E0,5.525156530520E0,-7.408931388990E0));
#527=CARTESIAN_POINT('',(6.736911538113E0,5.740781082421E0,-7.488223336517E0));
#528=CARTESIAN_POINT('',(6.898830289772E0,5.8E0,-7.51E0));
#529=CARTESIAN_POINT('',(7.E0,5.8E0,-7.51E0));
#531=CARTESIAN_POINT('',(2.E0,5.8E0,-7.51E0));
#532=CARTESIAN_POINT('',(2.101169710228E0,5.8E0,-7.51E0));
#533=CARTESIAN_POINT('',(2.263088461887E0,5.740781082421E0,-7.488223336517E0));
#534=CARTESIAN_POINT('',(2.520589864352E0,5.525156530520E0,-7.408931388990E0));
#535=CARTESIAN_POINT('',(2.665413815845E0,5.292672387450E0,-7.323439638116E0));
#536=CARTESIAN_POINT('',(2.75E0,5.120156211872E0,-7.26E0));
#538=CARTESIAN_POINT('',(1.125E1,5.120156211872E0,-7.26E0));
#539=CARTESIAN_POINT('',(1.133458618416E1,5.292672387450E0,-7.323439638116E0));
#540=CARTESIAN_POINT('',(1.147941013565E1,5.525156530520E0,-7.408931388990E0));
#541=CARTESIAN_POINT('',(1.173691153811E1,5.740781082421E0,-7.488223336517E0));
#542=CARTESIAN_POINT('',(1.189883028977E1,5.8E0,-7.51E0));
#543=CARTESIAN_POINT('',(1.2E1,5.8E0,-7.51E0));
#545=CARTESIAN_POINT('',(7.E0,5.8E0,-7.51E0));
#546=CARTESIAN_POINT('',(7.101169710228E0,5.8E0,-7.51E0));
#547=CARTESIAN_POINT('',(7.263088461887E0,5.740781082421E0,-7.488223336517E0));
#548=CARTESIAN_POINT('',(7.520589864352E0,5.525156530520E0,-7.408931388990E0));
#549=CARTESIAN_POINT('',(7.665413815845E0,5.292672387450E0,-7.323439638116E0));
#550=CARTESIAN_POINT('',(7.75E0,5.120156211872E0,-7.26E0));
#552=CARTESIAN_POINT('',(1.625E1,5.120156211872E0,-7.26E0));
#553=CARTESIAN_POINT('',(1.633458618416E1,5.292672387450E0,-7.323439638116E0));
#554=CARTESIAN_POINT('',(1.647941013565E1,5.525156530520E0,-7.408931388990E0));
#555=CARTESIAN_POINT('',(1.673691153811E1,5.740781082421E0,-7.488223336517E0));
#556=CARTESIAN_POINT('',(1.689883028977E1,5.8E0,-7.51E0));
#557=CARTESIAN_POINT('',(1.7E1,5.8E0,-7.51E0));
#559=CARTESIAN_POINT('',(1.2E1,5.8E0,-7.51E0));
#560=CARTESIAN_POINT('',(1.210116971023E1,5.8E0,-7.51E0));
#561=CARTESIAN_POINT('',(1.226308846189E1,5.740781082421E0,-7.488223336517E0));
#562=CARTESIAN_POINT('',(1.252058986435E1,5.525156530520E0,-7.408931388990E0));
#563=CARTESIAN_POINT('',(1.266541381584E1,5.292672387450E0,-7.323439638116E0));
#564=CARTESIAN_POINT('',(1.275E1,5.120156211872E0,-7.26E0));
#566=CARTESIAN_POINT('',(2.125E1,5.120156211872E0,-7.26E0));
#567=CARTESIAN_POINT('',(2.133458618416E1,5.292672387450E0,-7.323439638116E0));
#568=CARTESIAN_POINT('',(2.147941013565E1,5.525156530520E0,-7.408931388990E0));
#569=CARTESIAN_POINT('',(2.173691153811E1,5.740781082421E0,-7.488223336517E0));
#570=CARTESIAN_POINT('',(2.189883028977E1,5.8E0,-7.51E0));
#571=CARTESIAN_POINT('',(2.2E1,5.8E0,-7.51E0));
#573=CARTESIAN_POINT('',(1.7E1,5.8E0,-7.51E0));
#574=CARTESIAN_POINT('',(1.710116971023E1,5.8E0,-7.51E0));
#575=CARTESIAN_POINT('',(1.726308846189E1,5.740781082421E0,-7.488223336517E0));
#576=CARTESIAN_POINT('',(1.752058986435E1,5.525156530520E0,-7.408931388990E0));
#577=CARTESIAN_POINT('',(1.766541381584E1,5.292672387450E0,-7.323439638116E0));
#578=CARTESIAN_POINT('',(1.775E1,5.120156211872E0,-7.26E0));
#580=CARTESIAN_POINT('',(2.625E1,5.120156211872E0,-7.26E0));
#581=CARTESIAN_POINT('',(2.633458618416E1,5.292672387450E0,-7.323439638116E0));
#582=CARTESIAN_POINT('',(2.647941013565E1,5.525156530520E0,-7.408931388990E0));
#583=CARTESIAN_POINT('',(2.673691153811E1,5.740781082421E0,-7.488223336517E0));
#584=CARTESIAN_POINT('',(2.689883028977E1,5.8E0,-7.51E0));
#585=CARTESIAN_POINT('',(2.7E1,5.8E0,-7.51E0));
#587=CARTESIAN_POINT('',(2.2E1,5.8E0,-7.51E0));
#588=CARTESIAN_POINT('',(2.210116971023E1,5.8E0,-7.51E0));
#589=CARTESIAN_POINT('',(2.226308846189E1,5.740781082421E0,-7.488223336517E0));
#590=CARTESIAN_POINT('',(2.252058986435E1,5.525156530520E0,-7.408931388990E0));
#591=CARTESIAN_POINT('',(2.266541381584E1,5.292672387450E0,-7.323439638116E0));
#592=CARTESIAN_POINT('',(2.275E1,5.120156211872E0,-7.26E0));
#594=CARTESIAN_POINT('',(2.7E1,5.8E0,-7.51E0));
#595=CARTESIAN_POINT('',(2.710116971023E1,5.8E0,-7.51E0));
#596=CARTESIAN_POINT('',(2.726308846189E1,5.740781082421E0,-7.488223336517E0));
#597=CARTESIAN_POINT('',(2.752058986435E1,5.525156530520E0,-7.408931388990E0));
#598=CARTESIAN_POINT('',(2.766541381584E1,5.292672387450E0,-7.323439638116E0));
#599=CARTESIAN_POINT('',(2.775E1,5.120156211872E0,-7.26E0));
#601=CARTESIAN_POINT('',(2.E0,0.E0,-6.26E0));
#602=DIRECTION('',(0.E0,-1.E0,0.E0));
#603=DIRECTION('',(-1.E0,0.E0,0.E0));
#604=AXIS2_PLACEMENT_3D('',#601,#602,#603);
#606=DIRECTION('',(0.E0,-1.E0,0.E0));
#607=VECTOR('',#606,3.75E0);
#608=CARTESIAN_POINT('',(7.5E-1,3.75E0,-6.26E0));
#609=LINE('',#608,#607);
#610=CARTESIAN_POINT('',(4.7E0,0.E0,-6.26E0));
#611=DIRECTION('',(0.E0,-1.E0,0.E0));
#612=DIRECTION('',(0.E0,0.E0,1.E0));
#613=AXIS2_PLACEMENT_3D('',#610,#611,#612);
#615=DIRECTION('',(-1.E0,0.E0,0.E0));
#616=VECTOR('',#615,2.71E1);
#617=CARTESIAN_POINT('',(3.18E1,0.E0,-2.26E0));
#618=LINE('',#617,#616);
#619=DIRECTION('',(0.E0,0.E0,1.E0));
#620=VECTOR('',#619,8.E0);
#621=CARTESIAN_POINT('',(3.18E1,0.E0,-1.026E1));
#622=LINE('',#621,#620);
#623=DIRECTION('',(1.E0,0.E0,0.E0));
#624=VECTOR('',#623,2.71E1);
#625=CARTESIAN_POINT('',(4.7E0,0.E0,-1.026E1));
#626=LINE('',#625,#624);
#627=DIRECTION('',(0.E0,1.E0,0.E0));
#628=VECTOR('',#627,2.E0);
#629=CARTESIAN_POINT('',(4.7E0,-2.E0,-2.26E0));
#630=LINE('',#629,#628);
#631=CARTESIAN_POINT('',(-2.5E1,-2.E0,-6.26E0));
#632=DIRECTION('',(0.E0,-1.E0,0.E0));
#633=DIRECTION('',(1.E0,0.E0,0.E0));
#634=AXIS2_PLACEMENT_3D('',#631,#632,#633);
#636=CARTESIAN_POINT('',(-2.5E1,-2.E0,-6.26E0));
#637=DIRECTION('',(0.E0,-1.E0,0.E0));
#638=DIRECTION('',(-1.E0,0.E0,0.E0));
#639=AXIS2_PLACEMENT_3D('',#636,#637,#638);
#641=DIRECTION('',(0.E0,0.E0,1.E0));
#642=VECTOR('',#641,1.E0);
#643=CARTESIAN_POINT('',(-1.32E1,-2.E0,-9.26E0));
#644=LINE('',#643,#642);
#645=DIRECTION('',(-1.E0,0.E0,0.E0));
#646=VECTOR('',#645,5.E0);
#647=CARTESIAN_POINT('',(-1.32E1,-2.E0,-8.26E0));
#648=LINE('',#647,#646);
#649=DIRECTION('',(0.E0,0.E0,-1.E0));
#650=VECTOR('',#649,1.E0);
#651=CARTESIAN_POINT('',(-1.82E1,-2.E0,-8.26E0));
#652=LINE('',#651,#650);
#653=DIRECTION('',(1.E0,0.E0,0.E0));
#654=VECTOR('',#653,5.E0);
#655=CARTESIAN_POINT('',(-1.82E1,-2.E0,-9.26E0));
#656=LINE('',#655,#654);
#657=DIRECTION('',(0.E0,0.E0,1.E0));
#658=VECTOR('',#657,1.E0);
#659=CARTESIAN_POINT('',(-1.2E0,-2.E0,-9.26E0));
#660=LINE('',#659,#658);
#661=DIRECTION('',(-1.E0,0.E0,0.E0));
#662=VECTOR('',#661,5.E0);
#663=CARTESIAN_POINT('',(-1.2E0,-2.E0,-8.26E0));
#664=LINE('',#663,#662);
#665=DIRECTION('',(0.E0,0.E0,-1.E0));
#666=VECTOR('',#665,1.E0);
#667=CARTESIAN_POINT('',(-6.2E0,-2.E0,-8.26E0));
#668=LINE('',#667,#666);
#669=DIRECTION('',(1.E0,0.E0,0.E0));
#670=VECTOR('',#669,5.E0);
#671=CARTESIAN_POINT('',(-6.2E0,-2.E0,-9.26E0));
#672=LINE('',#671,#670);
#673=DIRECTION('',(-1.E0,0.E0,0.E0));
#674=VECTOR('',#673,5.98E1);
#675=CARTESIAN_POINT('',(3.18E1,-2.E0,-1.5E0));
#676=LINE('',#675,#674);
#677=DIRECTION('',(0.E0,0.E0,-1.E0));
#678=VECTOR('',#677,7.6E-1);
#679=CARTESIAN_POINT('',(3.18E1,-2.E0,-1.5E0));
#680=LINE('',#679,#678);
#681=DIRECTION('',(-1.E0,0.E0,0.E0));
#682=VECTOR('',#681,2.71E1);
#683=CARTESIAN_POINT('',(3.18E1,-2.E0,-2.26E0));
#684=LINE('',#683,#682);
#685=CARTESIAN_POINT('',(4.7E0,-2.E0,-6.26E0));
#686=DIRECTION('',(0.E0,-1.E0,0.E0));
#687=DIRECTION('',(0.E0,0.E0,1.E0));
#688=AXIS2_PLACEMENT_3D('',#685,#686,#687);
#690=DIRECTION('',(-1.E0,0.E0,0.E0));
#691=VECTOR('',#690,2.71E1);
#692=CARTESIAN_POINT('',(3.18E1,-2.E0,-1.026E1));
#693=LINE('',#692,#691);
#694=DIRECTION('',(1.E0,0.E0,0.E0));
#695=VECTOR('',#694,1.E0);
#696=CARTESIAN_POINT('',(3.18E1,-2.E0,-9.26E0));
#697=LINE('',#696,#695);
#698=DIRECTION('',(0.E0,0.E0,-1.E0));
#699=VECTOR('',#698,3.99E0);
#700=CARTESIAN_POINT('',(3.18E1,-2.E0,-1.101E1));
#701=LINE('',#700,#699);
#702=DIRECTION('',(-1.E0,0.E0,0.E0));
#703=VECTOR('',#702,5.E0);
#704=CARTESIAN_POINT('',(-1.2E0,-2.E0,-1.101E1));
#705=LINE('',#704,#703);
#706=DIRECTION('',(-1.E0,0.E0,0.E0));
#707=VECTOR('',#706,5.E0);
#708=CARTESIAN_POINT('',(-1.32E1,-2.E0,-1.101E1));
#709=LINE('',#708,#707);
#710=DIRECTION('',(0.E0,-1.E0,0.E0));
#711=VECTOR('',#710,2.45E1);
#712=CARTESIAN_POINT('',(-2.255E1,2.25E1,-6.26E0));
#713=LINE('',#712,#711);
#714=DIRECTION('',(1.E0,0.E0,0.E0));
#715=VECTOR('',#714,5.E0);
#716=CARTESIAN_POINT('',(-2.5E1,2.25E1,-1.26E0));
#717=LINE('',#716,#715);
#718=CARTESIAN_POINT('',(-2.5E1,2.25E1,-6.26E0));
#719=DIRECTION('',(0.E0,1.E0,0.E0));
#720=DIRECTION('',(0.E0,0.E0,-1.E0));
#721=AXIS2_PLACEMENT_3D('',#718,#719,#720);
#723=DIRECTION('',(-1.E0,0.E0,0.E0));
#724=VECTOR('',#723,5.E0);
#725=CARTESIAN_POINT('',(-2.E1,2.25E1,-1.126E1));
#726=LINE('',#725,#724);
#727=DIRECTION('',(0.E0,0.E0,-1.E0));
#728=VECTOR('',#727,1.E1);
#729=CARTESIAN_POINT('',(-2.E1,2.25E1,-1.26E0));
#730=LINE('',#729,#728);
#731=CARTESIAN_POINT('',(-2.5E1,2.25E1,-6.26E0));
#732=DIRECTION('',(0.E0,-1.E0,0.E0));
#733=DIRECTION('',(1.E0,0.E0,0.E0));
#734=AXIS2_PLACEMENT_3D('',#731,#732,#733);
#736=CARTESIAN_POINT('',(-2.5E1,2.25E1,-6.26E0));
#737=DIRECTION('',(0.E0,-1.E0,0.E0));
#738=DIRECTION('',(-1.E0,0.E0,0.E0));
#739=AXIS2_PLACEMENT_3D('',#736,#737,#738);
#741=DIRECTION('',(0.E0,1.E0,0.E0));
#742=VECTOR('',#741,2.25E1);
#743=CARTESIAN_POINT('',(-2.5E1,0.E0,-1.26E0));
#744=LINE('',#743,#742);
#745=DIRECTION('',(0.E0,1.E0,0.E0));
#746=VECTOR('',#745,2.25E1);
#747=CARTESIAN_POINT('',(-2.5E1,0.E0,-1.126E1));
#748=LINE('',#747,#746);
#749=DIRECTION('',(0.E0,1.E0,0.E0));
#750=VECTOR('',#749,2.25E1);
#751=CARTESIAN_POINT('',(-2.E1,0.E0,-1.126E1));
#752=LINE('',#751,#750);
#753=DIRECTION('',(0.E0,1.E0,0.E0));
#754=VECTOR('',#753,2.25E1);
#755=CARTESIAN_POINT('',(-2.E1,0.E0,-1.26E0));
#756=LINE('',#755,#754);
#757=DIRECTION('',(0.E0,-1.E0,0.E0));
#758=VECTOR('',#757,2.45E1);
#759=CARTESIAN_POINT('',(-2.745E1,2.25E1,-6.26E0));
#760=LINE('',#759,#758);
#761=DIRECTION('',(0.E0,-1.E0,0.E0));
#762=VECTOR('',#761,1.5E0);
#763=CARTESIAN_POINT('',(-1.32E1,-2.E0,-9.26E0));
#764=LINE('',#763,#762);
#765=DIRECTION('',(0.E0,-1.E0,0.E0));
#766=VECTOR('',#765,1.5E0);
#767=CARTESIAN_POINT('',(-1.82E1,-2.E0,-9.26E0));
#768=LINE('',#767,#766);
#769=DIRECTION('',(0.E0,-1.E0,0.E0));
#770=VECTOR('',#769,1.5E0);
#771=CARTESIAN_POINT('',(-1.82E1,-2.E0,-8.26E0));
#772=LINE('',#771,#770);
#773=DIRECTION('',(0.E0,-1.E0,0.E0));
#774=VECTOR('',#773,1.5E0);
#775=CARTESIAN_POINT('',(-1.32E1,-2.E0,-8.26E0));
#776=LINE('',#775,#774);
#777=DIRECTION('',(0.E0,0.E0,1.E0));
#778=VECTOR('',#777,1.E0);
#779=CARTESIAN_POINT('',(-1.32E1,-3.5E0,-9.26E0));
#780=LINE('',#779,#778);
#781=DIRECTION('',(1.E0,0.E0,0.E0));
#782=VECTOR('',#781,5.E0);
#783=CARTESIAN_POINT('',(-1.82E1,-3.5E0,-9.26E0));
#784=LINE('',#783,#782);
#785=DIRECTION('',(0.E0,0.E0,-1.E0));
#786=VECTOR('',#785,1.E0);
#787=CARTESIAN_POINT('',(-1.82E1,-3.5E0,-8.26E0));
#788=LINE('',#787,#786);
#789=DIRECTION('',(-1.E0,0.E0,0.E0));
#790=VECTOR('',#789,5.E0);
#791=CARTESIAN_POINT('',(-1.32E1,-3.5E0,-8.26E0));
#792=LINE('',#791,#790);
#793=DIRECTION('',(0.E0,0.E0,1.E0));
#794=VECTOR('',#793,1.E0);
#795=CARTESIAN_POINT('',(-1.2E0,-3.5E0,-9.26E0));
#796=LINE('',#795,#794);
#797=DIRECTION('',(1.E0,0.E0,0.E0));
#798=VECTOR('',#797,5.E0);
#799=CARTESIAN_POINT('',(-6.2E0,-3.5E0,-9.26E0));
#800=LINE('',#799,#798);
#801=DIRECTION('',(0.E0,0.E0,-1.E0));
#802=VECTOR('',#801,1.E0);
#803=CARTESIAN_POINT('',(-6.2E0,-3.5E0,-8.26E0));
#804=LINE('',#803,#802);
#805=DIRECTION('',(-1.E0,0.E0,0.E0));
#806=VECTOR('',#805,5.E0);
#807=CARTESIAN_POINT('',(-1.2E0,-3.5E0,-8.26E0));
#808=LINE('',#807,#806);
#809=DIRECTION('',(0.E0,0.E0,1.E0));
#810=VECTOR('',#809,4.163026518595E0);
#811=CARTESIAN_POINT('',(-6.2E0,-3.5E0,-1.517302651860E1));
#812=LINE('',#811,#810);
#813=DIRECTION('',(-1.E0,0.E0,0.E0));
#814=VECTOR('',#813,5.E0);
#815=CARTESIAN_POINT('',(-1.2E0,-3.5E0,-1.101E1));
#816=LINE('',#815,#814);
#817=DIRECTION('',(0.E0,0.E0,1.E0));
#818=VECTOR('',#817,3.99E0);
#819=CARTESIAN_POINT('',(-1.67E1,-3.5E0,-1.5E1));
#820=LINE('',#819,#818);
#821=DIRECTION('',(-1.E0,0.E0,0.E0));
#822=VECTOR('',#821,3.5E0);
#823=CARTESIAN_POINT('',(-1.32E1,-3.5E0,-1.101E1));
#824=LINE('',#823,#822);
#825=DIRECTION('',(0.E0,-1.E0,0.E0));
#826=VECTOR('',#825,1.5E0);
#827=CARTESIAN_POINT('',(-1.2E0,-2.E0,-9.26E0));
#828=LINE('',#827,#826);
#829=DIRECTION('',(0.E0,-1.E0,0.E0));
#830=VECTOR('',#829,1.5E0);
#831=CARTESIAN_POINT('',(-6.2E0,-2.E0,-9.26E0));
#832=LINE('',#831,#830);
#833=DIRECTION('',(0.E0,-1.E0,0.E0));
#834=VECTOR('',#833,1.5E0);
#835=CARTESIAN_POINT('',(-6.2E0,-2.E0,-8.26E0));
#836=LINE('',#835,#834);
#837=DIRECTION('',(0.E0,-1.E0,0.E0));
#838=VECTOR('',#837,1.5E0);
#839=CARTESIAN_POINT('',(-1.2E0,-2.E0,-8.26E0));
#840=LINE('',#839,#838);
#841=DIRECTION('',(0.E0,0.E0,1.E0));
#842=VECTOR('',#841,4.219469446064E0);
#843=CARTESIAN_POINT('',(-1.2E0,-3.5E0,-1.522946944606E1));
#844=LINE('',#843,#842);
#845=DIRECTION('',(0.E0,0.E0,-1.E0));
#846=VECTOR('',#845,3.99E0);
#847=CARTESIAN_POINT('',(-1.2E0,-2.E0,-1.101E1));
#848=LINE('',#847,#846);
#849=CARTESIAN_POINT('',(-1.438E1,-2.8E1,-1.5E1));
#850=DIRECTION('',(0.E0,0.E0,1.E0));
#851=DIRECTION('',(1.E0,0.E0,0.E0));
#852=AXIS2_PLACEMENT_3D('',#849,#850,#851);
#854=CARTESIAN_POINT('',(-1.438E1,-2.8E1,-1.5E1));
#855=DIRECTION('',(0.E0,0.E0,1.E0));
#856=DIRECTION('',(-1.E0,0.E0,0.E0));
#857=AXIS2_PLACEMENT_3D('',#854,#855,#856);
#859=CARTESIAN_POINT('',(-3.488E0,-2.5245E1,-1.5E1));
#860=DIRECTION('',(0.E0,0.E0,-1.E0));
#861=DIRECTION('',(1.E0,0.E0,0.E0));
#862=AXIS2_PLACEMENT_3D('',#859,#860,#861);
#864=CARTESIAN_POINT('',(-3.488E0,-2.5245E1,-1.5E1));
#865=DIRECTION('',(0.E0,0.E0,-1.E0));
#866=DIRECTION('',(-1.E0,0.E0,0.E0));
#867=AXIS2_PLACEMENT_3D('',#864,#865,#866);
#869=CARTESIAN_POINT('',(2.753E1,-1.045E1,-1.5E1));
#870=DIRECTION('',(0.E0,0.E0,1.E0));
#871=DIRECTION('',(1.E0,0.E0,0.E0));
#872=AXIS2_PLACEMENT_3D('',#869,#870,#871);
#874=CARTESIAN_POINT('',(2.753E1,-1.045E1,-1.5E1));
#875=DIRECTION('',(0.E0,0.E0,1.E0));
#876=DIRECTION('',(-1.E0,0.E0,0.E0));
#877=AXIS2_PLACEMENT_3D('',#874,#875,#876);
#879=CARTESIAN_POINT('',(2.753E1,-2.205E1,-1.5E1));
#880=DIRECTION('',(0.E0,0.E0,1.E0));
#881=DIRECTION('',(1.E0,0.E0,0.E0));
#882=AXIS2_PLACEMENT_3D('',#879,#880,#881);
#884=CARTESIAN_POINT('',(2.753E1,-2.205E1,-1.5E1));
#885=DIRECTION('',(0.E0,0.E0,1.E0));
#886=DIRECTION('',(-1.E0,0.E0,0.E0));
#887=AXIS2_PLACEMENT_3D('',#884,#885,#886);
#889=DIRECTION('',(1.E0,0.E0,0.E0));
#890=VECTOR('',#889,1.5E0);
#891=CARTESIAN_POINT('',(-1.82E1,-8.5E0,-1.5E1));
#892=LINE('',#891,#890);
#893=DIRECTION('',(0.E0,1.E0,0.E0));
#894=VECTOR('',#893,5.E0);
#895=CARTESIAN_POINT('',(-1.67E1,-8.5E0,-1.5E1));
#896=LINE('',#895,#894);
#897=DIRECTION('',(-1.E0,0.E0,0.E0));
#898=VECTOR('',#897,3.5E0);
#899=CARTESIAN_POINT('',(-1.32E1,-3.5E0,-1.5E1));
#900=LINE('',#899,#898);
#901=DIRECTION('',(0.E0,-1.E0,0.E0));
#902=VECTOR('',#901,1.5E0);
#903=CARTESIAN_POINT('',(-1.32E1,-2.E0,-1.5E1));
#904=LINE('',#903,#902);
#905=DIRECTION('',(-1.E0,0.E0,0.E0));
#906=VECTOR('',#905,7.E0);
#907=CARTESIAN_POINT('',(-6.2E0,-2.E0,-1.5E1));
#908=LINE('',#907,#906);
#909=DIRECTION('',(-4.671884101877E-5,-9.999999989087E-1,0.E0));
#910=VECTOR('',#909,6.851402975103E-1);
#911=CARTESIAN_POINT('',(-6.2E0,-2.E0,-1.5E1));
#912=LINE('',#911,#910);
#913=CARTESIAN_POINT('',(-3.488E0,-7.47E0,-1.5E1));
#914=DIRECTION('',(0.E0,0.E0,-1.E0));
#915=DIRECTION('',(-1.E0,0.E0,0.E0));
#916=AXIS2_PLACEMENT_3D('',#913,#914,#915);
#918=CARTESIAN_POINT('',(-3.488E0,-7.47E0,-1.5E1));
#919=DIRECTION('',(0.E0,0.E0,-1.E0));
#920=DIRECTION('',(1.E0,0.E0,0.E0));
#921=AXIS2_PLACEMENT_3D('',#918,#919,#920);
#923=CARTESIAN_POINT('',(-3.488E0,-7.47E0,-1.5E1));
#924=DIRECTION('',(0.E0,0.E0,-1.E0));
#925=DIRECTION('',(4.16E-1,9.093646133427E-1,0.E0));
#926=AXIS2_PLACEMENT_3D('',#923,#924,#925);
#928=DIRECTION('',(3.387455510193E-4,-9.999999426257E-1,0.E0));
#929=VECTOR('',#928,4.685672733710E-1);
#930=CARTESIAN_POINT('',(-1.2E0,-2.E0,-1.5E1));
#931=LINE('',#930,#929);
#932=DIRECTION('',(-1.E0,0.E0,0.E0));
#933=VECTOR('',#932,3.3E1);
#934=CARTESIAN_POINT('',(3.18E1,-2.E0,-1.5E1));
#935=LINE('',#934,#933);
#936=DIRECTION('',(0.E0,1.E0,0.E0));
#937=VECTOR('',#936,1.062765242872E1);
#938=CARTESIAN_POINT('',(3.18E1,-2.156382621436E1,-1.5E1));
#939=LINE('',#938,#937);
#940=DIRECTION('',(1.E0,0.E0,0.E0));
#941=VECTOR('',#940,5.98E1);
#942=CARTESIAN_POINT('',(-2.8E1,-3.85E1,-1.5E1));
#943=LINE('',#942,#941);
#944=DIRECTION('',(0.E0,-1.E0,0.E0));
#945=VECTOR('',#944,3.65E1);
#946=CARTESIAN_POINT('',(-2.8E1,-2.E0,-1.5E1));
#947=LINE('',#946,#945);
#948=DIRECTION('',(-1.E0,0.E0,0.E0));
#949=VECTOR('',#948,9.8E0);
#950=CARTESIAN_POINT('',(-1.82E1,-2.E0,-1.5E1));
#951=LINE('',#950,#949);
#952=CARTESIAN_POINT('',(-9.88E0,-2.800000000183E1,-1.45E1));
#953=DIRECTION('',(4.056136815311E-10,1.E0,0.E0));
#954=DIRECTION('',(-3.026627837244E-10,0.E0,-1.E0));
#955=AXIS2_PLACEMENT_3D('',#952,#953,#954);
#957=CARTESIAN_POINT('',(-1.888E1,-2.799999999817E1,-1.45E1));
#958=DIRECTION('',(-4.056136468367E-10,-1.E0,0.E0));
#959=DIRECTION('',(3.026698891517E-10,0.E0,-1.E0));
#960=AXIS2_PLACEMENT_3D('',#957,#958,#959);
#962=CARTESIAN_POINT('',(-1.438E1,-2.8E1,-1.45E1));
#963=DIRECTION('',(0.E0,0.E0,1.E0));
#964=DIRECTION('',(-1.E0,0.E0,0.E0));
#965=AXIS2_PLACEMENT_3D('',#962,#963,#964);
#967=DIRECTION('',(0.E0,5.856887722343E-11,1.E0));
#968=VECTOR('',#967,3.49E0);
#969=CARTESIAN_POINT('',(-1.838E1,-2.800000000020E1,-1.45E1));
#970=LINE('',#969,#968);
#971=CARTESIAN_POINT('',(-1.438E1,-2.8E1,-1.45E1));
#972=DIRECTION('',(0.E0,0.E0,1.E0));
#973=DIRECTION('',(1.E0,0.E0,0.E0));
#974=AXIS2_PLACEMENT_3D('',#971,#972,#973);
#976=DIRECTION('',(0.E0,-5.856785925390E-11,1.E0));
#977=VECTOR('',#976,3.49E0);
#978=CARTESIAN_POINT('',(-1.038E1,-2.799999999980E1,-1.45E1));
#979=LINE('',#978,#977);
#980=CARTESIAN_POINT('',(-1.438E1,-2.8E1,-1.101E1));
#981=DIRECTION('',(0.E0,0.E0,1.E0));
#982=DIRECTION('',(-1.E0,0.E0,0.E0));
#983=AXIS2_PLACEMENT_3D('',#980,#981,#982);
#985=CARTESIAN_POINT('',(-1.438E1,-2.8E1,-1.101E1));
#986=DIRECTION('',(0.E0,0.E0,1.E0));
#987=DIRECTION('',(1.E0,0.E0,0.E0));
#988=AXIS2_PLACEMENT_3D('',#985,#986,#987);
#990=CARTESIAN_POINT('',(-1.438E1,-2.8E1,-1.101E1));
#991=DIRECTION('',(0.E0,0.E0,-1.E0));
#992=DIRECTION('',(-1.E0,0.E0,0.E0));
#993=AXIS2_PLACEMENT_3D('',#990,#991,#992);
#995=CARTESIAN_POINT('',(-1.438E1,-2.8E1,-1.101E1));
#996=DIRECTION('',(0.E0,0.E0,-1.E0));
#997=DIRECTION('',(1.E0,0.E0,0.E0));
#998=AXIS2_PLACEMENT_3D('',#995,#996,#997);
#1000=DIRECTION('',(0.E0,0.E0,-1.E0));
#1001=VECTOR('',#1000,5.E0);
#1002=CARTESIAN_POINT('',(-1.518E1,-2.8E1,-1.101E1));
#1003=LINE('',#1002,#1001);
#1004=DIRECTION('',(0.E0,0.E0,-1.E0));
#1005=VECTOR('',#1004,5.E0);
#1006=CARTESIAN_POINT('',(-1.358E1,-2.8E1,-1.101E1));
#1007=LINE('',#1006,#1005);
#1008=CARTESIAN_POINT('',(-1.438E1,-2.8E1,-1.601E1));
#1009=DIRECTION('',(0.E0,0.E0,-1.E0));
#1010=DIRECTION('',(-1.E0,0.E0,0.E0));
#1011=AXIS2_PLACEMENT_3D('',#1008,#1009,#1010);
#1013=CARTESIAN_POINT('',(-1.438E1,-2.8E1,-1.601E1));
#1014=DIRECTION('',(0.E0,0.E0,-1.E0));
#1015=DIRECTION('',(1.E0,0.E0,0.E0));
#1016=AXIS2_PLACEMENT_3D('',#1013,#1014,#1015);
#1018=DIRECTION('',(-9.701425001453E-1,6.136392665053E-9,-2.425356250363E-1));
#1019=VECTOR('',#1018,4.123105618859E0);
#1020=CARTESIAN_POINT('',(2.011999991757E0,-2.524500003181E1,
-1.500000000206E1));
#1021=LINE('',#1020,#1019);
#1022=DIRECTION('',(9.701425001453E-1,-6.136393526713E-9,-2.425356250363E-1));
#1023=VECTOR('',#1022,4.123105618859E0);
#1024=CARTESIAN_POINT('',(-8.987999991757E0,-2.524499996819E1,
-1.500000000206E1));
#1025=LINE('',#1024,#1023);
#1026=CARTESIAN_POINT('',(-3.488E0,-2.5245E1,-1.6E1));
#1027=DIRECTION('',(0.E0,0.E0,-1.E0));
#1028=DIRECTION('',(-1.E0,0.E0,0.E0));
#1029=AXIS2_PLACEMENT_3D('',#1026,#1027,#1028);
#1031=CARTESIAN_POINT('',(-3.488E0,-2.5245E1,-1.6E1));
#1032=DIRECTION('',(0.E0,0.E0,-1.E0));
#1033=DIRECTION('',(1.E0,0.E0,0.E0));
#1034=AXIS2_PLACEMENT_3D('',#1031,#1032,#1033);
#1036=DIRECTION('',(-1.686133011703E-9,-6.505967323178E-9,-1.E0));
#1037=VECTOR('',#1036,9.999999995785E-1);
#1038=CARTESIAN_POINT('',(-4.987999998314E0,-2.524499999349E1,
-1.600000000042E1));
#1039=LINE('',#1038,#1037);
#1040=DIRECTION('',(-1.686135454193E-9,-6.505977981319E-9,1.E0));
#1041=VECTOR('',#1040,9.999999995785E-1);
#1042=CARTESIAN_POINT('',(-1.988E0,-2.5245E1,-1.7E1));
#1043=LINE('',#1042,#1041);
#1044=DIRECTION('',(0.E0,-1.E0,0.E0));
#1045=VECTOR('',#1044,4.05E1);
#1046=CARTESIAN_POINT('',(3.38E1,0.E0,-1.7E1));
#1047=LINE('',#1046,#1045);
#1048=CARTESIAN_POINT('',(-3.488E0,-2.5245E1,-1.7E1));
#1049=DIRECTION('',(0.E0,0.E0,-1.E0));
#1050=DIRECTION('',(-1.E0,0.E0,0.E0));
#1051=AXIS2_PLACEMENT_3D('',#1048,#1049,#1050);
#1053=CARTESIAN_POINT('',(-3.488E0,-2.5245E1,-1.7E1));
#1054=DIRECTION('',(0.E0,0.E0,-1.E0));
#1055=DIRECTION('',(1.E0,0.E0,0.E0));
#1056=AXIS2_PLACEMENT_3D('',#1053,#1054,#1055);
#1058=CARTESIAN_POINT('',(-3.488E0,-7.47E0,-1.7E1));
#1059=DIRECTION('',(0.E0,0.E0,-1.E0));
#1060=DIRECTION('',(-1.E0,0.E0,0.E0));
#1061=AXIS2_PLACEMENT_3D('',#1058,#1059,#1060);
#1063=CARTESIAN_POINT('',(-3.488E0,-7.47E0,-1.7E1));
#1064=DIRECTION('',(0.E0,0.E0,-1.E0));
#1065=DIRECTION('',(1.E0,0.E0,0.E0));
#1066=AXIS2_PLACEMENT_3D('',#1063,#1064,#1065);
#1068=DIRECTION('',(-8.906053746977E-1,4.547769415434E-1,0.E0));
#1069=VECTOR('',#1068,1.871387158382E-1);
#1070=CARTESIAN_POINT('',(-1.007133325386E1,-7.427446813583E0,-1.7E1));
#1071=LINE('',#1070,#1069);
#1072=DIRECTION('',(-5.919095487496E-1,8.060043958311E-1,0.E0));
#1073=VECTOR('',#1072,4.223618296548E-1);
#1074=CARTESIAN_POINT('',(-1.0238E1,-7.342340440750E0,-1.7E1));
#1075=LINE('',#1074,#1073);
#1076=DIRECTION('',(-3.102797975506E-1,9.506452793929E-1,0.E0));
#1077=VECTOR('',#1076,2.685745398776E-1);
#1078=CARTESIAN_POINT('',(-1.0488E1,-7.001914949417E0,-1.7E1));
#1079=LINE('',#1078,#1077);
#1080=DIRECTION('',(0.E0,1.E0,0.E0));
#1081=VECTOR('',#1080,3.404257297516E-1);
#1082=CARTESIAN_POINT('',(-1.057133325386E1,-6.746595830917E0,-1.7E1));
#1083=LINE('',#1082,#1081);
#1084=DIRECTION('',(3.102797975506E-1,9.506452793929E-1,0.E0));
#1085=VECTOR('',#1084,2.685745398776E-1);
#1086=CARTESIAN_POINT('',(-1.057133325386E1,-6.406170101166E0,-1.7E1));
#1087=LINE('',#1086,#1085);
#1088=DIRECTION('',(5.919095487496E-1,8.060043958311E-1,0.E0));
#1089=VECTOR('',#1088,4.223618296548E-1);
#1090=CARTESIAN_POINT('',(-1.0488E1,-6.150850982666E0,-1.7E1));
#1091=LINE('',#1090,#1089);
#1092=DIRECTION('',(7.938781110087E-1,6.080769234738E-1,0.E0));
#1093=VECTOR('',#1092,4.198796379925E-1);
#1094=CARTESIAN_POINT('',(-1.0238E1,-5.810425491333E0,-1.7E1));
#1095=LINE('',#1094,#1093);
#1096=DIRECTION('',(9.797707167625E-1,2.001233184181E-1,0.E0));
#1097=VECTOR('',#1096,4.252696462661E-1);
#1098=CARTESIAN_POINT('',(-9.904666746140E0,-5.555106372833E0,-1.7E1));
#1099=LINE('',#1098,#1097);
#1100=DIRECTION('',(1.E0,0.E0,0.E0));
#1101=VECTOR('',#1100,2.E0);
#1102=CARTESIAN_POINT('',(-9.488E0,-5.47E0,-1.7E1));
#1103=LINE('',#1102,#1101);
#1104=DIRECTION('',(0.E0,-1.E0,0.E0));
#1105=VECTOR('',#1104,4.E0);
#1106=CARTESIAN_POINT('',(-7.488E0,-5.47E0,-1.7E1));
#1107=LINE('',#1106,#1105);
#1108=DIRECTION('',(-1.E0,0.E0,0.E0));
#1109=VECTOR('',#1108,2.E0);
#1110=CARTESIAN_POINT('',(-7.488E0,-9.47E0,-1.7E1));
#1111=LINE('',#1110,#1109);
#1112=DIRECTION('',(-9.797707133274E-1,2.001233352361E-1,0.E0));
#1113=VECTOR('',#1112,4.252696477572E-1);
#1114=CARTESIAN_POINT('',(-9.488E0,-9.47E0,-1.7E1));
#1115=LINE('',#1114,#1113);
#1116=DIRECTION('',(-7.938780853107E-1,6.080769570239E-1,0.E0));
#1117=VECTOR('',#1116,4.198796515841E-1);
#1118=CARTESIAN_POINT('',(-9.904666746140E0,-9.384893619716E0,-1.7E1));
#1119=LINE('',#1118,#1117);
#1120=DIRECTION('',(-5.919095150862E-1,8.060044205527E-1,0.E0));
#1121=VECTOR('',#1120,4.223618536756E-1);
#1122=CARTESIAN_POINT('',(-1.0238E1,-9.129574478865E0,-1.7E1));
#1123=LINE('',#1122,#1121);
#1124=DIRECTION('',(-3.102797320889E-1,9.506453007588E-1,0.E0));
#1125=VECTOR('',#1124,2.685745965405E-1);
#1126=CARTESIAN_POINT('',(-1.0488E1,-8.789148957729E0,-1.7E1));
#1127=LINE('',#1126,#1125);
#1128=DIRECTION('',(0.E0,1.E0,0.E0));
#1129=VECTOR('',#1128,4.255318641663E-1);
#1130=CARTESIAN_POINT('',(-1.057133325386E1,-8.533829779625E0,-1.7E1));
#1131=LINE('',#1130,#1129);
#1132=DIRECTION('',(3.102796666273E-1,9.506453221247E-1,0.E0));
#1133=VECTOR('',#1132,2.685746532034E-1);
#1134=CARTESIAN_POINT('',(-1.057133325386E1,-8.108297915459E0,-1.7E1));
#1135=LINE('',#1134,#1133);
#1136=DIRECTION('',(5.919095487496E-1,8.060043958311E-1,0.E0));
#1137=VECTOR('',#1136,4.223618296548E-1);
#1138=CARTESIAN_POINT('',(-1.0488E1,-7.852978677750E0,-1.7E1));
#1139=LINE('',#1138,#1137);
#1140=DIRECTION('',(8.906053746977E-1,4.547769415434E-1,0.E0));
#1141=VECTOR('',#1140,1.871387158382E-1);
#1142=CARTESIAN_POINT('',(-1.0238E1,-7.512553186417E0,-1.7E1));
#1143=LINE('',#1142,#1141);
#1144=DIRECTION('',(-1.E0,0.E0,0.E0));
#1145=VECTOR('',#1144,1.583333253860E0);
#1146=CARTESIAN_POINT('',(-7.988E0,-5.980638237E0,-1.7E1));
#1147=LINE('',#1146,#1145);
#1148=DIRECTION('',(-9.466499177700E-1,-3.222637633772E-1,0.E0));
#1149=VECTOR('',#1148,2.640891794391E-1);
#1150=CARTESIAN_POINT('',(-9.571333253860E0,-5.980638237E0,-1.7E1));
#1151=LINE('',#1150,#1149);
#1152=DIRECTION('',(-6.996250055017E-1,-7.145102180353E-1,0.E0));
#1153=VECTOR('',#1152,2.382229692034E-1);
#1154=CARTESIAN_POINT('',(-9.821333253860E0,-6.065744609833E0,-1.7E1));
#1155=LINE('',#1154,#1153);
#1156=DIRECTION('',(-3.102795357040E-1,-9.506453648566E-1,0.E0));
#1157=VECTOR('',#1156,2.685747665291E-1);
#1158=CARTESIAN_POINT('',(-9.988E0,-6.235957355499E0,-1.7E1));
#1159=LINE('',#1158,#1157);
#1160=DIRECTION('',(0.E0,-1.E0,0.E0));
#1161=VECTOR('',#1160,1.702127456665E-1);
#1162=CARTESIAN_POINT('',(-1.007133325386E1,-6.491276712418E0,-1.7E1));
#1163=LINE('',#1162,#1161);
#1164=DIRECTION('',(3.102797975506E-1,-9.506452793929E-1,0.E0));
#1165=VECTOR('',#1164,2.685745398776E-1);
#1166=CARTESIAN_POINT('',(-1.007133325386E1,-6.661489458084E0,-1.7E1));
#1167=LINE('',#1166,#1165);
#1168=DIRECTION('',(6.996250055017E-1,-7.145102180353E-1,0.E0));
#1169=VECTOR('',#1168,2.382229692034E-1);
#1170=CARTESIAN_POINT('',(-9.988E0,-6.916808576584E0,-1.7E1));
#1171=LINE('',#1170,#1169);
#1172=DIRECTION('',(9.466499177700E-1,-3.222637633772E-1,0.E0));
#1173=VECTOR('',#1172,2.640891794391E-1);
#1174=CARTESIAN_POINT('',(-9.821333253860E0,-7.087021322250E0,-1.7E1));
#1175=LINE('',#1174,#1173);
#1176=DIRECTION('',(1.E0,0.E0,0.E0));
#1177=VECTOR('',#1176,1.583333253860E0);
#1178=CARTESIAN_POINT('',(-9.571333253860E0,-7.172127695084E0,-1.7E1));
#1179=LINE('',#1178,#1177);
#1180=DIRECTION('',(0.E0,1.E0,0.E0));
#1181=VECTOR('',#1180,1.191489458084E0);
#1182=CARTESIAN_POINT('',(-7.988E0,-7.172127695084E0,-1.7E1));
#1183=LINE('',#1182,#1181);
#1184=DIRECTION('',(0.E0,-1.E0,0.E0));
#1185=VECTOR('',#1184,2.553191184998E-1);
#1186=CARTESIAN_POINT('',(-1.007133325386E1,-8.193404288292E0,-1.7E1));
#1187=LINE('',#1186,#1185);
#1188=DIRECTION('',(3.102797975506E-1,-9.506452793929E-1,0.E0));
#1189=VECTOR('',#1188,2.685745398776E-1);
#1190=CARTESIAN_POINT('',(-1.007133325386E1,-8.448723406792E0,-1.7E1));
#1191=LINE('',#1190,#1189);
#1192=DIRECTION('',(6.996248804268E-1,-7.145103405045E-1,0.E0));
#1193=VECTOR('',#1192,2.382230117915E-1);
#1194=CARTESIAN_POINT('',(-9.988E0,-8.704042525291E0,-1.7E1));
#1195=LINE('',#1194,#1193);
#1196=DIRECTION('',(9.466499177700E-1,-3.222637633772E-1,0.E0));
#1197=VECTOR('',#1196,2.640891794391E-1);
#1198=CARTESIAN_POINT('',(-9.821333253860E0,-8.874255330563E0,-1.7E1));
#1199=LINE('',#1198,#1197);
#1200=DIRECTION('',(1.E0,0.E0,0.E0));
#1201=VECTOR('',#1200,1.583333253860E0);
#1202=CARTESIAN_POINT('',(-9.571333253860E0,-8.959361703396E0,-1.7E1));
#1203=LINE('',#1202,#1201);
#1204=DIRECTION('',(0.E0,1.E0,0.E0));
#1205=VECTOR('',#1204,1.276595771313E0);
#1206=CARTESIAN_POINT('',(-7.988E0,-8.959361703396E0,-1.7E1));
#1207=LINE('',#1206,#1205);
#1208=DIRECTION('',(-1.E0,0.E0,0.E0));
#1209=VECTOR('',#1208,1.583333253860E0);
#1210=CARTESIAN_POINT('',(-7.988E0,-7.682765932083E0,-1.7E1));
#1211=LINE('',#1210,#1209);
#1212=DIRECTION('',(-9.466499177700E-1,-3.222637633772E-1,0.E0));
#1213=VECTOR('',#1212,2.640891794391E-1);
#1214=CARTESIAN_POINT('',(-9.571333253860E0,-7.682765932083E0,-1.7E1));
#1215=LINE('',#1214,#1213);
#1216=DIRECTION('',(-6.996250055017E-1,-7.145102180353E-1,0.E0));
#1217=VECTOR('',#1216,2.382229692034E-1);
#1218=CARTESIAN_POINT('',(-9.821333253860E0,-7.767872304916E0,-1.7E1));
#1219=LINE('',#1218,#1217);
#1220=DIRECTION('',(-3.102796666273E-1,-9.506453221247E-1,0.E0));
#1221=VECTOR('',#1220,2.685746532034E-1);
#1222=CARTESIAN_POINT('',(-9.988E0,-7.938085050583E0,-1.7E1));
#1223=LINE('',#1222,#1221);
#1224=DIRECTION('',(1.E0,0.E0,0.E0));
#1225=VECTOR('',#1224,6.666666269302E-1);
#1226=CARTESIAN_POINT('',(-9.488E0,-2.3245E1,-1.7E1));
#1227=LINE('',#1226,#1225);
#1228=DIRECTION('',(3.162277744987E-1,-9.486832952232E-1,0.E0));
#1229=VECTOR('',#1228,4.216370226124E0);
#1230=CARTESIAN_POINT('',(-8.821333373070E0,-2.3245E1,-1.7E1));
#1231=LINE('',#1230,#1229);
#1232=DIRECTION('',(-1.E0,0.E0,0.E0));
#1233=VECTOR('',#1232,5.E-1);
#1234=CARTESIAN_POINT('',(-7.488E0,-2.7245E1,-1.7E1));
#1235=LINE('',#1234,#1233);
#1236=DIRECTION('',(-3.102800155243E-1,9.506452082487E-1,0.E0));
#1237=VECTOR('',#1236,1.074298365307E0);
#1238=CARTESIAN_POINT('',(-7.988E0,-2.7245E1,-1.7E1));
#1239=LINE('',#1238,#1237);
#1240=DIRECTION('',(-1.E0,0.E0,0.E0));
#1241=VECTOR('',#1240,1.666666686535E0);
#1242=CARTESIAN_POINT('',(-8.321333313465E0,-2.622372340679E1,-1.7E1));
#1243=LINE('',#1242,#1241);
#1244=DIRECTION('',(-3.102799653834E-1,-9.506452246141E-1,0.E0));
#1245=VECTOR('',#1244,1.074298346813E0);
#1246=CARTESIAN_POINT('',(-9.988E0,-2.622372340679E1,-1.7E1));
#1247=LINE('',#1246,#1245);
#1248=DIRECTION('',(-1.E0,0.E0,0.E0));
#1249=VECTOR('',#1248,5.E-1);
#1250=CARTESIAN_POINT('',(-1.032133325386E1,-2.7245E1,-1.7E1));
#1251=LINE('',#1250,#1249);
#1252=DIRECTION('',(3.162277490531E-1,9.486833037051E-1,0.E0));
#1253=VECTOR('',#1252,4.216370188426E0);
#1254=CARTESIAN_POINT('',(-1.082133325386E1,-2.7245E1,-1.7E1));
#1255=LINE('',#1254,#1253);
#1256=DIRECTION('',(-3.102800658973E-1,-9.506451918075E-1,0.E0));
#1257=VECTOR('',#1256,2.417171457793E0);
#1258=CARTESIAN_POINT('',(-9.154666626930E0,-2.358542549133E1,-1.7E1));
#1259=LINE('',#1258,#1257);
#1260=DIRECTION('',(1.E0,0.E0,0.E0));
#1261=VECTOR('',#1260,1.500000059605E0);
#1262=CARTESIAN_POINT('',(-9.904666746140E0,-2.588329791546E1,-1.7E1));
#1263=LINE('',#1262,#1261);
#1264=DIRECTION('',(-3.102799990428E-1,9.506452136281E-1,0.E0));
#1265=VECTOR('',#1264,2.417171402311E0);
#1266=CARTESIAN_POINT('',(-8.404666686535E0,-2.588329791546E1,-1.7E1));
#1267=LINE('',#1266,#1265);
#1268=CARTESIAN_POINT('',(2.753E1,-1.045E1,-1.7E1));
#1269=DIRECTION('',(0.E0,0.E0,1.E0));
#1270=DIRECTION('',(1.E0,0.E0,0.E0));
#1271=AXIS2_PLACEMENT_3D('',#1268,#1269,#1270);
#1273=CARTESIAN_POINT('',(2.753E1,-1.045E1,-1.7E1));
#1274=DIRECTION('',(0.E0,0.E0,1.E0));
#1275=DIRECTION('',(-1.E0,0.E0,0.E0));
#1276=AXIS2_PLACEMENT_3D('',#1273,#1274,#1275);
#1278=CARTESIAN_POINT('',(2.753E1,-2.205E1,-1.7E1));
#1279=DIRECTION('',(0.E0,0.E0,1.E0));
#1280=DIRECTION('',(1.E0,0.E0,0.E0));
#1281=AXIS2_PLACEMENT_3D('',#1278,#1279,#1280);
#1283=CARTESIAN_POINT('',(2.753E1,-2.205E1,-1.7E1));
#1284=DIRECTION('',(0.E0,0.E0,1.E0));
#1285=DIRECTION('',(-1.E0,0.E0,0.E0));
#1286=AXIS2_PLACEMENT_3D('',#1283,#1284,#1285);
#1288=DIRECTION('',(0.E0,-1.E0,0.E0));
#1289=VECTOR('',#1288,4.05E1);
#1290=CARTESIAN_POINT('',(-3.E1,0.E0,-1.7E1));
#1291=LINE('',#1290,#1289);
#1292=DIRECTION('',(0.E0,1.E0,0.E0));
#1293=VECTOR('',#1292,2.E0);
#1294=CARTESIAN_POINT('',(1.E0,0.E0,0.E0));
#1295=LINE('',#1294,#1293);
#1296=DIRECTION('',(1.E0,0.E0,0.E0));
#1297=VECTOR('',#1296,3.28E1);
#1298=CARTESIAN_POINT('',(1.E0,2.E0,0.E0));
#1299=LINE('',#1298,#1297);
#1300=DIRECTION('',(0.E0,-1.E0,0.E0));
#1301=VECTOR('',#1300,4.25E1);
#1302=CARTESIAN_POINT('',(3.38E1,2.E0,0.E0));
#1303=LINE('',#1302,#1301);
#1304=DIRECTION('',(0.E0,-1.E0,0.E0));
#1305=VECTOR('',#1304,4.05E1);
#1306=CARTESIAN_POINT('',(-3.E1,0.E0,0.E0));
#1307=LINE('',#1306,#1305);
#1308=DIRECTION('',(0.E0,-1.E0,0.E0));
#1309=VECTOR('',#1308,3.85E1);
#1310=CARTESIAN_POINT('',(-2.9E1,-1.E0,0.E0));
#1311=LINE('',#1310,#1309);
#1312=DIRECTION('',(1.E0,0.E0,0.E0));
#1313=VECTOR('',#1312,6.18E1);
#1314=CARTESIAN_POINT('',(-2.9E1,-3.95E1,0.E0));
#1315=LINE('',#1314,#1313);
#1316=DIRECTION('',(0.E0,1.E0,0.E0));
#1317=VECTOR('',#1316,3.85E1);
#1318=CARTESIAN_POINT('',(3.28E1,-3.95E1,0.E0));
#1319=LINE('',#1318,#1317);
#1320=DIRECTION('',(-1.E0,0.E0,0.E0));
#1321=VECTOR('',#1320,6.18E1);
#1322=CARTESIAN_POINT('',(3.28E1,-1.E0,0.E0));
#1323=LINE('',#1322,#1321);
#1324=CARTESIAN_POINT('',(0.E0,1.986761796838E0,-1.E0));
#1325=CARTESIAN_POINT('',(0.E0,1.975607635761E0,-9.437701489942E-1));
#1326=CARTESIAN_POINT('',(9.611631471260E-3,1.969054843640E0,
-8.225538397631E-1));
#1327=CARTESIAN_POINT('',(6.408382200235E-2,1.986696100740E0,
-6.269146583542E-1));
#1328=CARTESIAN_POINT('',(1.693407441939E-1,2.014392177E0,-4.261350105093E-1));
#1329=CARTESIAN_POINT('',(3.402793555716E-1,2.038891658480E0,
-2.318925124925E-1));
#1330=CARTESIAN_POINT('',(5.806070754602E-1,2.043494558843E0,
-7.724838169730E-2));
#1331=CARTESIAN_POINT('',(7.625707542786E-1,2.025952960241E0,
-2.397233959107E-2));
#1332=CARTESIAN_POINT('',(8.564705945164E-1,2.011209401560E0,
-1.035394723087E-2));
#1334=CARTESIAN_POINT('',(1.E0,0.E0,-1.E0));
#1335=DIRECTION('',(0.E0,-1.E0,0.E0));
#1336=DIRECTION('',(0.E0,0.E0,1.E0));
#1337=AXIS2_PLACEMENT_3D('',#1334,#1335,#1336);
#1339=DIRECTION('',(0.E0,0.E0,-1.E0));
#1340=VECTOR('',#1339,1.7E1);
#1341=CARTESIAN_POINT('',(3.38E1,-4.05E1,0.E0));
#1342=LINE('',#1341,#1340);
#1343=DIRECTION('',(-1.E0,0.E0,0.E0));
#1344=VECTOR('',#1343,6.38E1);
#1345=CARTESIAN_POINT('',(3.38E1,-4.05E1,-1.7E1));
#1346=LINE('',#1345,#1344);
#1347=DIRECTION('',(0.E0,0.E0,1.E0));
#1348=VECTOR('',#1347,1.7E1);
#1349=CARTESIAN_POINT('',(-3.E1,-4.05E1,-1.7E1));
#1350=LINE('',#1349,#1348);
#1351=DIRECTION('',(1.E0,0.E0,0.E0));
#1352=VECTOR('',#1351,6.38E1);
#1353=CARTESIAN_POINT('',(-3.E1,-4.05E1,0.E0));
#1354=LINE('',#1353,#1352);
#1355=DIRECTION('',(0.E0,0.E0,-1.E0));
#1356=VECTOR('',#1355,1.5E0);
#1357=CARTESIAN_POINT('',(-2.9E1,-1.E0,0.E0));
#1358=LINE('',#1357,#1356);
#1359=DIRECTION('',(0.E0,0.E0,-1.E0));
#1360=VECTOR('',#1359,1.5E0);
#1361=CARTESIAN_POINT('',(3.28E1,-1.E0,0.E0));
#1362=LINE('',#1361,#1360);
#1363=DIRECTION('',(0.E0,0.E0,-1.E0));
#1364=VECTOR('',#1363,1.5E0);
#1365=CARTESIAN_POINT('',(3.28E1,-3.95E1,0.E0));
#1366=LINE('',#1365,#1364);
#1367=DIRECTION('',(0.E0,0.E0,-1.E0));
#1368=VECTOR('',#1367,1.5E0);
#1369=CARTESIAN_POINT('',(-2.9E1,-3.95E1,0.E0));
#1370=LINE('',#1369,#1368);
#1371=DIRECTION('',(0.E0,-1.E0,0.E0));
#1372=VECTOR('',#1371,3.85E1);
#1373=CARTESIAN_POINT('',(-2.9E1,-1.E0,-1.5E0));
#1374=LINE('',#1373,#1372);
#1375=DIRECTION('',(-1.E0,0.E0,0.E0));
#1376=VECTOR('',#1375,6.18E1);
#1377=CARTESIAN_POINT('',(3.28E1,-1.E0,-1.5E0));
#1378=LINE('',#1377,#1376);
#1379=DIRECTION('',(0.E0,1.E0,0.E0));
#1380=VECTOR('',#1379,3.85E1);
#1381=CARTESIAN_POINT('',(3.28E1,-3.95E1,-1.5E0));
#1382=LINE('',#1381,#1380);
#1383=DIRECTION('',(1.E0,0.E0,0.E0));
#1384=VECTOR('',#1383,6.18E1);
#1385=CARTESIAN_POINT('',(-2.9E1,-3.95E1,-1.5E0));
#1386=LINE('',#1385,#1384);
#1387=CARTESIAN_POINT('',(3.13E1,-2.425E1,-1.5E0));
#1388=DIRECTION('',(0.E0,0.E0,1.E0));
#1389=DIRECTION('',(-1.E0,0.E0,0.E0));
#1390=AXIS2_PLACEMENT_3D('',#1387,#1388,#1389);
#1392=DIRECTION('',(0.E0,-1.E0,0.E0));
#1393=VECTOR('',#1392,8.E0);
#1394=CARTESIAN_POINT('',(3.08E1,-1.625E1,-1.5E0));
#1395=LINE('',#1394,#1393);
#1396=CARTESIAN_POINT('',(3.13E1,-1.625E1,-1.5E0));
#1397=DIRECTION('',(0.E0,0.E0,1.E0));
#1398=DIRECTION('',(0.E0,1.E0,0.E0));
#1399=AXIS2_PLACEMENT_3D('',#1396,#1397,#1398);
#1401=DIRECTION('',(-1.E0,0.E0,0.E0));
#1402=VECTOR('',#1401,5.E-1);
#1403=CARTESIAN_POINT('',(3.18E1,-1.575E1,-1.5E0));
#1404=LINE('',#1403,#1402);
#1405=DIRECTION('',(1.E0,0.E0,0.E0));
#1406=VECTOR('',#1405,5.E-1);
#1407=CARTESIAN_POINT('',(3.13E1,-2.475E1,-1.5E0));
#1408=LINE('',#1407,#1406);
#1409=CARTESIAN_POINT('',(3.13E1,-2.425E1,-2.E0));
#1410=DIRECTION('',(0.E0,0.E0,-1.E0));
#1411=DIRECTION('',(0.E0,-1.E0,0.E0));
#1412=AXIS2_PLACEMENT_3D('',#1409,#1410,#1411);
#1414=DIRECTION('',(-7.125762410499E-8,-7.071067811865E-1,7.071067811866E-1));
#1415=VECTOR('',#1414,7.071067780922E-1);
#1416=CARTESIAN_POINT('',(3.13E1,-2.425E1,-2.5E0));
#1417=LINE('',#1416,#1415);
#1418=DIRECTION('',(0.E0,7.071067811865E-1,-7.071067811865E-1));
#1419=VECTOR('',#1418,7.071067811865E-1);
#1420=CARTESIAN_POINT('',(3.18E1,-2.475E1,-2.E0));
#1421=LINE('',#1420,#1419);
#1422=DIRECTION('',(1.E0,0.E0,0.E0));
#1423=VECTOR('',#1422,5.E-1);
#1424=CARTESIAN_POINT('',(3.13E1,-1.625E1,-2.5E0));
#1425=LINE('',#1424,#1423);
#1426=DIRECTION('',(0.E0,1.E0,0.E0));
#1427=VECTOR('',#1426,8.E0);
#1428=CARTESIAN_POINT('',(3.13E1,-2.425E1,-2.5E0));
#1429=LINE('',#1428,#1427);
#1430=DIRECTION('',(-1.E0,0.E0,0.E0));
#1431=VECTOR('',#1430,5.E-1);
#1432=CARTESIAN_POINT('',(3.18E1,-2.425E1,-2.5E0));
#1433=LINE('',#1432,#1431);
#1434=DIRECTION('',(1.415597370942E-8,7.071067811865E-1,7.071067811865E-1));
#1435=VECTOR('',#1434,7.071067809494E-1);
#1436=CARTESIAN_POINT('',(3.13E1,-1.625E1,-2.5E0));
#1437=LINE('',#1436,#1435);
#1438=DIRECTION('',(0.E0,7.071067811865E-1,7.071067811865E-1));
#1439=VECTOR('',#1438,7.071067811865E-1);
#1440=CARTESIAN_POINT('',(3.18E1,-1.625E1,-2.5E0));
#1441=LINE('',#1440,#1439);
#1442=DIRECTION('',(1.E0,3.353974942754E-10,3.353974942754E-10));
#1443=VECTOR('',#1442,4.999999899902E-1);
#1444=CARTESIAN_POINT('',(3.130000001001E1,-1.575000000017E1,
-2.000000000168E0));
#1445=LINE('',#1444,#1443);
#1446=DIRECTION('',(2.001957710046E-8,-3.353974874483E-10,-1.E0));
#1447=VECTOR('',#1446,5.000000001677E-1);
#1448=CARTESIAN_POINT('',(3.13E1,-1.575E1,-1.5E0));
#1449=LINE('',#1448,#1447);
#1450=DIRECTION('',(0.E0,-1.E0,0.E0));
#1451=VECTOR('',#1450,8.003337045290E0);
#1452=CARTESIAN_POINT('',(3.18E1,-2.E0,-1.101E1));
#1453=LINE('',#1452,#1451);
#1454=DIRECTION('',(0.E0,0.E0,1.E0));
#1455=VECTOR('',#1454,2.5E0);
#1456=CARTESIAN_POINT('',(3.18E1,-1.E1,-1.361E1));
#1457=LINE('',#1456,#1455);
#1458=DIRECTION('',(0.E0,1.E0,0.E0));
#1459=VECTOR('',#1458,8.936173785640E0);
#1460=CARTESIAN_POINT('',(3.18E1,-1.093617378564E1,-1.5E1));
#1461=LINE('',#1460,#1459);
#1462=DIRECTION('',(0.E0,0.E0,-1.E0));
#1463=VECTOR('',#1462,5.E-1);
#1464=CARTESIAN_POINT('',(3.18E1,-1.575E1,-1.5E0));
#1465=LINE('',#1464,#1463);
#1466=DIRECTION('',(0.E0,1.E0,0.E0));
#1467=VECTOR('',#1466,8.E0);
#1468=CARTESIAN_POINT('',(3.18E1,-2.425E1,-2.5E0));
#1469=LINE('',#1468,#1467);
#1470=DIRECTION('',(0.E0,0.E0,-1.E0));
#1471=VECTOR('',#1470,5.E-1);
#1472=CARTESIAN_POINT('',(3.18E1,-2.475E1,-1.5E0));
#1473=LINE('',#1472,#1471);
#1474=DIRECTION('',(0.E0,1.E0,0.E0));
#1475=VECTOR('',#1474,1.375E1);
#1476=CARTESIAN_POINT('',(3.18E1,-3.85E1,-1.5E0));
#1477=LINE('',#1476,#1475);
#1478=DIRECTION('',(0.E0,0.E0,-1.E0));
#1479=VECTOR('',#1478,1.35E1);
#1480=CARTESIAN_POINT('',(3.18E1,-3.85E1,-1.5E0));
#1481=LINE('',#1480,#1479);
#1482=DIRECTION('',(0.E0,1.E0,0.E0));
#1483=VECTOR('',#1482,1.693617378564E1);
#1484=CARTESIAN_POINT('',(3.18E1,-3.85E1,-1.5E1));
#1485=LINE('',#1484,#1483);
#1486=DIRECTION('',(0.E0,0.E0,-1.E0));
#1487=VECTOR('',#1486,2.5E0);
#1488=CARTESIAN_POINT('',(3.18E1,-2.25E1,-1.111E1));
#1489=LINE('',#1488,#1487);
#1490=DIRECTION('',(0.E0,-1.E0,0.E0));
#1491=VECTOR('',#1490,1.000333704529E1);
#1492=CARTESIAN_POINT('',(3.18E1,-2.249666295471E1,-1.101E1));
#1493=LINE('',#1492,#1491);
#1494=DIRECTION('',(0.E0,0.E0,1.E0));
#1495=VECTOR('',#1494,1.75E0);
#1496=CARTESIAN_POINT('',(3.18E1,-3.25E1,-1.101E1));
#1497=LINE('',#1496,#1495);
#1498=DIRECTION('',(0.E0,1.E0,0.E0));
#1499=VECTOR('',#1498,3.05E1);
#1500=CARTESIAN_POINT('',(3.18E1,-3.25E1,-9.26E0));
#1501=LINE('',#1500,#1499);
#1502=DIRECTION('',(0.E0,0.E0,-1.E0));
#1503=VECTOR('',#1502,1.E0);
#1504=CARTESIAN_POINT('',(3.18E1,-2.E0,-9.26E0));
#1505=LINE('',#1504,#1503);
#1506=DIRECTION('',(0.E0,1.E0,0.E0));
#1507=VECTOR('',#1506,2.E0);
#1508=CARTESIAN_POINT('',(3.18E1,-2.E0,-1.026E1));
#1509=LINE('',#1508,#1507);
#1510=DIRECTION('',(0.E0,1.E0,0.E0));
#1511=VECTOR('',#1510,1.375E1);
#1512=CARTESIAN_POINT('',(3.18E1,-1.575E1,-1.5E0));
#1513=LINE('',#1512,#1511);
#1514=DIRECTION('',(1.E0,0.E0,0.E0));
#1515=VECTOR('',#1514,1.E0);
#1516=CARTESIAN_POINT('',(3.18E1,-2.E0,-1.101E1));
#1517=LINE('',#1516,#1515);
#1518=DIRECTION('',(0.E0,-1.E0,0.E0));
#1519=VECTOR('',#1518,8.003337045290E0);
#1520=CARTESIAN_POINT('',(3.28E1,-2.E0,-1.101E1));
#1521=LINE('',#1520,#1519);
#1522=DIRECTION('',(0.E0,0.E0,-1.E0));
#1523=VECTOR('',#1522,1.75E0);
#1524=CARTESIAN_POINT('',(3.28E1,-2.E0,-9.26E0));
#1525=LINE('',#1524,#1523);
#1526=DIRECTION('',(0.E0,1.E0,0.E0));
#1527=VECTOR('',#1526,3.05E1);
#1528=CARTESIAN_POINT('',(3.28E1,-3.25E1,-9.26E0));
#1529=LINE('',#1528,#1527);
#1530=DIRECTION('',(0.E0,0.E0,1.E0));
#1531=VECTOR('',#1530,1.75E0);
#1532=CARTESIAN_POINT('',(3.28E1,-3.25E1,-1.101E1));
#1533=LINE('',#1532,#1531);
#1534=DIRECTION('',(0.E0,-1.E0,0.E0));
#1535=VECTOR('',#1534,1.000333704529E1);
#1536=CARTESIAN_POINT('',(3.28E1,-2.249666295471E1,-1.101E1));
#1537=LINE('',#1536,#1535);
#1538=DIRECTION('',(0.E0,-1.E0,0.E0));
#1539=VECTOR('',#1538,9.5E0);
#1540=CARTESIAN_POINT('',(3.28E1,-1.15E1,-9.61E0));
#1541=LINE('',#1540,#1539);
#1542=DIRECTION('',(-1.E0,0.E0,0.E0));
#1543=VECTOR('',#1542,1.E0);
#1544=CARTESIAN_POINT('',(3.38E1,-2.1E1,-9.61E0));
#1545=LINE('',#1544,#1543);
#1546=DIRECTION('',(-1.E0,0.E0,0.E0));
#1547=VECTOR('',#1546,1.E0);
#1548=CARTESIAN_POINT('',(3.38E1,-1.15E1,-9.61E0));
#1549=LINE('',#1548,#1547);
#1550=CARTESIAN_POINT('',(3.28E1,-2.1E1,-1.111E1));
#1551=DIRECTION('',(-1.E0,0.E0,0.E0));
#1552=DIRECTION('',(0.E0,-9.977753031397E-1,6.666666666667E-2));
#1553=AXIS2_PLACEMENT_3D('',#1550,#1551,#1552);
#1555=DIRECTION('',(-1.E0,0.E0,0.E0));
#1556=VECTOR('',#1555,1.E0);
#1557=CARTESIAN_POINT('',(3.28E1,-2.249666295471E1,-1.101E1));
#1558=LINE('',#1557,#1556);
#1559=CARTESIAN_POINT('',(3.18E1,-2.1E1,-1.111E1));
#1560=DIRECTION('',(1.E0,0.E0,0.E0));
#1561=DIRECTION('',(0.E0,-9.977753031397E-1,6.666666666667E-2));
#1562=AXIS2_PLACEMENT_3D('',#1559,#1560,#1561);
#1564=CARTESIAN_POINT('',(3.38E1,-2.1E1,-1.111E1));
#1565=DIRECTION('',(-1.E0,0.E0,0.E0));
#1566=DIRECTION('',(0.E0,-1.E0,0.E0));
#1567=AXIS2_PLACEMENT_3D('',#1564,#1565,#1566);
#1569=DIRECTION('',(-1.E0,0.E0,0.E0));
#1570=VECTOR('',#1569,2.E0);
#1571=CARTESIAN_POINT('',(3.38E1,-2.25E1,-1.361E1));
#1572=LINE('',#1571,#1570);
#1573=DIRECTION('',(-1.E0,0.E0,0.E0));
#1574=VECTOR('',#1573,2.E0);
#1575=CARTESIAN_POINT('',(3.38E1,-2.25E1,-1.111E1));
#1576=LINE('',#1575,#1574);
#1577=CARTESIAN_POINT('',(3.38E1,-2.1E1,-1.361E1));
#1578=DIRECTION('',(-1.E0,0.E0,0.E0));
#1579=DIRECTION('',(0.E0,0.E0,-1.E0));
#1580=AXIS2_PLACEMENT_3D('',#1577,#1578,#1579);
#1582=CARTESIAN_POINT('',(3.18E1,-2.1E1,-1.361E1));
#1583=DIRECTION('',(1.E0,0.E0,0.E0));
#1584=DIRECTION('',(0.E0,-1.E0,0.E0));
#1585=AXIS2_PLACEMENT_3D('',#1582,#1583,#1584);
#1587=DIRECTION('',(-1.E0,0.E0,0.E0));
#1588=VECTOR('',#1587,2.E0);
#1589=CARTESIAN_POINT('',(3.38E1,-1.15E1,-1.511E1));
#1590=LINE('',#1589,#1588);
#1591=DIRECTION('',(-1.E0,0.E0,0.E0));
#1592=VECTOR('',#1591,2.E0);
#1593=CARTESIAN_POINT('',(3.38E1,-2.1E1,-1.511E1));
#1594=LINE('',#1593,#1592);
#1595=CARTESIAN_POINT('',(3.38E1,-1.15E1,-1.361E1));
#1596=DIRECTION('',(-1.E0,0.E0,0.E0));
#1597=DIRECTION('',(0.E0,1.E0,0.E0));
#1598=AXIS2_PLACEMENT_3D('',#1595,#1596,#1597);
#1600=CARTESIAN_POINT('',(3.18E1,-1.15E1,-1.361E1));
#1601=DIRECTION('',(1.E0,0.E0,0.E0));
#1602=DIRECTION('',(0.E0,3.758841429069E-1,-9.266666666667E-1));
#1603=AXIS2_PLACEMENT_3D('',#1600,#1601,#1602);
#1605=DIRECTION('',(-1.E0,0.E0,0.E0));
#1606=VECTOR('',#1605,2.E0);
#1607=CARTESIAN_POINT('',(3.38E1,-1.E1,-1.361E1));
#1608=LINE('',#1607,#1606);
#1609=DIRECTION('',(-1.E0,0.E0,0.E0));
#1610=VECTOR('',#1609,2.E0);
#1611=CARTESIAN_POINT('',(3.38E1,-1.E1,-1.111E1));
#1612=LINE('',#1611,#1610);
#1613=CARTESIAN_POINT('',(3.28E1,-1.15E1,-1.111E1));
#1614=DIRECTION('',(-1.E0,0.E0,0.E0));
#1615=DIRECTION('',(0.E0,0.E0,1.E0));
#1616=AXIS2_PLACEMENT_3D('',#1613,#1614,#1615);
#1618=CARTESIAN_POINT('',(3.38E1,-1.15E1,-1.111E1));
#1619=DIRECTION('',(-1.E0,0.E0,0.E0));
#1620=DIRECTION('',(0.E0,0.E0,1.E0));
#1621=AXIS2_PLACEMENT_3D('',#1618,#1619,#1620);
#1623=CARTESIAN_POINT('',(3.18E1,-1.15E1,-1.111E1));
#1624=DIRECTION('',(1.E0,0.E0,0.E0));
#1625=DIRECTION('',(0.E0,1.E0,0.E0));
#1626=AXIS2_PLACEMENT_3D('',#1623,#1624,#1625);
#1628=DIRECTION('',(-1.E0,0.E0,0.E0));
#1629=VECTOR('',#1628,1.E0);
#1630=CARTESIAN_POINT('',(3.28E1,-1.000333704529E1,-1.101E1));
#1631=LINE('',#1630,#1629);
#1632=CARTESIAN_POINT('',(3.18E1,-1.15E1,-1.361E1));
#1633=DIRECTION('',(1.E0,0.E0,0.E0));
#1634=DIRECTION('',(0.E0,0.E0,-1.E0));
#1635=AXIS2_PLACEMENT_3D('',#1632,#1633,#1634);
#1637=DIRECTION('',(0.E0,1.E0,0.E0));
#1638=VECTOR('',#1637,9.5E0);
#1639=CARTESIAN_POINT('',(3.18E1,-2.1E1,-1.511E1));
#1640=LINE('',#1639,#1638);
#1641=CARTESIAN_POINT('',(3.18E1,-2.1E1,-1.361E1));
#1642=DIRECTION('',(1.E0,0.E0,0.E0));
#1643=DIRECTION('',(0.E0,-3.758841429069E-1,-9.266666666667E-1));
#1644=AXIS2_PLACEMENT_3D('',#1641,#1642,#1643);
#1646=DIRECTION('',(1.E0,0.E0,0.E0));
#1647=VECTOR('',#1646,1.E0);
#1648=CARTESIAN_POINT('',(3.18E1,-3.25E1,-9.26E0));
#1649=LINE('',#1648,#1647);
#1650=DIRECTION('',(1.E0,0.E0,0.E0));
#1651=VECTOR('',#1650,1.E0);
#1652=CARTESIAN_POINT('',(3.18E1,-3.25E1,-1.101E1));
#1653=LINE('',#1652,#1651);
#1654=DIRECTION('',(-1.E0,4.376147003418E-9,-4.376130572119E-9));
#1655=VECTOR('',#1654,5.000000503868E-1);
#1656=CARTESIAN_POINT('',(3.18E1,-2.475E1,-2.E0));
#1657=LINE('',#1656,#1655);
#1658=DIRECTION('',(-1.007735188660E-7,4.376147425268E-9,-1.E0));
#1659=VECTOR('',#1658,5.000000021881E-1);
#1660=CARTESIAN_POINT('',(3.13E1,-2.475E1,-1.5E0));
#1661=LINE('',#1660,#1659);
#1662=DIRECTION('',(1.E0,0.E0,0.E0));
#1663=VECTOR('',#1662,5.98E1);
#1664=CARTESIAN_POINT('',(-2.8E1,-3.85E1,-1.5E0));
#1665=LINE('',#1664,#1663);
#1666=DIRECTION('',(0.E0,0.E0,-1.E0));
#1667=VECTOR('',#1666,1.35E1);
#1668=CARTESIAN_POINT('',(-2.8E1,-3.85E1,-1.5E0));
#1669=LINE('',#1668,#1667);
#1670=DIRECTION('',(0.E0,-1.E0,0.E0));
#1671=VECTOR('',#1670,3.65E1);
#1672=CARTESIAN_POINT('',(-2.8E1,-2.E0,-1.5E0));
#1673=LINE('',#1672,#1671);
#1674=DIRECTION('',(0.E0,0.E0,-1.E0));
#1675=VECTOR('',#1674,1.35E1);
#1676=CARTESIAN_POINT('',(-2.8E1,-2.E0,-1.5E0));
#1677=LINE('',#1676,#1675);
#1678=DIRECTION('',(0.E0,0.E0,-1.E0));
#1679=VECTOR('',#1678,1.5E0);
#1680=CARTESIAN_POINT('',(-2.8E1,-2.7E1,-2.E0));
#1681=LINE('',#1680,#1679);
#1682=DIRECTION('',(0.E0,1.E0,0.E0));
#1683=VECTOR('',#1682,1.35E1);
#1684=CARTESIAN_POINT('',(-2.8E1,-2.7E1,-3.5E0));
#1685=LINE('',#1684,#1683);
#1686=DIRECTION('',(0.E0,0.E0,-1.E0));
#1687=VECTOR('',#1686,1.5E0);
#1688=CARTESIAN_POINT('',(-2.8E1,-1.35E1,-2.E0));
#1689=LINE('',#1688,#1687);
#1690=DIRECTION('',(0.E0,-1.E0,0.E0));
#1691=VECTOR('',#1690,1.35E1);
#1692=CARTESIAN_POINT('',(-2.8E1,-1.35E1,-2.E0));
#1693=LINE('',#1692,#1691);
#1694=DIRECTION('',(-1.E0,0.E0,0.E0));
#1695=VECTOR('',#1694,1.E0);
#1696=CARTESIAN_POINT('',(-2.8E1,-2.7E1,-2.E0));
#1697=LINE('',#1696,#1695);
#1698=DIRECTION('',(-1.E0,0.E0,0.E0));
#1699=VECTOR('',#1698,1.E0);
#1700=CARTESIAN_POINT('',(-2.8E1,-1.35E1,-2.E0));
#1701=LINE('',#1700,#1699);
#1702=DIRECTION('',(-1.E0,0.E0,0.E0));
#1703=VECTOR('',#1702,1.E0);
#1704=CARTESIAN_POINT('',(-2.8E1,-1.35E1,-3.5E0));
#1705=LINE('',#1704,#1703);
#1706=DIRECTION('',(-1.E0,0.E0,0.E0));
#1707=VECTOR('',#1706,1.E0);
#1708=CARTESIAN_POINT('',(-2.8E1,-2.7E1,-3.5E0));
#1709=LINE('',#1708,#1707);
#1710=DIRECTION('',(0.E0,0.E0,-1.E0));
#1711=VECTOR('',#1710,1.5E0);
#1712=CARTESIAN_POINT('',(-2.9E1,-2.7E1,-2.E0));
#1713=LINE('',#1712,#1711);
#1714=DIRECTION('',(0.E0,-1.E0,0.E0));
#1715=VECTOR('',#1714,1.35E1);
#1716=CARTESIAN_POINT('',(-2.9E1,-1.35E1,-2.E0));
#1717=LINE('',#1716,#1715);
#1718=DIRECTION('',(0.E0,0.E0,1.E0));
#1719=VECTOR('',#1718,1.5E0);
#1720=CARTESIAN_POINT('',(-2.9E1,-1.35E1,-3.5E0));
#1721=LINE('',#1720,#1719);
#1722=DIRECTION('',(0.E0,1.E0,0.E0));
#1723=VECTOR('',#1722,1.35E1);
#1724=CARTESIAN_POINT('',(-2.9E1,-2.7E1,-3.5E0));
#1725=LINE('',#1724,#1723);
#1726=DIRECTION('',(0.E0,1.E0,0.E0));
#1727=VECTOR('',#1726,2.E0);
#1728=CARTESIAN_POINT('',(4.7E0,-2.E0,-1.026E1));
#1729=LINE('',#1728,#1727);
#1730=DIRECTION('',(0.E0,1.E0,0.E0));
#1731=VECTOR('',#1730,2.E0);
#1732=CARTESIAN_POINT('',(3.18E1,-2.E0,-2.26E0));
#1733=LINE('',#1732,#1731);
#1734=CARTESIAN_POINT('',(3.13E1,-1.625E1,-2.E0));
#1735=DIRECTION('',(0.E0,0.E0,-1.E0));
#1736=DIRECTION('',(-1.E0,0.E0,0.E0));
#1737=AXIS2_PLACEMENT_3D('',#1734,#1735,#1736);
#1739=DIRECTION('',(-7.071067811865E-1,7.125763415358E-8,7.071067811866E-1));
#1740=VECTOR('',#1739,7.071067780922E-1);
#1741=CARTESIAN_POINT('',(3.13E1,-1.625E1,-2.5E0));
#1742=LINE('',#1741,#1740);
#1743=DIRECTION('',(-7.071067811865E-1,1.415598375802E-8,7.071067811866E-1));
#1744=VECTOR('',#1743,7.071067809494E-1);
#1745=CARTESIAN_POINT('',(3.13E1,-2.425E1,-2.5E0));
#1746=LINE('',#1745,#1744);
#1747=DIRECTION('',(2.525473151182E-10,1.E0,-2.525457608059E-10));
#1748=VECTOR('',#1747,8.000000040377E0);
#1749=CARTESIAN_POINT('',(3.080000000017E1,-2.424999998999E1,
-2.000000000168E0));
#1750=LINE('',#1749,#1748);
#1751=DIRECTION('',(4.376154530695E-9,1.007735117606E-7,-1.E0));
#1752=VECTOR('',#1751,5.000000021881E-1);
#1753=CARTESIAN_POINT('',(3.08E1,-1.625E1,-1.5E0));
#1754=LINE('',#1753,#1752);
#1755=DIRECTION('',(3.353903820210E-10,2.001958420589E-8,-1.E0));
#1756=VECTOR('',#1755,5.000000001677E-1);
#1757=CARTESIAN_POINT('',(3.08E1,-2.425E1,-1.5E0));
#1758=LINE('',#1757,#1756);
#1759=CARTESIAN_POINT('',(-6.2E0,-3.5E0,-1.517302651860E1));
#1760=CARTESIAN_POINT('',(-5.905553999359E0,-3.5E0,-1.521454873009E1));
#1761=CARTESIAN_POINT('',(-5.327309539656E0,-3.5E0,-1.528665413880E1));
#1762=CARTESIAN_POINT('',(-4.510863632303E0,-3.5E0,-1.535645416376E1));
#1763=CARTESIAN_POINT('',(-3.686142154974E0,-3.5E0,-1.538856643032E1));
#1764=CARTESIAN_POINT('',(-2.857320490783E0,-3.5E0,-1.537691880072E1));
#1765=CARTESIAN_POINT('',(-2.041283352071E0,-3.5E0,-1.532458425594E1));
#1766=CARTESIAN_POINT('',(-1.481777663723E0,-3.5E0,-1.526464459331E1));
#1767=CARTESIAN_POINT('',(-1.2E0,-3.5E0,-1.522946944606E1));
#1769=CARTESIAN_POINT('',(-1.199841274921E0,-2.468567246487E0,-1.5E1));
#1770=CARTESIAN_POINT('',(-1.199841274921E0,-2.649956431009E0,
-1.504123543017E1));
#1771=CARTESIAN_POINT('',(-1.200079362540E0,-3.003139346888E0,
-1.512078052041E1));
#1772=CARTESIAN_POINT('',(-1.2E0,-3.337539620109E0,-1.519428009068E1));
#1773=CARTESIAN_POINT('',(-1.2E0,-3.5E0,-1.522946944606E1));
#1775=CARTESIAN_POINT('',(-3.488E0,-7.47E0,-1.6E1));
#1776=DIRECTION('',(0.E0,0.E0,1.E0));
#1777=DIRECTION('',(1.E0,0.E0,0.E0));
#1778=AXIS2_PLACEMENT_3D('',#1775,#1776,#1777);
#1780=DIRECTION('',(9.701425001453E-1,1.697610280549E-8,-2.425356250363E-1));
#1781=VECTOR('',#1780,4.123323566064E0);
#1782=CARTESIAN_POINT('',(-8.988208764580E0,-7.470000072051E0,
-1.499994780885E1));
#1783=LINE('',#1782,#1781);
#1784=CARTESIAN_POINT('',(-6.2E0,-3.5E0,-1.517302651860E1));
#1785=CARTESIAN_POINT('',(-6.2E0,-3.370153306409E0,-1.514622209126E1));
#1786=CARTESIAN_POINT('',(-6.199983995520E0,-3.104491406166E0,
-1.509054634039E1));
#1787=CARTESIAN_POINT('',(-6.200032008961E0,-2.826926692363E0,
-1.503083740300E1));
#1788=CARTESIAN_POINT('',(-6.200032008961E0,-2.685140296763E0,-1.5E1));
#1790=DIRECTION('',(-9.701425001453E-1,-9.212584369332E-9,-2.425356250363E-1));
#1791=VECTOR('',#1790,4.123259859346E0);
#1792=CARTESIAN_POINT('',(2.012149626696E0,-7.469999964232E0,
-1.499996259333E1));
#1793=LINE('',#1792,#1791);
#1794=CARTESIAN_POINT('',(-3.488E0,-7.47E0,-1.6E1));
#1795=DIRECTION('',(0.E0,0.E0,-1.E0));
#1796=DIRECTION('',(1.E0,0.E0,0.E0));
#1797=AXIS2_PLACEMENT_3D('',#1794,#1795,#1796);
#1799=DIRECTION('',(-2.668710726768E-6,2.053180330010E-9,-9.999999999964E-1));
#1800=VECTOR('',#1799,9.999993328263E-1);
#1801=CARTESIAN_POINT('',(-4.987997331291E0,-7.470000002053E0,
-1.600000066718E1));
#1802=LINE('',#1801,#1800);
#1803=DIRECTION('',(-1.998793354052E-9,-2.218100371152E-9,1.E0));
#1804=VECTOR('',#1803,9.999999995003E-1);
#1805=CARTESIAN_POINT('',(-1.988E0,-7.47E0,-1.7E1));
#1806=LINE('',#1805,#1804);
#1807=DIRECTION('',(0.E0,0.E0,1.E0));
#1808=VECTOR('',#1807,3.99E0);
#1809=CARTESIAN_POINT('',(-6.2E0,-2.E0,-1.5E1));
#1810=LINE('',#1809,#1808);
#1811=DIRECTION('',(0.E0,-1.E0,0.E0));
#1812=VECTOR('',#1811,1.5E0);
#1813=CARTESIAN_POINT('',(-6.2E0,-2.E0,-1.101E1));
#1814=LINE('',#1813,#1812);
#1815=DIRECTION('',(0.E0,-1.E0,0.E0));
#1816=VECTOR('',#1815,1.5E0);
#1817=CARTESIAN_POINT('',(-1.2E0,-2.E0,-1.101E1));
#1818=LINE('',#1817,#1816);
#1819=DIRECTION('',(0.E0,0.E0,1.E0));
#1820=VECTOR('',#1819,1.E-1);
#1821=CARTESIAN_POINT('',(-1.007133325386E1,-7.427446813583E0,-1.7E1));
#1822=LINE('',#1821,#1820);
#1823=DIRECTION('',(1.776356839400E-14,0.E0,1.E0));
#1824=VECTOR('',#1823,1.E-1);
#1825=CARTESIAN_POINT('',(-1.0238E1,-7.512553186417E0,-1.7E1));
#1826=LINE('',#1825,#1824);
#1827=DIRECTION('',(0.E0,-2.664535259100E-14,1.E0));
#1828=VECTOR('',#1827,1.E-1);
#1829=CARTESIAN_POINT('',(-1.0488E1,-7.852978677750E0,-1.7E1));
#1830=LINE('',#1829,#1828);
#1831=DIRECTION('',(0.E0,0.E0,1.E0));
#1832=VECTOR('',#1831,1.E-1);
#1833=CARTESIAN_POINT('',(-1.057133325386E1,-8.108297915459E0,-1.7E1));
#1834=LINE('',#1833,#1832);
#1835=DIRECTION('',(0.E0,0.E0,1.E0));
#1836=VECTOR('',#1835,1.E-1);
#1837=CARTESIAN_POINT('',(-1.057133325386E1,-8.533829779625E0,-1.7E1));
#1838=LINE('',#1837,#1836);
#1839=DIRECTION('',(5.329070518201E-14,-7.105427357601E-14,1.E0));
#1840=VECTOR('',#1839,1.E-1);
#1841=CARTESIAN_POINT('',(-1.0488E1,-8.789148957729E0,-1.7E1));
#1842=LINE('',#1841,#1840);
#1843=DIRECTION('',(1.776356839400E-14,0.E0,1.E0));
#1844=VECTOR('',#1843,1.E-1);
#1845=CARTESIAN_POINT('',(-1.0238E1,-9.129574478865E0,-1.7E1));
#1846=LINE('',#1845,#1844);
#1847=DIRECTION('',(0.E0,0.E0,1.E0));
#1848=VECTOR('',#1847,1.E-1);
#1849=CARTESIAN_POINT('',(-9.904666746140E0,-9.384893619716E0,-1.7E1));
#1850=LINE('',#1849,#1848);
#1851=DIRECTION('',(1.776356839400E-14,0.E0,1.E0));
#1852=VECTOR('',#1851,1.E-1);
#1853=CARTESIAN_POINT('',(-9.488E0,-9.47E0,-1.7E1));
#1854=LINE('',#1853,#1852);
#1855=DIRECTION('',(0.E0,0.E0,1.E0));
#1856=VECTOR('',#1855,1.E-1);
#1857=CARTESIAN_POINT('',(-7.488E0,-9.47E0,-1.7E1));
#1858=LINE('',#1857,#1856);
#1859=DIRECTION('',(0.E0,0.E0,1.E0));
#1860=VECTOR('',#1859,1.E-1);
#1861=CARTESIAN_POINT('',(-7.488E0,-5.47E0,-1.7E1));
#1862=LINE('',#1861,#1860);
#1863=DIRECTION('',(1.776356839400E-14,0.E0,1.E0));
#1864=VECTOR('',#1863,1.E-1);
#1865=CARTESIAN_POINT('',(-9.488E0,-5.47E0,-1.7E1));
#1866=LINE('',#1865,#1864);
#1867=DIRECTION('',(0.E0,0.E0,1.E0));
#1868=VECTOR('',#1867,1.E-1);
#1869=CARTESIAN_POINT('',(-9.904666746140E0,-5.555106372833E0,-1.7E1));
#1870=LINE('',#1869,#1868);
#1871=DIRECTION('',(1.776356839400E-14,0.E0,1.E0));
#1872=VECTOR('',#1871,1.E-1);
#1873=CARTESIAN_POINT('',(-1.0238E1,-5.810425491333E0,-1.7E1));
#1874=LINE('',#1873,#1872);
#1875=DIRECTION('',(5.329070518201E-14,4.440892098501E-14,1.E0));
#1876=VECTOR('',#1875,1.E-1);
#1877=CARTESIAN_POINT('',(-1.0488E1,-6.150850982666E0,-1.7E1));
#1878=LINE('',#1877,#1876);
#1879=DIRECTION('',(0.E0,-7.105427357601E-14,1.E0));
#1880=VECTOR('',#1879,1.E-1);
#1881=CARTESIAN_POINT('',(-1.057133325386E1,-6.406170101166E0,-1.7E1));
#1882=LINE('',#1881,#1880);
#1883=DIRECTION('',(0.E0,5.329070518201E-14,1.E0));
#1884=VECTOR('',#1883,1.E-1);
#1885=CARTESIAN_POINT('',(-1.057133325386E1,-6.746595830917E0,-1.7E1));
#1886=LINE('',#1885,#1884);
#1887=DIRECTION('',(1.776356839400E-14,-2.664535259100E-14,1.E0));
#1888=VECTOR('',#1887,1.E-1);
#1889=CARTESIAN_POINT('',(-1.0488E1,-7.001914949417E0,-1.7E1));
#1890=LINE('',#1889,#1888);
#1891=DIRECTION('',(1.776356839400E-14,-1.776356839400E-14,1.E0));
#1892=VECTOR('',#1891,1.E-1);
#1893=CARTESIAN_POINT('',(-1.0238E1,-7.342340440750E0,-1.7E1));
#1894=LINE('',#1893,#1892);
#1895=DIRECTION('',(-8.906053746977E-1,4.547769415434E-1,0.E0));
#1896=VECTOR('',#1895,1.871387158382E-1);
#1897=CARTESIAN_POINT('',(-1.007133325386E1,-7.427446813583E0,-1.69E1));
#1898=LINE('',#1897,#1896);
#1899=DIRECTION('',(8.906053746977E-1,4.547769415434E-1,0.E0));
#1900=VECTOR('',#1899,1.871387158382E-1);
#1901=CARTESIAN_POINT('',(-1.0238E1,-7.512553186417E0,-1.69E1));
#1902=LINE('',#1901,#1900);
#1903=DIRECTION('',(5.919095487496E-1,8.060043958311E-1,0.E0));
#1904=VECTOR('',#1903,4.223618296548E-1);
#1905=CARTESIAN_POINT('',(-1.0488E1,-7.852978677750E0,-1.69E1));
#1906=LINE('',#1905,#1904);
#1907=DIRECTION('',(3.102796666273E-1,9.506453221247E-1,0.E0));
#1908=VECTOR('',#1907,2.685746532034E-1);
#1909=CARTESIAN_POINT('',(-1.057133325386E1,-8.108297915459E0,-1.69E1));
#1910=LINE('',#1909,#1908);
#1911=DIRECTION('',(0.E0,1.E0,0.E0));
#1912=VECTOR('',#1911,4.255318641663E-1);
#1913=CARTESIAN_POINT('',(-1.057133325386E1,-8.533829779625E0,-1.69E1));
#1914=LINE('',#1913,#1912);
#1915=DIRECTION('',(-3.102797320889E-1,9.506453007588E-1,0.E0));
#1916=VECTOR('',#1915,2.685745965405E-1);
#1917=CARTESIAN_POINT('',(-1.0488E1,-8.789148957729E0,-1.69E1));
#1918=LINE('',#1917,#1916);
#1919=DIRECTION('',(-5.919095150862E-1,8.060044205527E-1,0.E0));
#1920=VECTOR('',#1919,4.223618536756E-1);
#1921=CARTESIAN_POINT('',(-1.0238E1,-9.129574478865E0,-1.69E1));
#1922=LINE('',#1921,#1920);
#1923=DIRECTION('',(-7.938780853107E-1,6.080769570239E-1,0.E0));
#1924=VECTOR('',#1923,4.198796515841E-1);
#1925=CARTESIAN_POINT('',(-9.904666746140E0,-9.384893619716E0,-1.69E1));
#1926=LINE('',#1925,#1924);
#1927=DIRECTION('',(-9.797707133274E-1,2.001233352361E-1,0.E0));
#1928=VECTOR('',#1927,4.252696477572E-1);
#1929=CARTESIAN_POINT('',(-9.488E0,-9.47E0,-1.69E1));
#1930=LINE('',#1929,#1928);
#1931=DIRECTION('',(-1.E0,0.E0,0.E0));
#1932=VECTOR('',#1931,2.E0);
#1933=CARTESIAN_POINT('',(-7.488E0,-9.47E0,-1.69E1));
#1934=LINE('',#1933,#1932);
#1935=DIRECTION('',(0.E0,-1.E0,0.E0));
#1936=VECTOR('',#1935,4.E0);
#1937=CARTESIAN_POINT('',(-7.488E0,-5.47E0,-1.69E1));
#1938=LINE('',#1937,#1936);
#1939=DIRECTION('',(1.E0,0.E0,0.E0));
#1940=VECTOR('',#1939,2.E0);
#1941=CARTESIAN_POINT('',(-9.488E0,-5.47E0,-1.69E1));
#1942=LINE('',#1941,#1940);
#1943=DIRECTION('',(9.797707167625E-1,2.001233184181E-1,0.E0));
#1944=VECTOR('',#1943,4.252696462661E-1);
#1945=CARTESIAN_POINT('',(-9.904666746140E0,-5.555106372833E0,-1.69E1));
#1946=LINE('',#1945,#1944);
#1947=DIRECTION('',(7.938781110087E-1,6.080769234738E-1,0.E0));
#1948=VECTOR('',#1947,4.198796379925E-1);
#1949=CARTESIAN_POINT('',(-1.0238E1,-5.810425491333E0,-1.69E1));
#1950=LINE('',#1949,#1948);
#1951=DIRECTION('',(5.919095487496E-1,8.060043958311E-1,0.E0));
#1952=VECTOR('',#1951,4.223618296548E-1);
#1953=CARTESIAN_POINT('',(-1.0488E1,-6.150850982666E0,-1.69E1));
#1954=LINE('',#1953,#1952);
#1955=DIRECTION('',(3.102797975506E-1,9.506452793929E-1,0.E0));
#1956=VECTOR('',#1955,2.685745398776E-1);
#1957=CARTESIAN_POINT('',(-1.057133325386E1,-6.406170101166E0,-1.69E1));
#1958=LINE('',#1957,#1956);
#1959=DIRECTION('',(0.E0,1.E0,0.E0));
#1960=VECTOR('',#1959,3.404257297516E-1);
#1961=CARTESIAN_POINT('',(-1.057133325386E1,-6.746595830917E0,-1.69E1));
#1962=LINE('',#1961,#1960);
#1963=DIRECTION('',(-3.102797975506E-1,9.506452793929E-1,0.E0));
#1964=VECTOR('',#1963,2.685745398776E-1);
#1965=CARTESIAN_POINT('',(-1.0488E1,-7.001914949417E0,-1.69E1));
#1966=LINE('',#1965,#1964);
#1967=DIRECTION('',(-5.919095487496E-1,8.060043958311E-1,0.E0));
#1968=VECTOR('',#1967,4.223618296548E-1);
#1969=CARTESIAN_POINT('',(-1.0238E1,-7.342340440750E0,-1.69E1));
#1970=LINE('',#1969,#1968);
#1971=DIRECTION('',(-1.E0,0.E0,0.E0));
#1972=VECTOR('',#1971,1.583333253860E0);
#1973=CARTESIAN_POINT('',(-7.988E0,-5.980638237E0,-1.69E1));
#1974=LINE('',#1973,#1972);
#1975=DIRECTION('',(0.E0,1.E0,0.E0));
#1976=VECTOR('',#1975,1.191489458084E0);
#1977=CARTESIAN_POINT('',(-7.988E0,-7.172127695084E0,-1.69E1));
#1978=LINE('',#1977,#1976);
#1979=DIRECTION('',(1.E0,0.E0,0.E0));
#1980=VECTOR('',#1979,1.583333253860E0);
#1981=CARTESIAN_POINT('',(-9.571333253860E0,-7.172127695084E0,-1.69E1));
#1982=LINE('',#1981,#1980);
#1983=DIRECTION('',(9.466499177700E-1,-3.222637633772E-1,0.E0));
#1984=VECTOR('',#1983,2.640891794391E-1);
#1985=CARTESIAN_POINT('',(-9.821333253860E0,-7.087021322250E0,-1.69E1));
#1986=LINE('',#1985,#1984);
#1987=DIRECTION('',(6.996250055017E-1,-7.145102180353E-1,0.E0));
#1988=VECTOR('',#1987,2.382229692034E-1);
#1989=CARTESIAN_POINT('',(-9.988E0,-6.916808576584E0,-1.69E1));
#1990=LINE('',#1989,#1988);
#1991=DIRECTION('',(3.102797975506E-1,-9.506452793929E-1,0.E0));
#1992=VECTOR('',#1991,2.685745398776E-1);
#1993=CARTESIAN_POINT('',(-1.007133325386E1,-6.661489458084E0,-1.69E1));
#1994=LINE('',#1993,#1992);
#1995=DIRECTION('',(0.E0,-1.E0,0.E0));
#1996=VECTOR('',#1995,1.702127456665E-1);
#1997=CARTESIAN_POINT('',(-1.007133325386E1,-6.491276712418E0,-1.69E1));
#1998=LINE('',#1997,#1996);
#1999=DIRECTION('',(-3.102795357040E-1,-9.506453648566E-1,0.E0));
#2000=VECTOR('',#1999,2.685747665291E-1);
#2001=CARTESIAN_POINT('',(-9.988E0,-6.235957355499E0,-1.69E1));
#2002=LINE('',#2001,#2000);
#2003=DIRECTION('',(-6.996250055017E-1,-7.145102180353E-1,0.E0));
#2004=VECTOR('',#2003,2.382229692034E-1);
#2005=CARTESIAN_POINT('',(-9.821333253860E0,-6.065744609833E0,-1.69E1));
#2006=LINE('',#2005,#2004);
#2007=DIRECTION('',(-9.466499177700E-1,-3.222637633772E-1,0.E0));
#2008=VECTOR('',#2007,2.640891794391E-1);
#2009=CARTESIAN_POINT('',(-9.571333253860E0,-5.980638237E0,-1.69E1));
#2010=LINE('',#2009,#2008);
#2011=DIRECTION('',(0.E0,-1.E0,0.E0));
#2012=VECTOR('',#2011,2.553191184998E-1);
#2013=CARTESIAN_POINT('',(-1.007133325386E1,-8.193404288292E0,-1.69E1));
#2014=LINE('',#2013,#2012);
#2015=DIRECTION('',(-3.102796666273E-1,-9.506453221247E-1,0.E0));
#2016=VECTOR('',#2015,2.685746532034E-1);
#2017=CARTESIAN_POINT('',(-9.988E0,-7.938085050583E0,-1.69E1));
#2018=LINE('',#2017,#2016);
#2019=DIRECTION('',(-6.996250055017E-1,-7.145102180353E-1,0.E0));
#2020=VECTOR('',#2019,2.382229692034E-1);
#2021=CARTESIAN_POINT('',(-9.821333253860E0,-7.767872304916E0,-1.69E1));
#2022=LINE('',#2021,#2020);
#2023=DIRECTION('',(-9.466499177700E-1,-3.222637633772E-1,0.E0));
#2024=VECTOR('',#2023,2.640891794391E-1);
#2025=CARTESIAN_POINT('',(-9.571333253860E0,-7.682765932083E0,-1.69E1));
#2026=LINE('',#2025,#2024);
#2027=DIRECTION('',(-1.E0,0.E0,0.E0));
#2028=VECTOR('',#2027,1.583333253860E0);
#2029=CARTESIAN_POINT('',(-7.988E0,-7.682765932083E0,-1.69E1));
#2030=LINE('',#2029,#2028);
#2031=DIRECTION('',(0.E0,1.E0,0.E0));
#2032=VECTOR('',#2031,1.276595771313E0);
#2033=CARTESIAN_POINT('',(-7.988E0,-8.959361703396E0,-1.69E1));
#2034=LINE('',#2033,#2032);
#2035=DIRECTION('',(1.E0,0.E0,0.E0));
#2036=VECTOR('',#2035,1.583333253860E0);
#2037=CARTESIAN_POINT('',(-9.571333253860E0,-8.959361703396E0,-1.69E1));
#2038=LINE('',#2037,#2036);
#2039=DIRECTION('',(9.466499177700E-1,-3.222637633772E-1,0.E0));
#2040=VECTOR('',#2039,2.640891794391E-1);
#2041=CARTESIAN_POINT('',(-9.821333253860E0,-8.874255330563E0,-1.69E1));
#2042=LINE('',#2041,#2040);
#2043=DIRECTION('',(6.996248804268E-1,-7.145103405045E-1,0.E0));
#2044=VECTOR('',#2043,2.382230117915E-1);
#2045=CARTESIAN_POINT('',(-9.988E0,-8.704042525291E0,-1.69E1));
#2046=LINE('',#2045,#2044);
#2047=DIRECTION('',(3.102797975506E-1,-9.506452793929E-1,0.E0));
#2048=VECTOR('',#2047,2.685745398776E-1);
#2049=CARTESIAN_POINT('',(-1.007133325386E1,-8.448723406792E0,-1.69E1));
#2050=LINE('',#2049,#2048);
#2051=DIRECTION('',(1.E0,0.E0,0.E0));
#2052=VECTOR('',#2051,6.666666269302E-1);
#2053=CARTESIAN_POINT('',(-9.488E0,-2.3245E1,-1.69E1));
#2054=LINE('',#2053,#2052);
#2055=DIRECTION('',(3.162277490531E-1,9.486833037051E-1,0.E0));
#2056=VECTOR('',#2055,4.216370188426E0);
#2057=CARTESIAN_POINT('',(-1.082133325386E1,-2.7245E1,-1.69E1));
#2058=LINE('',#2057,#2056);
#2059=DIRECTION('',(-1.E0,0.E0,0.E0));
#2060=VECTOR('',#2059,5.E-1);
#2061=CARTESIAN_POINT('',(-1.032133325386E1,-2.7245E1,-1.69E1));
#2062=LINE('',#2061,#2060);
#2063=DIRECTION('',(-3.102799653834E-1,-9.506452246141E-1,0.E0));
#2064=VECTOR('',#2063,1.074298346813E0);
#2065=CARTESIAN_POINT('',(-9.988E0,-2.622372340679E1,-1.69E1));
#2066=LINE('',#2065,#2064);
#2067=DIRECTION('',(-1.E0,0.E0,0.E0));
#2068=VECTOR('',#2067,1.666666686535E0);
#2069=CARTESIAN_POINT('',(-8.321333313465E0,-2.622372340679E1,-1.69E1));
#2070=LINE('',#2069,#2068);
#2071=DIRECTION('',(-3.102800155243E-1,9.506452082487E-1,0.E0));
#2072=VECTOR('',#2071,1.074298365307E0);
#2073=CARTESIAN_POINT('',(-7.988E0,-2.7245E1,-1.69E1));
#2074=LINE('',#2073,#2072);
#2075=DIRECTION('',(-1.E0,0.E0,0.E0));
#2076=VECTOR('',#2075,5.E-1);
#2077=CARTESIAN_POINT('',(-7.488E0,-2.7245E1,-1.69E1));
#2078=LINE('',#2077,#2076);
#2079=DIRECTION('',(3.162277744987E-1,-9.486832952232E-1,0.E0));
#2080=VECTOR('',#2079,4.216370226124E0);
#2081=CARTESIAN_POINT('',(-8.821333373070E0,-2.3245E1,-1.69E1));
#2082=LINE('',#2081,#2080);
#2083=DIRECTION('',(-3.102800658973E-1,-9.506451918075E-1,0.E0));
#2084=VECTOR('',#2083,2.417171457793E0);
#2085=CARTESIAN_POINT('',(-9.154666626930E0,-2.358542549133E1,-1.69E1));
#2086=LINE('',#2085,#2084);
#2087=DIRECTION('',(-3.102799990428E-1,9.506452136281E-1,0.E0));
#2088=VECTOR('',#2087,2.417171402311E0);
#2089=CARTESIAN_POINT('',(-8.404666686535E0,-2.588329791546E1,-1.69E1));
#2090=LINE('',#2089,#2088);
#2091=DIRECTION('',(1.E0,0.E0,0.E0));
#2092=VECTOR('',#2091,1.500000059605E0);
#2093=CARTESIAN_POINT('',(-9.904666746140E0,-2.588329791546E1,-1.69E1));
#2094=LINE('',#2093,#2092);
#2095=DIRECTION('',(0.E0,0.E0,1.E0));
#2096=VECTOR('',#2095,1.E-1);
#2097=CARTESIAN_POINT('',(-7.988E0,-5.980638237E0,-1.7E1));
#2098=LINE('',#2097,#2096);
#2099=DIRECTION('',(0.E0,0.E0,1.E0));
#2100=VECTOR('',#2099,1.E-1);
#2101=CARTESIAN_POINT('',(-7.988E0,-7.172127695084E0,-1.7E1));
#2102=LINE('',#2101,#2100);
#2103=DIRECTION('',(0.E0,0.E0,1.E0));
#2104=VECTOR('',#2103,1.E-1);
#2105=CARTESIAN_POINT('',(-9.571333253860E0,-7.172127695084E0,-1.7E1));
#2106=LINE('',#2105,#2104);
#2107=DIRECTION('',(0.E0,0.E0,1.E0));
#2108=VECTOR('',#2107,1.E-1);
#2109=CARTESIAN_POINT('',(-9.821333253860E0,-7.087021322250E0,-1.7E1));
#2110=LINE('',#2109,#2108);
#2111=DIRECTION('',(1.776356839400E-14,-3.552713678800E-14,1.E0));
#2112=VECTOR('',#2111,1.E-1);
#2113=CARTESIAN_POINT('',(-9.988E0,-6.916808576584E0,-1.7E1));
#2114=LINE('',#2113,#2112);
#2115=DIRECTION('',(0.E0,5.329070518201E-14,1.E0));
#2116=VECTOR('',#2115,1.E-1);
#2117=CARTESIAN_POINT('',(-1.007133325386E1,-6.661489458084E0,-1.7E1));
#2118=LINE('',#2117,#2116);
#2119=DIRECTION('',(0.E0,-7.105427357601E-14,1.E0));
#2120=VECTOR('',#2119,1.E-1);
#2121=CARTESIAN_POINT('',(-1.007133325386E1,-6.491276712418E0,-1.7E1));
#2122=LINE('',#2121,#2120);
#2123=DIRECTION('',(1.776356839400E-14,1.776356839400E-14,1.E0));
#2124=VECTOR('',#2123,1.E-1);
#2125=CARTESIAN_POINT('',(-9.988E0,-6.235957355499E0,-1.7E1));
#2126=LINE('',#2125,#2124);
#2127=DIRECTION('',(0.E0,0.E0,1.E0));
#2128=VECTOR('',#2127,1.E-1);
#2129=CARTESIAN_POINT('',(-9.821333253860E0,-6.065744609833E0,-1.7E1));
#2130=LINE('',#2129,#2128);
#2131=DIRECTION('',(0.E0,0.E0,1.E0));
#2132=VECTOR('',#2131,1.E-1);
#2133=CARTESIAN_POINT('',(-9.571333253860E0,-5.980638237E0,-1.7E1));
#2134=LINE('',#2133,#2132);
#2135=DIRECTION('',(0.E0,0.E0,1.E0));
#2136=VECTOR('',#2135,1.E-1);
#2137=CARTESIAN_POINT('',(-1.007133325386E1,-8.193404288292E0,-1.7E1));
#2138=LINE('',#2137,#2136);
#2139=DIRECTION('',(0.E0,-2.664535259100E-14,1.E0));
#2140=VECTOR('',#2139,1.E-1);
#2141=CARTESIAN_POINT('',(-9.988E0,-7.938085050583E0,-1.7E1));
#2142=LINE('',#2141,#2140);
#2143=DIRECTION('',(0.E0,0.E0,1.E0));
#2144=VECTOR('',#2143,1.E-1);
#2145=CARTESIAN_POINT('',(-9.821333253860E0,-7.767872304916E0,-1.7E1));
#2146=LINE('',#2145,#2144);
#2147=DIRECTION('',(0.E0,0.E0,1.E0));
#2148=VECTOR('',#2147,1.E-1);
#2149=CARTESIAN_POINT('',(-9.571333253860E0,-7.682765932083E0,-1.7E1));
#2150=LINE('',#2149,#2148);
#2151=DIRECTION('',(0.E0,0.E0,1.E0));
#2152=VECTOR('',#2151,1.E-1);
#2153=CARTESIAN_POINT('',(-7.988E0,-7.682765932083E0,-1.7E1));
#2154=LINE('',#2153,#2152);
#2155=DIRECTION('',(0.E0,0.E0,1.E0));
#2156=VECTOR('',#2155,1.E-1);
#2157=CARTESIAN_POINT('',(-7.988E0,-8.959361703396E0,-1.7E1));
#2158=LINE('',#2157,#2156);
#2159=DIRECTION('',(0.E0,0.E0,1.E0));
#2160=VECTOR('',#2159,1.E-1);
#2161=CARTESIAN_POINT('',(-9.571333253860E0,-8.959361703396E0,-1.7E1));
#2162=LINE('',#2161,#2160);
#2163=DIRECTION('',(0.E0,0.E0,1.E0));
#2164=VECTOR('',#2163,1.E-1);
#2165=CARTESIAN_POINT('',(-9.821333253860E0,-8.874255330563E0,-1.7E1));
#2166=LINE('',#2165,#2164);
#2167=DIRECTION('',(1.776356839400E-14,0.E0,1.E0));
#2168=VECTOR('',#2167,1.E-1);
#2169=CARTESIAN_POINT('',(-9.988E0,-8.704042525291E0,-1.7E1));
#2170=LINE('',#2169,#2168);
#2171=DIRECTION('',(0.E0,0.E0,1.E0));
#2172=VECTOR('',#2171,1.E-1);
#2173=CARTESIAN_POINT('',(-1.007133325386E1,-8.448723406792E0,-1.7E1));
#2174=LINE('',#2173,#2172);
#2175=DIRECTION('',(0.E0,0.E0,1.E0));
#2176=VECTOR('',#2175,1.E-1);
#2177=CARTESIAN_POINT('',(-9.488E0,-2.3245E1,-1.7E1));
#2178=LINE('',#2177,#2176);
#2179=DIRECTION('',(0.E0,0.E0,1.E0));
#2180=VECTOR('',#2179,1.E-1);
#2181=CARTESIAN_POINT('',(-1.082133325386E1,-2.7245E1,-1.7E1));
#2182=LINE('',#2181,#2180);
#2183=DIRECTION('',(0.E0,0.E0,1.E0));
#2184=VECTOR('',#2183,1.E-1);
#2185=CARTESIAN_POINT('',(-1.032133325386E1,-2.7245E1,-1.7E1));
#2186=LINE('',#2185,#2184);
#2187=DIRECTION('',(0.E0,0.E0,1.E0));
#2188=VECTOR('',#2187,1.E-1);
#2189=CARTESIAN_POINT('',(-9.988E0,-2.622372340679E1,-1.7E1));
#2190=LINE('',#2189,#2188);
#2191=DIRECTION('',(0.E0,0.E0,1.E0));
#2192=VECTOR('',#2191,1.E-1);
#2193=CARTESIAN_POINT('',(-8.321333313465E0,-2.622372340679E1,-1.7E1));
#2194=LINE('',#2193,#2192);
#2195=DIRECTION('',(3.552713678800E-14,0.E0,1.E0));
#2196=VECTOR('',#2195,1.E-1);
#2197=CARTESIAN_POINT('',(-7.988E0,-2.7245E1,-1.7E1));
#2198=LINE('',#2197,#2196);
#2199=DIRECTION('',(1.776356839400E-14,0.E0,1.E0));
#2200=VECTOR('',#2199,1.E-1);
#2201=CARTESIAN_POINT('',(-7.488E0,-2.7245E1,-1.7E1));
#2202=LINE('',#2201,#2200);
#2203=DIRECTION('',(0.E0,0.E0,1.E0));
#2204=VECTOR('',#2203,1.E-1);
#2205=CARTESIAN_POINT('',(-8.821333373070E0,-2.3245E1,-1.7E1));
#2206=LINE('',#2205,#2204);
#2207=DIRECTION('',(0.E0,0.E0,1.E0));
#2208=VECTOR('',#2207,1.E-1);
#2209=CARTESIAN_POINT('',(-9.154666626930E0,-2.358542549133E1,-1.7E1));
#2210=LINE('',#2209,#2208);
#2211=DIRECTION('',(0.E0,0.E0,1.E0));
#2212=VECTOR('',#2211,1.E-1);
#2213=CARTESIAN_POINT('',(-8.404666686535E0,-2.588329791546E1,-1.7E1));
#2214=LINE('',#2213,#2212);
#2215=DIRECTION('',(0.E0,0.E0,1.E0));
#2216=VECTOR('',#2215,1.E-1);
#2217=CARTESIAN_POINT('',(-9.904666746140E0,-2.588329791546E1,-1.7E1));
#2218=LINE('',#2217,#2216);
#2219=DIRECTION('',(0.E0,0.E0,1.E0));
#2220=VECTOR('',#2219,2.E0);
#2221=CARTESIAN_POINT('',(2.803E1,-1.045E1,-1.7E1));
#2222=LINE('',#2221,#2220);
#2223=DIRECTION('',(0.E0,0.E0,1.E0));
#2224=VECTOR('',#2223,2.E0);
#2225=CARTESIAN_POINT('',(2.703E1,-1.045E1,-1.7E1));
#2226=LINE('',#2225,#2224);
#2227=DIRECTION('',(0.E0,0.E0,1.E0));
#2228=VECTOR('',#2227,2.E0);
#2229=CARTESIAN_POINT('',(2.803E1,-2.205E1,-1.7E1));
#2230=LINE('',#2229,#2228);
#2231=DIRECTION('',(0.E0,0.E0,1.E0));
#2232=VECTOR('',#2231,2.E0);
#2233=CARTESIAN_POINT('',(2.703E1,-2.205E1,-1.7E1));
#2234=LINE('',#2233,#2232);
#2235=DIRECTION('',(0.E0,1.E0,0.E0));
#2236=VECTOR('',#2235,6.5E0);
#2237=CARTESIAN_POINT('',(-1.82E1,-8.5E0,-1.5E1));
#2238=LINE('',#2237,#2236);
#2239=DIRECTION('',(0.E0,0.E0,1.E0));
#2240=VECTOR('',#2239,3.99E0);
#2241=CARTESIAN_POINT('',(-1.82E1,-2.E0,-1.5E1));
#2242=LINE('',#2241,#2240);
#2243=DIRECTION('',(0.E0,1.E0,0.E0));
#2244=VECTOR('',#2243,5.E0);
#2245=CARTESIAN_POINT('',(-1.67E1,-8.5E0,-1.101E1));
#2246=LINE('',#2245,#2244);
#2247=DIRECTION('',(1.E0,0.E0,0.E0));
#2248=VECTOR('',#2247,1.5E0);
#2249=CARTESIAN_POINT('',(-1.82E1,-8.5E0,-1.101E1));
#2250=LINE('',#2249,#2248);
#2251=DIRECTION('',(0.E0,1.E0,0.E0));
#2252=VECTOR('',#2251,6.5E0);
#2253=CARTESIAN_POINT('',(-1.82E1,-8.5E0,-1.101E1));
#2254=LINE('',#2253,#2252);
#2255=DIRECTION('',(0.E0,-1.E0,0.E0));
#2256=VECTOR('',#2255,1.5E0);
#2257=CARTESIAN_POINT('',(-1.32E1,-2.E0,-1.101E1));
#2258=LINE('',#2257,#2256);
#2259=DIRECTION('',(0.E0,0.E0,1.E0));
#2260=VECTOR('',#2259,3.99E0);
#2261=CARTESIAN_POINT('',(-1.67E1,-8.5E0,-1.5E1));
#2262=LINE('',#2261,#2260);
#2263=DIRECTION('',(0.E0,0.E0,1.E0));
#2264=VECTOR('',#2263,3.99E0);
#2265=CARTESIAN_POINT('',(-1.82E1,-8.5E0,-1.5E1));
#2266=LINE('',#2265,#2264);
#2267=DIRECTION('',(0.E0,0.E0,-1.E0));
#2268=VECTOR('',#2267,3.99E0);
#2269=CARTESIAN_POINT('',(-1.32E1,-2.E0,-1.101E1));
#2270=LINE('',#2269,#2268);
#2271=DIRECTION('',(0.E0,0.E0,1.E0));
#2272=VECTOR('',#2271,3.99E0);
#2273=CARTESIAN_POINT('',(-1.32E1,-3.5E0,-1.5E1));
#2274=LINE('',#2273,#2272);
#2275=CARTESIAN_POINT('',(2.E0,0.E0,-6.26E0));
#2276=DIRECTION('',(0.E0,-1.E0,0.E0));
#2277=DIRECTION('',(1.E0,0.E0,0.E0));
#2278=AXIS2_PLACEMENT_3D('',#2275,#2276,#2277);
#2280=DIRECTION('',(0.E0,-1.E0,0.E0));
#2281=VECTOR('',#2280,3.75E0);
#2282=CARTESIAN_POINT('',(3.25E0,3.75E0,-6.26E0));
#2283=LINE('',#2282,#2281);
#2284=CARTESIAN_POINT('',(1.25E0,5.120156211872E0,-5.26E0));
#2285=CARTESIAN_POINT('',(1.280712244454E0,5.048209510584E0,-5.236965816659E0));
#2286=CARTESIAN_POINT('',(1.326420575081E0,4.902302282797E0,-5.206932579690E0));
#2287=CARTESIAN_POINT('',(1.322339185043E0,4.674596303634E0,-5.209401101199E0));
#2288=CARTESIAN_POINT('',(1.247619483898E0,4.456691440973E0,-5.259384854340E0));
#2289=CARTESIAN_POINT('',(1.130349846635E0,4.248094763411E0,-5.356107852309E0));
#2290=CARTESIAN_POINT('',(9.898664797604E-1,4.048009165384E0,
-5.511417457486E0));
#2291=CARTESIAN_POINT('',(8.581652134444E-1,3.880255396543E0,
-5.728429346184E0));
#2292=CARTESIAN_POINT('',(7.696836615947E-1,3.773314886469E0,
-5.987801627244E0));
#2293=CARTESIAN_POINT('',(7.5E-1,3.75E0,-6.169485098161E0));
#2294=CARTESIAN_POINT('',(7.5E-1,3.75E0,-6.26E0));
#2296=DIRECTION('',(1.E0,0.E0,0.E0));
#2297=VECTOR('',#2296,4.139566627700E-1);
#2298=CARTESIAN_POINT('',(8.360433372300E-1,5.120156211872E0,-5.26E0));
#2299=LINE('',#2298,#2297);
#2300=CARTESIAN_POINT('',(8.360433372300E-1,5.120156211872E0,-5.26E0));
#2301=CARTESIAN_POINT('',(7.999708077740E-1,4.985531699184E0,
-5.216899125993E0));
#2302=CARTESIAN_POINT('',(7.146358852645E-1,4.667057432719E0,
-5.176238133671E0));
#2303=CARTESIAN_POINT('',(5.767809112193E-1,4.152575665506E0,
-5.373321575860E0));
#2304=CARTESIAN_POINT('',(4.999755904365E-1,3.865934306053E0,
-5.730277748735E0));
#2305=CARTESIAN_POINT('',(4.727819152771E-1,3.764446128714E0,
-6.041483336540E0));
#2306=CARTESIAN_POINT('',(4.669756724932E-1,3.742776935643E0,-6.26E0));
#2307=CARTESIAN_POINT('',(4.727819152771E-1,3.764446128714E0,
-6.478516663460E0));
#2308=CARTESIAN_POINT('',(4.999755904365E-1,3.865934306053E0,
-6.789722251265E0));
#2309=CARTESIAN_POINT('',(5.767809112193E-1,4.152575665506E0,
-7.146678424140E0));
#2310=CARTESIAN_POINT('',(7.146358852645E-1,4.667057432719E0,
-7.343761866329E0));
#2311=CARTESIAN_POINT('',(7.999708077740E-1,4.985531699184E0,
-7.303100874007E0));
#2312=CARTESIAN_POINT('',(8.360433372300E-1,5.120156211872E0,-7.26E0));
#2314=DIRECTION('',(1.E0,0.E0,0.E0));
#2315=VECTOR('',#2314,4.139566627700E-1);
#2316=CARTESIAN_POINT('',(8.360433372300E-1,5.120156211872E0,-7.26E0));
#2317=LINE('',#2316,#2315);
#2318=CARTESIAN_POINT('',(7.5E-1,3.75E0,-6.26E0));
#2319=CARTESIAN_POINT('',(7.5E-1,3.75E0,-6.349327134835E0));
#2320=CARTESIAN_POINT('',(7.689931469177E-1,3.772486147167E0,
-6.529114960547E0));
#2321=CARTESIAN_POINT('',(8.574381961057E-1,3.879374897263E0,
-6.789867503979E0));
#2322=CARTESIAN_POINT('',(9.869343941208E-1,4.044215820114E0,
-7.004312623715E0));
#2323=CARTESIAN_POINT('',(1.126408189654E0,4.242020691641E0,-7.160185801980E0));
#2324=CARTESIAN_POINT('',(1.244018349686E0,4.449508463042E0,-7.257833632570E0));
#2325=CARTESIAN_POINT('',(1.316857106358E0,4.656981359171E0,-7.307127830972E0));
#2326=CARTESIAN_POINT('',(1.331181052741E0,4.871835016042E0,-7.315950824930E0));
#2327=CARTESIAN_POINT('',(1.285505034392E0,5.036981890068E0,-7.286628775794E0));
#2328=CARTESIAN_POINT('',(1.25E0,5.120156211872E0,-7.26E0));
#2330=CARTESIAN_POINT('',(6.25E0,5.120156211872E0,-5.26E0));
#2331=CARTESIAN_POINT('',(6.280714303981E0,5.048204685925E0,-5.236964272014E0));
#2332=CARTESIAN_POINT('',(6.326426206167E0,4.902287184351E0,-5.206929085678E0));
#2333=CARTESIAN_POINT('',(6.322332518020E0,4.674546675263E0,-5.209405064180E0));
#2334=CARTESIAN_POINT('',(6.247591346613E0,4.456631187480E0,-5.259405011410E0));
#2335=CARTESIAN_POINT('',(6.130311610442E0,4.248035530030E0,-5.356143709186E0));
#2336=CARTESIAN_POINT('',(5.989829701183E0,4.047960659371E0,-5.511466720755E0));
#2337=CARTESIAN_POINT('',(5.858143397609E0,3.880228773355E0,-5.728479482448E0));
#2338=CARTESIAN_POINT('',(5.769680017727E0,3.773310612893E0,-5.987828046014E0));
#2339=CARTESIAN_POINT('',(5.75E0,3.75E0,-6.169494209812E0));
#2340=CARTESIAN_POINT('',(5.75E0,3.75E0,-6.26E0));
#2342=DIRECTION('',(1.E0,0.E0,0.E0));
#2343=VECTOR('',#2342,3.5E0);
#2344=CARTESIAN_POINT('',(2.75E0,5.120156211872E0,-5.26E0));
#2345=LINE('',#2344,#2343);
#2346=CARTESIAN_POINT('',(3.25E0,3.75E0,-6.26E0));
#2347=CARTESIAN_POINT('',(3.25E0,3.75E0,-6.170370353013E0));
#2348=CARTESIAN_POINT('',(3.230902457746E0,3.772606225031E0,-5.989865044192E0));
#2349=CARTESIAN_POINT('',(3.141479065140E0,3.880696198978E0,-5.727563553183E0));
#2350=CARTESIAN_POINT('',(3.010953253748E0,4.046975863550E0,-5.512780367087E0));
#2351=CARTESIAN_POINT('',(2.870949175068E0,4.246084511656E0,-5.357296233162E0));
#2352=CARTESIAN_POINT('',(2.753947350238E0,4.453746664780E0,-5.260686792179E0));
#2353=CARTESIAN_POINT('',(2.682200616663E0,4.661621594742E0,-5.212285234172E0));
#2354=CARTESIAN_POINT('',(2.669439650977E0,4.874735213184E0,-5.204427910135E0));
#2355=CARTESIAN_POINT('',(2.714927857909E0,5.037995986355E0,-5.233695893432E0));
#2356=CARTESIAN_POINT('',(2.75E0,5.120156211872E0,-5.26E0));
#2358=CARTESIAN_POINT('',(2.75E0,5.120156211872E0,-7.26E0));
#2359=CARTESIAN_POINT('',(2.719260487845E0,5.048145633095E0,-7.283054634116E0));
#2360=CARTESIAN_POINT('',(2.673532607326E0,4.902091587198E0,-7.313096333170E0));
#2361=CARTESIAN_POINT('',(2.677693407351E0,4.674257587661E0,-7.310579979757E0));
#2362=CARTESIAN_POINT('',(2.752716440974E0,4.455923945564E0,-7.260384525015E0));
#2363=CARTESIAN_POINT('',(2.870122619057E0,4.247398323131E0,-7.163418867828E0));
#2364=CARTESIAN_POINT('',(3.010160872939E0,4.047988276402E0,-7.008504149424E0));
#2365=CARTESIAN_POINT('',(3.141799374242E0,3.880297139635E0,-6.791610825624E0));
#2366=CARTESIAN_POINT('',(3.230232094941E0,3.773416460672E0,-6.532545528678E0));
#2367=CARTESIAN_POINT('',(3.25E0,3.75E0,-6.350672857162E0));
#2368=CARTESIAN_POINT('',(3.25E0,3.75E0,-6.26E0));
#2370=DIRECTION('',(1.E0,0.E0,0.E0));
#2371=VECTOR('',#2370,3.5E0);
#2372=CARTESIAN_POINT('',(2.75E0,5.120156211872E0,-7.26E0));
#2373=LINE('',#2372,#2371);
#2374=CARTESIAN_POINT('',(5.75E0,3.75E0,-6.26E0));
#2375=CARTESIAN_POINT('',(5.75E0,3.75E0,-6.349328864179E0));
#2376=CARTESIAN_POINT('',(5.768994042630E0,3.772487216911E0,-6.529118772857E0));
#2377=CARTESIAN_POINT('',(5.857438663587E0,3.879375485459E0,-6.789868002631E0));
#2378=CARTESIAN_POINT('',(5.986933929772E0,4.044215266647E0,-7.004311822292E0));
#2379=CARTESIAN_POINT('',(6.126405938520E0,4.242017409126E0,-7.160183495657E0));
#2380=CARTESIAN_POINT('',(6.244015616138E0,4.449502906713E0,-7.257831638335E0));
#2381=CARTESIAN_POINT('',(6.316856480949E0,4.656976784724E0,-7.307127461565E0));
#2382=CARTESIAN_POINT('',(6.331181393818E0,4.871834953839E0,-7.315951037311E0));
#2383=CARTESIAN_POINT('',(6.285505011152E0,5.036981944508E0,-7.286628758364E0));
#2384=CARTESIAN_POINT('',(6.25E0,5.120156211872E0,-7.26E0));
#2386=CARTESIAN_POINT('',(1.125E1,5.120156211872E0,-5.26E0));
#2387=CARTESIAN_POINT('',(1.128071430398E1,5.048204685925E0,-5.236964272014E0));
#2388=CARTESIAN_POINT('',(1.132642620617E1,4.902287184351E0,-5.206929085678E0));
#2389=CARTESIAN_POINT('',(1.132233251802E1,4.674546675263E0,-5.209405064180E0));
#2390=CARTESIAN_POINT('',(1.124759134661E1,4.456631187480E0,-5.259405011410E0));
#2391=CARTESIAN_POINT('',(1.113031161044E1,4.248035530030E0,-5.356143709186E0));
#2392=CARTESIAN_POINT('',(1.098982970118E1,4.047960659371E0,-5.511466720755E0));
#2393=CARTESIAN_POINT('',(1.085814339761E1,3.880228773355E0,-5.728479482448E0));
#2394=CARTESIAN_POINT('',(1.076968001773E1,3.773310612893E0,-5.987828046014E0));
#2395=CARTESIAN_POINT('',(1.075E1,3.75E0,-6.169494209812E0));
#2396=CARTESIAN_POINT('',(1.075E1,3.75E0,-6.26E0));
#2398=DIRECTION('',(1.E0,0.E0,0.E0));
#2399=VECTOR('',#2398,3.5E0);
#2400=CARTESIAN_POINT('',(7.75E0,5.120156211872E0,-5.26E0));
#2401=LINE('',#2400,#2399);
#2402=CARTESIAN_POINT('',(8.25E0,3.75E0,-6.26E0));
#2403=CARTESIAN_POINT('',(8.25E0,3.75E0,-6.170368434464E0));
#2404=CARTESIAN_POINT('',(8.230901486092E0,3.772607383280E0,-5.989860639862E0));
#2405=CARTESIAN_POINT('',(8.141478047464E0,3.880697459179E0,-5.727561773981E0));
#2406=CARTESIAN_POINT('',(8.010952680998E0,4.046976668704E0,-5.512779741721E0));
#2407=CARTESIAN_POINT('',(7.870950131652E0,4.246083206725E0,-5.357297293945E0));
#2408=CARTESIAN_POINT('',(7.753949058065E0,4.453743223718E0,-5.260688035210E0));
#2409=CARTESIAN_POINT('',(7.682200841389E0,4.661619040601E0,-5.212285356481E0));
#2410=CARTESIAN_POINT('',(7.669439562165E0,4.874736198822E0,-5.204427851789E0));
#2411=CARTESIAN_POINT('',(7.714928033489E0,5.037996397669E0,-5.233696025117E0));
#2412=CARTESIAN_POINT('',(7.75E0,5.120156211872E0,-5.26E0));
#2414=CARTESIAN_POINT('',(7.75E0,5.120156211872E0,-7.26E0));
#2415=CARTESIAN_POINT('',(7.719258468680E0,5.048140902986E0,-7.283056148490E0));
#2416=CARTESIAN_POINT('',(7.673527048210E0,4.902076708878E0,-7.313099779935E0));
#2417=CARTESIAN_POINT('',(7.677699983201E0,4.674208346502E0,-7.310576081760E0));
#2418=CARTESIAN_POINT('',(7.752744758269E0,4.455863378507E0,-7.260364225056E0));
#2419=CARTESIAN_POINT('',(7.870160779586E0,4.247339286833E0,-7.163383016555E0));
#2420=CARTESIAN_POINT('',(8.010197496841E0,4.047939960562E0,-7.008455098861E0));
#2421=CARTESIAN_POINT('',(8.141821196784E0,3.880270508463E0,-6.791560699469E0));
#2422=CARTESIAN_POINT('',(8.230235714648E0,3.773412215895E0,-6.532519231327E0));
#2423=CARTESIAN_POINT('',(8.25E0,3.75E0,-6.350663790447E0));
#2424=CARTESIAN_POINT('',(8.25E0,3.75E0,-6.26E0));
#2426=DIRECTION('',(1.E0,0.E0,0.E0));
#2427=VECTOR('',#2426,3.5E0);
#2428=CARTESIAN_POINT('',(7.75E0,5.120156211872E0,-7.26E0));
#2429=LINE('',#2428,#2427);
#2430=CARTESIAN_POINT('',(1.075E1,3.75E0,-6.26E0));
#2431=CARTESIAN_POINT('',(1.075E1,3.75E0,-6.349328864179E0));
#2432=CARTESIAN_POINT('',(1.076899404263E1,3.772487216911E0,-6.529118772857E0));
#2433=CARTESIAN_POINT('',(1.085743866359E1,3.879375485459E0,-6.789868002631E0));
#2434=CARTESIAN_POINT('',(1.098693392977E1,4.044215266647E0,-7.004311822292E0));
#2435=CARTESIAN_POINT('',(1.112640593852E1,4.242017409126E0,-7.160183495657E0));
#2436=CARTESIAN_POINT('',(1.124401561614E1,4.449502906713E0,-7.257831638335E0));
#2437=CARTESIAN_POINT('',(1.131685648095E1,4.656976784724E0,-7.307127461565E0));
#2438=CARTESIAN_POINT('',(1.133118139382E1,4.871834953839E0,-7.315951037311E0));
#2439=CARTESIAN_POINT('',(1.128550501115E1,5.036981944508E0,-7.286628758364E0));
#2440=CARTESIAN_POINT('',(1.125E1,5.120156211872E0,-7.26E0));
#2442=CARTESIAN_POINT('',(1.625E1,5.120156211872E0,-5.26E0));
#2443=CARTESIAN_POINT('',(1.628071430398E1,5.048204685925E0,-5.236964272014E0));
#2444=CARTESIAN_POINT('',(1.632642620617E1,4.902287184351E0,-5.206929085678E0));
#2445=CARTESIAN_POINT('',(1.632233251802E1,4.674546675263E0,-5.209405064180E0));
#2446=CARTESIAN_POINT('',(1.624759134661E1,4.456631187480E0,-5.259405011410E0));
#2447=CARTESIAN_POINT('',(1.613031161044E1,4.248035530030E0,-5.356143709186E0));
#2448=CARTESIAN_POINT('',(1.598982970118E1,4.047960659371E0,-5.511466720755E0));
#2449=CARTESIAN_POINT('',(1.585814339761E1,3.880228773355E0,-5.728479482448E0));
#2450=CARTESIAN_POINT('',(1.576968001773E1,3.773310612893E0,-5.987828046014E0));
#2451=CARTESIAN_POINT('',(1.575E1,3.75E0,-6.169494209812E0));
#2452=CARTESIAN_POINT('',(1.575E1,3.75E0,-6.26E0));
#2454=DIRECTION('',(1.E0,0.E0,0.E0));
#2455=VECTOR('',#2454,3.5E0);
#2456=CARTESIAN_POINT('',(1.275E1,5.120156211872E0,-5.26E0));
#2457=LINE('',#2456,#2455);
#2458=CARTESIAN_POINT('',(1.325E1,3.75E0,-6.26E0));
#2459=CARTESIAN_POINT('',(1.325E1,3.75E0,-6.170368434464E0));
#2460=CARTESIAN_POINT('',(1.323090148609E1,3.772607383280E0,-5.989860639862E0));
#2461=CARTESIAN_POINT('',(1.314147804746E1,3.880697459179E0,-5.727561773981E0));
#2462=CARTESIAN_POINT('',(1.301095268100E1,4.046976668704E0,-5.512779741721E0));
#2463=CARTESIAN_POINT('',(1.287095013165E1,4.246083206725E0,-5.357297293945E0));
#2464=CARTESIAN_POINT('',(1.275394905807E1,4.453743223718E0,-5.260688035210E0));
#2465=CARTESIAN_POINT('',(1.268220084139E1,4.661619040601E0,-5.212285356481E0));
#2466=CARTESIAN_POINT('',(1.266943956216E1,4.874736198822E0,-5.204427851789E0));
#2467=CARTESIAN_POINT('',(1.271492803349E1,5.037996397669E0,-5.233696025117E0));
#2468=CARTESIAN_POINT('',(1.275E1,5.120156211872E0,-5.26E0));
#2470=CARTESIAN_POINT('',(1.275E1,5.120156211872E0,-7.26E0));
#2471=CARTESIAN_POINT('',(1.271925846868E1,5.048140902986E0,-7.283056148490E0));
#2472=CARTESIAN_POINT('',(1.267352704821E1,4.902076708878E0,-7.313099779935E0));
#2473=CARTESIAN_POINT('',(1.267769998320E1,4.674208346502E0,-7.310576081760E0));
#2474=CARTESIAN_POINT('',(1.275274475827E1,4.455863378507E0,-7.260364225056E0));
#2475=CARTESIAN_POINT('',(1.287016077959E1,4.247339286833E0,-7.163383016555E0));
#2476=CARTESIAN_POINT('',(1.301019749684E1,4.047939960562E0,-7.008455098861E0));
#2477=CARTESIAN_POINT('',(1.314182119678E1,3.880270508463E0,-6.791560699469E0));
#2478=CARTESIAN_POINT('',(1.323023571465E1,3.773412215895E0,-6.532519231327E0));
#2479=CARTESIAN_POINT('',(1.325E1,3.75E0,-6.350663790447E0));
#2480=CARTESIAN_POINT('',(1.325E1,3.75E0,-6.26E0));
#2482=DIRECTION('',(1.E0,0.E0,0.E0));
#2483=VECTOR('',#2482,3.5E0);
#2484=CARTESIAN_POINT('',(1.275E1,5.120156211872E0,-7.26E0));
#2485=LINE('',#2484,#2483);
#2486=CARTESIAN_POINT('',(1.575E1,3.75E0,-6.26E0));
#2487=CARTESIAN_POINT('',(1.575E1,3.75E0,-6.349328864179E0));
#2488=CARTESIAN_POINT('',(1.576899404263E1,3.772487216911E0,-6.529118772857E0));
#2489=CARTESIAN_POINT('',(1.585743866359E1,3.879375485459E0,-6.789868002631E0));
#2490=CARTESIAN_POINT('',(1.598693392977E1,4.044215266647E0,-7.004311822292E0));
#2491=CARTESIAN_POINT('',(1.612640593852E1,4.242017409126E0,-7.160183495657E0));
#2492=CARTESIAN_POINT('',(1.624401561614E1,4.449502906713E0,-7.257831638335E0));
#2493=CARTESIAN_POINT('',(1.631685648095E1,4.656976784724E0,-7.307127461565E0));
#2494=CARTESIAN_POINT('',(1.633118139382E1,4.871834953839E0,-7.315951037311E0));
#2495=CARTESIAN_POINT('',(1.628550501115E1,5.036981944508E0,-7.286628758364E0));
#2496=CARTESIAN_POINT('',(1.625E1,5.120156211872E0,-7.26E0));
#2498=CARTESIAN_POINT('',(2.125E1,5.120156211872E0,-5.26E0));
#2499=CARTESIAN_POINT('',(2.128071430398E1,5.048204685925E0,-5.236964272014E0));
#2500=CARTESIAN_POINT('',(2.132642620617E1,4.902287184351E0,-5.206929085678E0));
#2501=CARTESIAN_POINT('',(2.132233251802E1,4.674546675263E0,-5.209405064180E0));
#2502=CARTESIAN_POINT('',(2.124759134661E1,4.456631187480E0,-5.259405011410E0));
#2503=CARTESIAN_POINT('',(2.113031161044E1,4.248035530030E0,-5.356143709186E0));
#2504=CARTESIAN_POINT('',(2.098982970118E1,4.047960659371E0,-5.511466720755E0));
#2505=CARTESIAN_POINT('',(2.085814339761E1,3.880228773355E0,-5.728479482448E0));
#2506=CARTESIAN_POINT('',(2.076968001773E1,3.773310612893E0,-5.987828046014E0));
#2507=CARTESIAN_POINT('',(2.075E1,3.75E0,-6.169494209812E0));
#2508=CARTESIAN_POINT('',(2.075E1,3.75E0,-6.26E0));
#2510=DIRECTION('',(1.E0,0.E0,0.E0));
#2511=VECTOR('',#2510,3.5E0);
#2512=CARTESIAN_POINT('',(1.775E1,5.120156211872E0,-5.26E0));
#2513=LINE('',#2512,#2511);
#2514=CARTESIAN_POINT('',(1.825E1,3.75E0,-6.26E0));
#2515=CARTESIAN_POINT('',(1.825E1,3.75E0,-6.170368434464E0));
#2516=CARTESIAN_POINT('',(1.823090148609E1,3.772607383280E0,-5.989860639862E0));
#2517=CARTESIAN_POINT('',(1.814147804746E1,3.880697459179E0,-5.727561773981E0));
#2518=CARTESIAN_POINT('',(1.801095268100E1,4.046976668704E0,-5.512779741721E0));
#2519=CARTESIAN_POINT('',(1.787095013165E1,4.246083206725E0,-5.357297293945E0));
#2520=CARTESIAN_POINT('',(1.775394905807E1,4.453743223718E0,-5.260688035210E0));
#2521=CARTESIAN_POINT('',(1.768220084139E1,4.661619040601E0,-5.212285356481E0));
#2522=CARTESIAN_POINT('',(1.766943956216E1,4.874736198822E0,-5.204427851789E0));
#2523=CARTESIAN_POINT('',(1.771492803349E1,5.037996397669E0,-5.233696025117E0));
#2524=CARTESIAN_POINT('',(1.775E1,5.120156211872E0,-5.26E0));
#2526=CARTESIAN_POINT('',(1.775E1,5.120156211872E0,-7.26E0));
#2527=CARTESIAN_POINT('',(1.771925846868E1,5.048140902986E0,-7.283056148490E0));
#2528=CARTESIAN_POINT('',(1.767352704821E1,4.902076708878E0,-7.313099779935E0));
#2529=CARTESIAN_POINT('',(1.767769998320E1,4.674208346502E0,-7.310576081760E0));
#2530=CARTESIAN_POINT('',(1.775274475827E1,4.455863378507E0,-7.260364225056E0));
#2531=CARTESIAN_POINT('',(1.787016077959E1,4.247339286833E0,-7.163383016555E0));
#2532=CARTESIAN_POINT('',(1.801019749684E1,4.047939960562E0,-7.008455098861E0));
#2533=CARTESIAN_POINT('',(1.814182119678E1,3.880270508463E0,-6.791560699469E0));
#2534=CARTESIAN_POINT('',(1.823023571465E1,3.773412215895E0,-6.532519231327E0));
#2535=CARTESIAN_POINT('',(1.825E1,3.75E0,-6.350663790447E0));
#2536=CARTESIAN_POINT('',(1.825E1,3.75E0,-6.26E0));
#2538=DIRECTION('',(1.E0,0.E0,0.E0));
#2539=VECTOR('',#2538,3.5E0);
#2540=CARTESIAN_POINT('',(1.775E1,5.120156211872E0,-7.26E0));
#2541=LINE('',#2540,#2539);
#2542=CARTESIAN_POINT('',(2.075E1,3.75E0,-6.26E0));
#2543=CARTESIAN_POINT('',(2.075E1,3.75E0,-6.349328864179E0));
#2544=CARTESIAN_POINT('',(2.076899404263E1,3.772487216911E0,-6.529118772857E0));
#2545=CARTESIAN_POINT('',(2.085743866359E1,3.879375485459E0,-6.789868002631E0));
#2546=CARTESIAN_POINT('',(2.098693392977E1,4.044215266647E0,-7.004311822292E0));
#2547=CARTESIAN_POINT('',(2.112640593852E1,4.242017409126E0,-7.160183495657E0));
#2548=CARTESIAN_POINT('',(2.124401561614E1,4.449502906713E0,-7.257831638335E0));
#2549=CARTESIAN_POINT('',(2.131685648095E1,4.656976784724E0,-7.307127461565E0));
#2550=CARTESIAN_POINT('',(2.133118139382E1,4.871834953839E0,-7.315951037311E0));
#2551=CARTESIAN_POINT('',(2.128550501115E1,5.036981944508E0,-7.286628758364E0));
#2552=CARTESIAN_POINT('',(2.125E1,5.120156211872E0,-7.26E0));
#2554=CARTESIAN_POINT('',(2.625E1,5.120156211872E0,-5.26E0));
#2555=CARTESIAN_POINT('',(2.628071430398E1,5.048204685925E0,-5.236964272014E0));
#2556=CARTESIAN_POINT('',(2.632642620617E1,4.902287184351E0,-5.206929085678E0));
#2557=CARTESIAN_POINT('',(2.632233251802E1,4.674546675263E0,-5.209405064180E0));
#2558=CARTESIAN_POINT('',(2.624759134661E1,4.456631187480E0,-5.259405011410E0));
#2559=CARTESIAN_POINT('',(2.613031161044E1,4.248035530030E0,-5.356143709186E0));
#2560=CARTESIAN_POINT('',(2.598982970118E1,4.047960659371E0,-5.511466720755E0));
#2561=CARTESIAN_POINT('',(2.585814339761E1,3.880228773355E0,-5.728479482448E0));
#2562=CARTESIAN_POINT('',(2.576968001773E1,3.773310612893E0,-5.987828046014E0));
#2563=CARTESIAN_POINT('',(2.575E1,3.75E0,-6.169494209812E0));
#2564=CARTESIAN_POINT('',(2.575E1,3.75E0,-6.26E0));
#2566=DIRECTION('',(1.E0,0.E0,0.E0));
#2567=VECTOR('',#2566,3.5E0);
#2568=CARTESIAN_POINT('',(2.275E1,5.120156211872E0,-5.26E0));
#2569=LINE('',#2568,#2567);
#2570=CARTESIAN_POINT('',(2.325E1,3.75E0,-6.26E0));
#2571=CARTESIAN_POINT('',(2.325E1,3.75E0,-6.170368434464E0));
#2572=CARTESIAN_POINT('',(2.323090148609E1,3.772607383280E0,-5.989860639862E0));
#2573=CARTESIAN_POINT('',(2.314147804746E1,3.880697459179E0,-5.727561773981E0));
#2574=CARTESIAN_POINT('',(2.301095268100E1,4.046976668704E0,-5.512779741721E0));
#2575=CARTESIAN_POINT('',(2.287095013165E1,4.246083206725E0,-5.357297293945E0));
#2576=CARTESIAN_POINT('',(2.275394905807E1,4.453743223718E0,-5.260688035210E0));
#2577=CARTESIAN_POINT('',(2.268220084139E1,4.661619040601E0,-5.212285356481E0));
#2578=CARTESIAN_POINT('',(2.266943956216E1,4.874736198822E0,-5.204427851789E0));
#2579=CARTESIAN_POINT('',(2.271492803349E1,5.037996397669E0,-5.233696025117E0));
#2580=CARTESIAN_POINT('',(2.275E1,5.120156211872E0,-5.26E0));
#2582=CARTESIAN_POINT('',(2.275E1,5.120156211872E0,-7.26E0));
#2583=CARTESIAN_POINT('',(2.271925846868E1,5.048140902986E0,-7.283056148490E0));
#2584=CARTESIAN_POINT('',(2.267352704821E1,4.902076708878E0,-7.313099779935E0));
#2585=CARTESIAN_POINT('',(2.267769998320E1,4.674208346502E0,-7.310576081760E0));
#2586=CARTESIAN_POINT('',(2.275274475827E1,4.455863378507E0,-7.260364225056E0));
#2587=CARTESIAN_POINT('',(2.287016077959E1,4.247339286833E0,-7.163383016555E0));
#2588=CARTESIAN_POINT('',(2.301019749684E1,4.047939960562E0,-7.008455098861E0));
#2589=CARTESIAN_POINT('',(2.314182119678E1,3.880270508463E0,-6.791560699469E0));
#2590=CARTESIAN_POINT('',(2.323023571465E1,3.773412215895E0,-6.532519231327E0));
#2591=CARTESIAN_POINT('',(2.325E1,3.75E0,-6.350663790447E0));
#2592=CARTESIAN_POINT('',(2.325E1,3.75E0,-6.26E0));
#2594=DIRECTION('',(1.E0,0.E0,0.E0));
#2595=VECTOR('',#2594,3.5E0);
#2596=CARTESIAN_POINT('',(2.275E1,5.120156211872E0,-7.26E0));
#2597=LINE('',#2596,#2595);
#2598=CARTESIAN_POINT('',(2.575E1,3.75E0,-6.26E0));
#2599=CARTESIAN_POINT('',(2.575E1,3.75E0,-6.349328864179E0));
#2600=CARTESIAN_POINT('',(2.576899404263E1,3.772487216911E0,-6.529118772857E0));
#2601=CARTESIAN_POINT('',(2.585743866359E1,3.879375485459E0,-6.789868002631E0));
#2602=CARTESIAN_POINT('',(2.598693392977E1,4.044215266647E0,-7.004311822292E0));
#2603=CARTESIAN_POINT('',(2.612640593852E1,4.242017409126E0,-7.160183495657E0));
#2604=CARTESIAN_POINT('',(2.624401561614E1,4.449502906713E0,-7.257831638335E0));
#2605=CARTESIAN_POINT('',(2.631685648095E1,4.656976784724E0,-7.307127461565E0));
#2606=CARTESIAN_POINT('',(2.633118139382E1,4.871834953839E0,-7.315951037311E0));
#2607=CARTESIAN_POINT('',(2.628550501115E1,5.036981944508E0,-7.286628758364E0));
#2608=CARTESIAN_POINT('',(2.625E1,5.120156211872E0,-7.26E0));
#2610=CARTESIAN_POINT('',(2.825E1,3.75E0,-6.26E0));
#2611=CARTESIAN_POINT('',(2.825E1,3.75E0,-6.170368434464E0));
#2612=CARTESIAN_POINT('',(2.823090148609E1,3.772607383280E0,-5.989860639862E0));
#2613=CARTESIAN_POINT('',(2.814147804746E1,3.880697459179E0,-5.727561773981E0));
#2614=CARTESIAN_POINT('',(2.801095268100E1,4.046976668704E0,-5.512779741721E0));
#2615=CARTESIAN_POINT('',(2.787095013165E1,4.246083206725E0,-5.357297293945E0));
#2616=CARTESIAN_POINT('',(2.775394905807E1,4.453743223718E0,-5.260688035210E0));
#2617=CARTESIAN_POINT('',(2.768220084139E1,4.661619040601E0,-5.212285356481E0));
#2618=CARTESIAN_POINT('',(2.766943956216E1,4.874736198822E0,-5.204427851789E0));
#2619=CARTESIAN_POINT('',(2.771492803349E1,5.037996397669E0,-5.233696025117E0));
#2620=CARTESIAN_POINT('',(2.775E1,5.120156211872E0,-5.26E0));
#2622=CARTESIAN_POINT('',(2.775E1,5.120156211872E0,-7.26E0));
#2623=CARTESIAN_POINT('',(2.771925846868E1,5.048140902986E0,-7.283056148490E0));
#2624=CARTESIAN_POINT('',(2.767352704821E1,4.902076708878E0,-7.313099779935E0));
#2625=CARTESIAN_POINT('',(2.767769998320E1,4.674208346502E0,-7.310576081760E0));
#2626=CARTESIAN_POINT('',(2.775274475827E1,4.455863378507E0,-7.260364225056E0));
#2627=CARTESIAN_POINT('',(2.787016077959E1,4.247339286833E0,-7.163383016555E0));
#2628=CARTESIAN_POINT('',(2.801019749684E1,4.047939960562E0,-7.008455098861E0));
#2629=CARTESIAN_POINT('',(2.814182119678E1,3.880270508463E0,-6.791560699469E0));
#2630=CARTESIAN_POINT('',(2.823023571465E1,3.773412215895E0,-6.532519231327E0));
#2631=CARTESIAN_POINT('',(2.825E1,3.75E0,-6.350663790447E0));
#2632=CARTESIAN_POINT('',(2.825E1,3.75E0,-6.26E0));
#2634=DIRECTION('',(1.E0,0.E0,0.E0));
#2635=VECTOR('',#2634,2.25E0);
#2636=CARTESIAN_POINT('',(2.775E1,5.120156211872E0,-7.26E0));
#2637=LINE('',#2636,#2635);
#2638=CARTESIAN_POINT('',(3.E1,4.8E0,-6.26E0));
#2639=DIRECTION('',(-1.E0,0.E0,0.E0));
#2640=DIRECTION('',(0.E0,3.049106779730E-1,-9.523809523810E-1));
#2641=AXIS2_PLACEMENT_3D('',#2638,#2639,#2640);
#2643=DIRECTION('',(1.E0,0.E0,0.E0));
#2644=VECTOR('',#2643,2.25E0);
#2645=CARTESIAN_POINT('',(2.775E1,5.120156211872E0,-5.26E0));
#2646=LINE('',#2645,#2644);
#2647=CARTESIAN_POINT('',(2.E0,5.8E0,-5.01E0));
#2648=CARTESIAN_POINT('',(1.898830289772E0,5.8E0,-5.01E0));
#2649=CARTESIAN_POINT('',(1.736911538113E0,5.740781082421E0,-5.031776663483E0));
#2650=CARTESIAN_POINT('',(1.479410135648E0,5.525156530520E0,-5.111068611010E0));
#2651=CARTESIAN_POINT('',(1.334586184155E0,5.292672387450E0,-5.196560361884E0));
#2652=CARTESIAN_POINT('',(1.25E0,5.120156211872E0,-5.26E0));
#2654=CARTESIAN_POINT('',(7.E0,5.8E0,-5.01E0));
#2655=CARTESIAN_POINT('',(6.898830289772E0,5.8E0,-5.01E0));
#2656=CARTESIAN_POINT('',(6.736911538113E0,5.740781082421E0,-5.031776663483E0));
#2657=CARTESIAN_POINT('',(6.479410135648E0,5.525156530520E0,-5.111068611010E0));
#2658=CARTESIAN_POINT('',(6.334586184155E0,5.292672387450E0,-5.196560361884E0));
#2659=CARTESIAN_POINT('',(6.25E0,5.120156211872E0,-5.26E0));
#2661=CARTESIAN_POINT('',(2.75E0,5.120156211872E0,-5.26E0));
#2662=CARTESIAN_POINT('',(2.665413815845E0,5.292672387450E0,-5.196560361884E0));
#2663=CARTESIAN_POINT('',(2.520589864352E0,5.525156530520E0,-5.111068611010E0));
#2664=CARTESIAN_POINT('',(2.263088461887E0,5.740781082421E0,-5.031776663483E0));
#2665=CARTESIAN_POINT('',(2.101169710228E0,5.8E0,-5.01E0));
#2666=CARTESIAN_POINT('',(2.E0,5.8E0,-5.01E0));
#2668=CARTESIAN_POINT('',(1.2E1,5.8E0,-5.01E0));
#2669=CARTESIAN_POINT('',(1.189883028977E1,5.8E0,-5.01E0));
#2670=CARTESIAN_POINT('',(1.173691153811E1,5.740781082421E0,-5.031776663483E0));
#2671=CARTESIAN_POINT('',(1.147941013565E1,5.525156530520E0,-5.111068611010E0));
#2672=CARTESIAN_POINT('',(1.133458618416E1,5.292672387450E0,-5.196560361884E0));
#2673=CARTESIAN_POINT('',(1.125E1,5.120156211872E0,-5.26E0));
#2675=CARTESIAN_POINT('',(7.75E0,5.120156211872E0,-5.26E0));
#2676=CARTESIAN_POINT('',(7.665413815845E0,5.292672387450E0,-5.196560361884E0));
#2677=CARTESIAN_POINT('',(7.520589864352E0,5.525156530520E0,-5.111068611010E0));
#2678=CARTESIAN_POINT('',(7.263088461887E0,5.740781082421E0,-5.031776663483E0));
#2679=CARTESIAN_POINT('',(7.101169710228E0,5.8E0,-5.01E0));
#2680=CARTESIAN_POINT('',(7.E0,5.8E0,-5.01E0));
#2682=CARTESIAN_POINT('',(1.7E1,5.8E0,-5.01E0));
#2683=CARTESIAN_POINT('',(1.689883028977E1,5.8E0,-5.01E0));
#2684=CARTESIAN_POINT('',(1.673691153811E1,5.740781082421E0,-5.031776663483E0));
#2685=CARTESIAN_POINT('',(1.647941013565E1,5.525156530520E0,-5.111068611010E0));
#2686=CARTESIAN_POINT('',(1.633458618416E1,5.292672387450E0,-5.196560361884E0));
#2687=CARTESIAN_POINT('',(1.625E1,5.120156211872E0,-5.26E0));
#2689=CARTESIAN_POINT('',(1.275E1,5.120156211872E0,-5.26E0));
#2690=CARTESIAN_POINT('',(1.266541381584E1,5.292672387450E0,-5.196560361884E0));
#2691=CARTESIAN_POINT('',(1.252058986435E1,5.525156530520E0,-5.111068611010E0));
#2692=CARTESIAN_POINT('',(1.226308846189E1,5.740781082421E0,-5.031776663483E0));
#2693=CARTESIAN_POINT('',(1.210116971023E1,5.8E0,-5.01E0));
#2694=CARTESIAN_POINT('',(1.2E1,5.8E0,-5.01E0));
#2696=CARTESIAN_POINT('',(2.2E1,5.8E0,-5.01E0));
#2697=CARTESIAN_POINT('',(2.189883028977E1,5.8E0,-5.01E0));
#2698=CARTESIAN_POINT('',(2.173691153811E1,5.740781082421E0,-5.031776663483E0));
#2699=CARTESIAN_POINT('',(2.147941013565E1,5.525156530520E0,-5.111068611010E0));
#2700=CARTESIAN_POINT('',(2.133458618416E1,5.292672387450E0,-5.196560361884E0));
#2701=CARTESIAN_POINT('',(2.125E1,5.120156211872E0,-5.26E0));
#2703=CARTESIAN_POINT('',(1.775E1,5.120156211872E0,-5.26E0));
#2704=CARTESIAN_POINT('',(1.766541381584E1,5.292672387450E0,-5.196560361884E0));
#2705=CARTESIAN_POINT('',(1.752058986435E1,5.525156530520E0,-5.111068611010E0));
#2706=CARTESIAN_POINT('',(1.726308846189E1,5.740781082421E0,-5.031776663483E0));
#2707=CARTESIAN_POINT('',(1.710116971023E1,5.8E0,-5.01E0));
#2708=CARTESIAN_POINT('',(1.7E1,5.8E0,-5.01E0));
#2710=CARTESIAN_POINT('',(2.7E1,5.8E0,-5.01E0));
#2711=CARTESIAN_POINT('',(2.689883028977E1,5.8E0,-5.01E0));
#2712=CARTESIAN_POINT('',(2.673691153811E1,5.740781082421E0,-5.031776663483E0));
#2713=CARTESIAN_POINT('',(2.647941013565E1,5.525156530520E0,-5.111068611010E0));
#2714=CARTESIAN_POINT('',(2.633458618416E1,5.292672387450E0,-5.196560361884E0));
#2715=CARTESIAN_POINT('',(2.625E1,5.120156211872E0,-5.26E0));
#2717=CARTESIAN_POINT('',(2.275E1,5.120156211872E0,-5.26E0));
#2718=CARTESIAN_POINT('',(2.266541381584E1,5.292672387450E0,-5.196560361884E0));
#2719=CARTESIAN_POINT('',(2.252058986435E1,5.525156530520E0,-5.111068611010E0));
#2720=CARTESIAN_POINT('',(2.226308846189E1,5.740781082421E0,-5.031776663483E0));
#2721=CARTESIAN_POINT('',(2.210116971023E1,5.8E0,-5.01E0));
#2722=CARTESIAN_POINT('',(2.2E1,5.8E0,-5.01E0));
#2724=CARTESIAN_POINT('',(2.775E1,5.120156211872E0,-5.26E0));
#2725=CARTESIAN_POINT('',(2.766541381584E1,5.292672387450E0,-5.196560361884E0));
#2726=CARTESIAN_POINT('',(2.752058986435E1,5.525156530520E0,-5.111068611010E0));
#2727=CARTESIAN_POINT('',(2.726308846189E1,5.740781082421E0,-5.031776663483E0));
#2728=CARTESIAN_POINT('',(2.710116971023E1,5.8E0,-5.01E0));
#2729=CARTESIAN_POINT('',(2.7E1,5.8E0,-5.01E0));
#2731=CARTESIAN_POINT('',(7.E0,0.E0,-6.26E0));
#2732=DIRECTION('',(0.E0,-1.E0,0.E0));
#2733=DIRECTION('',(1.E0,0.E0,0.E0));
#2734=AXIS2_PLACEMENT_3D('',#2731,#2732,#2733);
#2736=DIRECTION('',(0.E0,-1.E0,0.E0));
#2737=VECTOR('',#2736,3.75E0);
#2738=CARTESIAN_POINT('',(8.25E0,3.75E0,-6.26E0));
#2739=LINE('',#2738,#2737);
#2740=CARTESIAN_POINT('',(7.E0,0.E0,-6.26E0));
#2741=DIRECTION('',(0.E0,-1.E0,0.E0));
#2742=DIRECTION('',(-1.E0,0.E0,0.E0));
#2743=AXIS2_PLACEMENT_3D('',#2740,#2741,#2742);
#2745=DIRECTION('',(0.E0,-1.E0,0.E0));
#2746=VECTOR('',#2745,3.75E0);
#2747=CARTESIAN_POINT('',(5.75E0,3.75E0,-6.26E0));
#2748=LINE('',#2747,#2746);
#2749=CARTESIAN_POINT('',(1.2E1,0.E0,-6.26E0));
#2750=DIRECTION('',(0.E0,-1.E0,0.E0));
#2751=DIRECTION('',(1.E0,0.E0,0.E0));
#2752=AXIS2_PLACEMENT_3D('',#2749,#2750,#2751);
#2754=DIRECTION('',(0.E0,-1.E0,0.E0));
#2755=VECTOR('',#2754,3.75E0);
#2756=CARTESIAN_POINT('',(1.325E1,3.75E0,-6.26E0));
#2757=LINE('',#2756,#2755);
#2758=CARTESIAN_POINT('',(1.2E1,0.E0,-6.26E0));
#2759=DIRECTION('',(0.E0,-1.E0,0.E0));
#2760=DIRECTION('',(-1.E0,0.E0,0.E0));
#2761=AXIS2_PLACEMENT_3D('',#2758,#2759,#2760);
#2763=DIRECTION('',(0.E0,-1.E0,0.E0));
#2764=VECTOR('',#2763,3.75E0);
#2765=CARTESIAN_POINT('',(1.075E1,3.75E0,-6.26E0));
#2766=LINE('',#2765,#2764);
#2767=CARTESIAN_POINT('',(1.7E1,0.E0,-6.26E0));
#2768=DIRECTION('',(0.E0,-1.E0,0.E0));
#2769=DIRECTION('',(1.E0,0.E0,0.E0));
#2770=AXIS2_PLACEMENT_3D('',#2767,#2768,#2769);
#2772=DIRECTION('',(0.E0,-1.E0,0.E0));
#2773=VECTOR('',#2772,3.75E0);
#2774=CARTESIAN_POINT('',(1.825E1,3.75E0,-6.26E0));
#2775=LINE('',#2774,#2773);
#2776=CARTESIAN_POINT('',(1.7E1,0.E0,-6.26E0));
#2777=DIRECTION('',(0.E0,-1.E0,0.E0));
#2778=DIRECTION('',(-1.E0,0.E0,0.E0));
#2779=AXIS2_PLACEMENT_3D('',#2776,#2777,#2778);
#2781=DIRECTION('',(0.E0,-1.E0,0.E0));
#2782=VECTOR('',#2781,3.75E0);
#2783=CARTESIAN_POINT('',(1.575E1,3.75E0,-6.26E0));
#2784=LINE('',#2783,#2782);
#2785=CARTESIAN_POINT('',(2.2E1,0.E0,-6.26E0));
#2786=DIRECTION('',(0.E0,-1.E0,0.E0));
#2787=DIRECTION('',(1.E0,0.E0,0.E0));
#2788=AXIS2_PLACEMENT_3D('',#2785,#2786,#2787);
#2790=DIRECTION('',(0.E0,-1.E0,0.E0));
#2791=VECTOR('',#2790,3.75E0);
#2792=CARTESIAN_POINT('',(2.325E1,3.75E0,-6.26E0));
#2793=LINE('',#2792,#2791);
#2794=CARTESIAN_POINT('',(2.2E1,0.E0,-6.26E0));
#2795=DIRECTION('',(0.E0,-1.E0,0.E0));
#2796=DIRECTION('',(-1.E0,0.E0,0.E0));
#2797=AXIS2_PLACEMENT_3D('',#2794,#2795,#2796);
#2799=DIRECTION('',(0.E0,-1.E0,0.E0));
#2800=VECTOR('',#2799,3.75E0);
#2801=CARTESIAN_POINT('',(2.075E1,3.75E0,-6.26E0));
#2802=LINE('',#2801,#2800);
#2803=CARTESIAN_POINT('',(2.7E1,0.E0,-6.26E0));
#2804=DIRECTION('',(0.E0,-1.E0,0.E0));
#2805=DIRECTION('',(1.E0,0.E0,0.E0));
#2806=AXIS2_PLACEMENT_3D('',#2803,#2804,#2805);
#2808=DIRECTION('',(0.E0,-1.E0,0.E0));
#2809=VECTOR('',#2808,3.75E0);
#2810=CARTESIAN_POINT('',(2.825E1,3.75E0,-6.26E0));
#2811=LINE('',#2810,#2809);
#2812=CARTESIAN_POINT('',(2.7E1,0.E0,-6.26E0));
#2813=DIRECTION('',(0.E0,-1.E0,0.E0));
#2814=DIRECTION('',(-1.E0,0.E0,0.E0));
#2815=AXIS2_PLACEMENT_3D('',#2812,#2813,#2814);
#2817=DIRECTION('',(0.E0,-1.E0,0.E0));
#2818=VECTOR('',#2817,3.75E0);
#2819=CARTESIAN_POINT('',(2.575E1,3.75E0,-6.26E0));
#2820=LINE('',#2819,#2818);
#2821=DIRECTION('',(0.E0,0.E0,1.E0));
#2822=VECTOR('',#2821,2.5E0);
#2823=CARTESIAN_POINT('',(3.E1,5.8E0,-7.51E0));
#2824=LINE('',#2823,#2822);
#2825=DIRECTION('',(0.E0,9.385528724489E-1,3.451354887837E-1));
#2826=VECTOR('',#2825,7.243532123603E-1);
#2827=CARTESIAN_POINT('',(3.E1,5.120156211872E0,-5.26E0));
#2828=LINE('',#2827,#2826);
#2829=DIRECTION('',(0.E0,-9.385528724489E-1,3.451354887837E-1));
#2830=VECTOR('',#2829,7.243532123603E-1);
#2831=CARTESIAN_POINT('',(3.E1,5.8E0,-7.51E0));
#2832=LINE('',#2831,#2830);
#2833=CARTESIAN_POINT('',(3.53E1,3.E0,-1.026E1));
#2834=CARTESIAN_POINT('',(3.68E1,3.E0,-8.76E0));
#2835=VERTEX_POINT('',#2833);
#2836=VERTEX_POINT('',#2834);
#2837=CARTESIAN_POINT('',(3.68E1,3.E0,-3.76E0));
#2838=CARTESIAN_POINT('',(3.53E1,3.E0,-2.26E0));
#2839=VERTEX_POINT('',#2837);
#2840=VERTEX_POINT('',#2838);
#2841=CARTESIAN_POINT('',(3.353205080757E1,3.E0,-2.26E0));
#2842=CARTESIAN_POINT('',(3.353205080757E1,3.E0,-1.026E1));
#2843=VERTEX_POINT('',#2841);
#2844=VERTEX_POINT('',#2842);
#2845=VERTEX_POINT('',#240);
#2846=VERTEX_POINT('',#250);
#2847=VERTEX_POINT('',#328);
#2848=VERTEX_POINT('',#338);
#2849=CARTESIAN_POINT('',(3.572574263097E1,4.660439616260E0,-3.76E0));
#2850=VERTEX_POINT('',#2849);
#2851=CARTESIAN_POINT('',(3.68E1,3.380189537344E0,-3.76E0));
#2852=VERTEX_POINT('',#2851);
#2853=VERTEX_POINT('',#256);
#2854=VERTEX_POINT('',#371);
#2855=CARTESIAN_POINT('',(3.332753771486E1,3.763253252785E0,-1.026E1));
#2856=VERTEX_POINT('',#2855);
#2857=CARTESIAN_POINT('',(3.295628992968E1,5.148768849293E0,-8.96E0));
#2858=VERTEX_POINT('',#2857);
#2859=CARTESIAN_POINT('',(3.295628992968E1,5.148768849293E0,-3.56E0));
#2860=VERTEX_POINT('',#2859);
#2861=CARTESIAN_POINT('',(3.332753771486E1,3.763253252785E0,-2.26E0));
#2862=VERTEX_POINT('',#2861);
#2863=CARTESIAN_POINT('',(3.38E1,2.E0,0.E0));
#2864=CARTESIAN_POINT('',(3.306498025474E1,4.743131033890E0,-2.533786823409E0));
#2865=VERTEX_POINT('',#2863);
#2866=VERTEX_POINT('',#2864);
#2867=VERTEX_POINT('',#214);
#2868=CARTESIAN_POINT('',(3.278179306876E1,5.8E0,-3.51E0));
#2869=VERTEX_POINT('',#2868);
#2870=CARTESIAN_POINT('',(3.278179306876E1,5.8E0,-9.01E0));
#2871=CARTESIAN_POINT('',(3.303717033139E1,4.846919080783E0,-9.890345796435E0));
#2872=VERTEX_POINT('',#2870);
#2873=VERTEX_POINT('',#2871);
#2874=VERTEX_POINT('',#275);
#2875=CARTESIAN_POINT('',(3.38E1,2.E0,-1.252E1));
#2876=VERTEX_POINT('',#2875);
#2877=CARTESIAN_POINT('',(1.018206931238E0,5.8E0,-7.51E0));
#2878=CARTESIAN_POINT('',(8.360433372300E-1,5.120156211872E0,-7.26E0));
#2879=VERTEX_POINT('',#2877);
#2880=VERTEX_POINT('',#2878);
#2881=CARTESIAN_POINT('',(8.360433372300E-1,5.120156211872E0,-5.26E0));
#2882=CARTESIAN_POINT('',(1.018206931238E0,5.8E0,-5.01E0));
#2883=VERTEX_POINT('',#2881);
#2884=VERTEX_POINT('',#2882);
#2885=CARTESIAN_POINT('',(3.E1,5.8E0,-7.51E0));
#2886=CARTESIAN_POINT('',(3.E1,5.120156211872E0,-7.26E0));
#2887=VERTEX_POINT('',#2885);
#2888=VERTEX_POINT('',#2886);
#2889=CARTESIAN_POINT('',(3.E1,5.120156211872E0,-5.26E0));
#2890=CARTESIAN_POINT('',(3.E1,5.8E0,-5.01E0));
#2891=VERTEX_POINT('',#2889);
#2892=VERTEX_POINT('',#2890);
#2893=CARTESIAN_POINT('',(-2.5E1,2.25E1,-1.26E0));
#2894=CARTESIAN_POINT('',(-2.E1,2.25E1,-1.26E0));
#2895=VERTEX_POINT('',#2893);
#2896=VERTEX_POINT('',#2894);
#2897=CARTESIAN_POINT('',(-2.E1,2.25E1,-1.126E1));
#2898=VERTEX_POINT('',#2897);
#2899=CARTESIAN_POINT('',(-2.5E1,2.25E1,-1.126E1));
#2900=VERTEX_POINT('',#2899);
#2901=CARTESIAN_POINT('',(3.38E1,0.E0,-1.7E1));
#2902=CARTESIAN_POINT('',(-3.E1,0.E0,-1.7E1));
#2903=VERTEX_POINT('',#2901);
#2904=VERTEX_POINT('',#2902);
#2905=CARTESIAN_POINT('',(3.38E1,-4.05E1,0.E0));
#2906=CARTESIAN_POINT('',(3.38E1,-4.05E1,-1.7E1));
#2907=VERTEX_POINT('',#2905);
#2908=VERTEX_POINT('',#2906);
#2909=CARTESIAN_POINT('',(-3.E1,-4.05E1,-1.7E1));
#2910=VERTEX_POINT('',#2909);
#2911=CARTESIAN_POINT('',(-3.E1,-4.05E1,0.E0));
#2912=VERTEX_POINT('',#2911);
#2913=CARTESIAN_POINT('',(-3.E1,0.E0,0.E0));
#2914=VERTEX_POINT('',#2913);
#2915=CARTESIAN_POINT('',(3.38E1,0.E0,-1.252E1));
#2916=VERTEX_POINT('',#2915);
#2917=CARTESIAN_POINT('',(-2.5E1,0.E0,-1.26E0));
#2918=CARTESIAN_POINT('',(-2.E1,0.E0,-1.26E0));
#2919=VERTEX_POINT('',#2917);
#2920=VERTEX_POINT('',#2918);
#2921=CARTESIAN_POINT('',(-2.E1,0.E0,-1.126E1));
#2922=VERTEX_POINT('',#2921);
#2923=CARTESIAN_POINT('',(-2.5E1,0.E0,-1.126E1));
#2924=VERTEX_POINT('',#2923);
#2925=CARTESIAN_POINT('',(-3.E1,0.E0,-6.26E0));
#2926=VERTEX_POINT('',#2925);
#2927=CARTESIAN_POINT('',(-2.255E1,2.25E1,-6.26E0));
#2928=CARTESIAN_POINT('',(-2.745E1,2.25E1,-6.26E0));
#2929=VERTEX_POINT('',#2927);
#2930=VERTEX_POINT('',#2928);
#2931=CARTESIAN_POINT('',(-2.255E1,-2.E0,-6.26E0));
#2932=VERTEX_POINT('',#2931);
#2933=CARTESIAN_POINT('',(-2.745E1,-2.E0,-6.26E0));
#2934=VERTEX_POINT('',#2933);
#2935=CARTESIAN_POINT('',(-2.8E1,-2.E0,-1.5E1));
#2936=CARTESIAN_POINT('',(-2.8E1,-3.85E1,-1.5E1));
#2937=VERTEX_POINT('',#2935);
#2938=VERTEX_POINT('',#2936);
#2939=CARTESIAN_POINT('',(3.18E1,-3.85E1,-1.5E1));
#2940=VERTEX_POINT('',#2939);
#2941=VERTEX_POINT('',#2284);
#2942=VERTEX_POINT('',#2294);
#2943=VERTEX_POINT('',#2328);
#2944=VERTEX_POINT('',#88);
#2945=VERTEX_POINT('',#93);
#2946=CARTESIAN_POINT('',(8.564705945164E-1,2.011209401560E0,
-1.035394723087E-2));
#2947=VERTEX_POINT('',#2946);
#2948=CARTESIAN_POINT('',(0.E0,2.E0,-1.122253073629E0));
#2949=VERTEX_POINT('',#2948);
#2950=VERTEX_POINT('',#151);
#2951=VERTEX_POINT('',#156);
#2952=CARTESIAN_POINT('',(0.E0,2.E0,-1.139774692637E1));
#2953=VERTEX_POINT('',#2952);
#2954=CARTESIAN_POINT('',(8.564705945164E-1,2.011209401560E0,
-1.250964605277E1));
#2955=VERTEX_POINT('',#2954);
#2956=CARTESIAN_POINT('',(1.E0,2.E0,-1.252E1));
#2957=CARTESIAN_POINT('',(1.E0,0.E0,-1.252E1));
#2958=VERTEX_POINT('',#2956);
#2959=VERTEX_POINT('',#2957);
#2960=CARTESIAN_POINT('',(0.E0,1.986761796838E0,-1.152E1));
#2961=CARTESIAN_POINT('',(0.E0,0.E0,-1.152E1));
#2962=VERTEX_POINT('',#2960);
#2963=VERTEX_POINT('',#2961);
#2964=VERTEX_POINT('',#480);
#2965=CARTESIAN_POINT('',(0.E0,0.E0,-1.E0));
#2966=VERTEX_POINT('',#2965);
#2967=VERTEX_POINT('',#173);
#2968=CARTESIAN_POINT('',(1.E0,0.E0,0.E0));
#2969=VERTEX_POINT('',#2968);
#2970=VERTEX_POINT('',#2346);
#2971=VERTEX_POINT('',#2356);
#2972=VERTEX_POINT('',#2358);
#2973=VERTEX_POINT('',#522);
#2974=VERTEX_POINT('',#2666);
#2975=VERTEX_POINT('',#2330);
#2976=VERTEX_POINT('',#2340);
#2977=VERTEX_POINT('',#2402);
#2978=VERTEX_POINT('',#2412);
#2979=VERTEX_POINT('',#2384);
#2980=VERTEX_POINT('',#2414);
#2981=VERTEX_POINT('',#2386);
#2982=VERTEX_POINT('',#2396);
#2983=VERTEX_POINT('',#2458);
#2984=VERTEX_POINT('',#2468);
#2985=VERTEX_POINT('',#2440);
#2986=VERTEX_POINT('',#2470);
#2987=VERTEX_POINT('',#2442);
#2988=VERTEX_POINT('',#2452);
#2989=VERTEX_POINT('',#2514);
#2990=VERTEX_POINT('',#2524);
#2991=VERTEX_POINT('',#2496);
#2992=VERTEX_POINT('',#2526);
#2993=VERTEX_POINT('',#2498);
#2994=VERTEX_POINT('',#2508);
#2995=VERTEX_POINT('',#2570);
#2996=VERTEX_POINT('',#2580);
#2997=VERTEX_POINT('',#2552);
#2998=VERTEX_POINT('',#2582);
#2999=VERTEX_POINT('',#2554);
#3000=VERTEX_POINT('',#2564);
#3001=VERTEX_POINT('',#2610);
#3002=VERTEX_POINT('',#2620);
#3003=VERTEX_POINT('',#2608);
#3004=VERTEX_POINT('',#2622);
#3005=CARTESIAN_POINT('',(4.7E0,0.E0,-2.26E0));
#3006=CARTESIAN_POINT('',(4.7E0,0.E0,-1.026E1));
#3007=VERTEX_POINT('',#3005);
#3008=VERTEX_POINT('',#3006);
#3009=CARTESIAN_POINT('',(3.18E1,0.E0,-1.026E1));
#3010=VERTEX_POINT('',#3009);
#3011=CARTESIAN_POINT('',(3.18E1,0.E0,-2.26E0));
#3012=VERTEX_POINT('',#3011);
#3013=CARTESIAN_POINT('',(4.7E0,-2.E0,-2.26E0));
#3014=CARTESIAN_POINT('',(4.7E0,-2.E0,-1.026E1));
#3015=VERTEX_POINT('',#3013);
#3016=VERTEX_POINT('',#3014);
#3017=CARTESIAN_POINT('',(3.18E1,-2.E0,-2.26E0));
#3018=VERTEX_POINT('',#3017);
#3019=CARTESIAN_POINT('',(3.25E0,0.E0,-6.26E0));
#3020=CARTESIAN_POINT('',(7.5E-1,0.E0,-6.26E0));
#3021=VERTEX_POINT('',#3019);
#3022=VERTEX_POINT('',#3020);
#3023=CARTESIAN_POINT('',(8.25E0,0.E0,-6.26E0));
#3024=CARTESIAN_POINT('',(5.75E0,0.E0,-6.26E0));
#3025=VERTEX_POINT('',#3023);
#3026=VERTEX_POINT('',#3024);
#3027=CARTESIAN_POINT('',(1.325E1,0.E0,-6.26E0));
#3028=CARTESIAN_POINT('',(1.075E1,0.E0,-6.26E0));
#3029=VERTEX_POINT('',#3027);
#3030=VERTEX_POINT('',#3028);
#3031=CARTESIAN_POINT('',(1.825E1,0.E0,-6.26E0));
#3032=CARTESIAN_POINT('',(1.575E1,0.E0,-6.26E0));
#3033=VERTEX_POINT('',#3031);
#3034=VERTEX_POINT('',#3032);
#3035=CARTESIAN_POINT('',(2.325E1,0.E0,-6.26E0));
#3036=CARTESIAN_POINT('',(2.075E1,0.E0,-6.26E0));
#3037=VERTEX_POINT('',#3035);
#3038=VERTEX_POINT('',#3036);
#3039=CARTESIAN_POINT('',(2.825E1,0.E0,-6.26E0));
#3040=CARTESIAN_POINT('',(2.575E1,0.E0,-6.26E0));
#3041=VERTEX_POINT('',#3039);
#3042=VERTEX_POINT('',#3040);
#3043=VERTEX_POINT('',#529);
#3044=VERTEX_POINT('',#2680);
#3045=VERTEX_POINT('',#543);
#3046=VERTEX_POINT('',#2694);
#3047=VERTEX_POINT('',#557);
#3048=VERTEX_POINT('',#2708);
#3049=VERTEX_POINT('',#571);
#3050=VERTEX_POINT('',#2722);
#3051=VERTEX_POINT('',#585);
#3052=VERTEX_POINT('',#2729);
#3053=CARTESIAN_POINT('',(-1.32E1,-3.5E0,-9.26E0));
#3054=CARTESIAN_POINT('',(-1.32E1,-3.5E0,-8.26E0));
#3055=VERTEX_POINT('',#3053);
#3056=VERTEX_POINT('',#3054);
#3057=CARTESIAN_POINT('',(-1.82E1,-3.5E0,-8.26E0));
#3058=VERTEX_POINT('',#3057);
#3059=CARTESIAN_POINT('',(-1.82E1,-3.5E0,-9.26E0));
#3060=VERTEX_POINT('',#3059);
#3061=CARTESIAN_POINT('',(-1.2E0,-3.5E0,-9.26E0));
#3062=CARTESIAN_POINT('',(-1.2E0,-3.5E0,-8.26E0));
#3063=VERTEX_POINT('',#3061);
#3064=VERTEX_POINT('',#3062);
#3065=CARTESIAN_POINT('',(-6.2E0,-3.5E0,-8.26E0));
#3066=VERTEX_POINT('',#3065);
#3067=CARTESIAN_POINT('',(-6.2E0,-3.5E0,-9.26E0));
#3068=VERTEX_POINT('',#3067);
#3069=CARTESIAN_POINT('',(-1.32E1,-2.E0,-9.26E0));
#3070=CARTESIAN_POINT('',(-1.32E1,-2.E0,-8.26E0));
#3071=VERTEX_POINT('',#3069);
#3072=VERTEX_POINT('',#3070);
#3073=CARTESIAN_POINT('',(-1.82E1,-2.E0,-8.26E0));
#3074=VERTEX_POINT('',#3073);
#3075=CARTESIAN_POINT('',(-1.82E1,-2.E0,-9.26E0));
#3076=VERTEX_POINT('',#3075);
#3077=CARTESIAN_POINT('',(-1.2E0,-2.E0,-9.26E0));
#3078=CARTESIAN_POINT('',(-1.2E0,-2.E0,-8.26E0));
#3079=VERTEX_POINT('',#3077);
#3080=VERTEX_POINT('',#3078);
#3081=CARTESIAN_POINT('',(-6.2E0,-2.E0,-8.26E0));
#3082=VERTEX_POINT('',#3081);
#3083=CARTESIAN_POINT('',(-6.2E0,-2.E0,-9.26E0));
#3084=VERTEX_POINT('',#3083);
#3085=CARTESIAN_POINT('',(-1.2E0,-3.5E0,-1.101E1));
#3086=CARTESIAN_POINT('',(-6.2E0,-3.5E0,-1.101E1));
#3087=VERTEX_POINT('',#3085);
#3088=VERTEX_POINT('',#3086);
#3089=CARTESIAN_POINT('',(-1.2E0,-2.E0,-1.101E1));
#3090=CARTESIAN_POINT('',(-6.2E0,-2.E0,-1.101E1));
#3091=VERTEX_POINT('',#3089);
#3092=VERTEX_POINT('',#3090);
#3093=CARTESIAN_POINT('',(-1.32E1,-2.E0,-1.101E1));
#3094=CARTESIAN_POINT('',(-1.82E1,-2.E0,-1.101E1));
#3095=VERTEX_POINT('',#3093);
#3096=VERTEX_POINT('',#3094);
#3097=CARTESIAN_POINT('',(-1.32E1,-3.5E0,-1.101E1));
#3098=VERTEX_POINT('',#3097);
#3099=CARTESIAN_POINT('',(-1.838E1,-2.8E1,-1.101E1));
#3100=CARTESIAN_POINT('',(-1.038E1,-2.8E1,-1.101E1));
#3101=VERTEX_POINT('',#3099);
#3102=VERTEX_POINT('',#3100);
#3103=CARTESIAN_POINT('',(-1.518E1,-2.8E1,-1.601E1));
#3104=CARTESIAN_POINT('',(-1.358E1,-2.8E1,-1.601E1));
#3105=VERTEX_POINT('',#3103);
#3106=VERTEX_POINT('',#3104);
#3107=CARTESIAN_POINT('',(-1.518E1,-2.8E1,-1.101E1));
#3108=CARTESIAN_POINT('',(-1.358E1,-2.8E1,-1.101E1));
#3109=VERTEX_POINT('',#3107);
#3110=VERTEX_POINT('',#3108);
#3111=CARTESIAN_POINT('',(3.38E1,-1.E1,-1.361E1));
#3112=CARTESIAN_POINT('',(3.18E1,-1.E1,-1.361E1));
#3113=VERTEX_POINT('',#3111);
#3114=VERTEX_POINT('',#3112);
#3115=CARTESIAN_POINT('',(3.38E1,-1.15E1,-1.511E1));
#3116=CARTESIAN_POINT('',(3.18E1,-1.15E1,-1.511E1));
#3117=VERTEX_POINT('',#3115);
#3118=VERTEX_POINT('',#3116);
#3119=CARTESIAN_POINT('',(3.38E1,-2.1E1,-1.511E1));
#3120=CARTESIAN_POINT('',(3.18E1,-2.1E1,-1.511E1));
#3121=VERTEX_POINT('',#3119);
#3122=VERTEX_POINT('',#3120);
#3123=CARTESIAN_POINT('',(3.38E1,-2.25E1,-1.361E1));
#3124=CARTESIAN_POINT('',(3.18E1,-2.25E1,-1.361E1));
#3125=VERTEX_POINT('',#3123);
#3126=VERTEX_POINT('',#3124);
#3127=CARTESIAN_POINT('',(3.38E1,-1.E1,-1.111E1));
#3128=VERTEX_POINT('',#3127);
#3129=CARTESIAN_POINT('',(3.38E1,-1.15E1,-9.61E0));
#3130=CARTESIAN_POINT('',(3.38E1,-2.1E1,-9.61E0));
#3131=VERTEX_POINT('',#3129);
#3132=VERTEX_POINT('',#3130);
#3133=CARTESIAN_POINT('',(3.38E1,-2.25E1,-1.111E1));
#3134=VERTEX_POINT('',#3133);
#3135=CARTESIAN_POINT('',(3.18E1,-1.E1,-1.111E1));
#3136=VERTEX_POINT('',#3135);
#3137=CARTESIAN_POINT('',(3.18E1,-2.25E1,-1.111E1));
#3138=VERTEX_POINT('',#3137);
#3139=CARTESIAN_POINT('',(3.18E1,-1.093617378564E1,-1.5E1));
#3140=VERTEX_POINT('',#3139);
#3141=CARTESIAN_POINT('',(3.18E1,-2.156382621436E1,-1.5E1));
#3142=VERTEX_POINT('',#3141);
#3143=CARTESIAN_POINT('',(-4.988E0,-2.5245E1,-1.7E1));
#3144=CARTESIAN_POINT('',(-1.988E0,-2.5245E1,-1.7E1));
#3145=VERTEX_POINT('',#3143);
#3146=VERTEX_POINT('',#3144);
#3147=CARTESIAN_POINT('',(-4.988E0,-7.47E0,-1.7E1));
#3148=CARTESIAN_POINT('',(-1.988E0,-7.47E0,-1.7E1));
#3149=VERTEX_POINT('',#3147);
#3150=VERTEX_POINT('',#3148);
#3151=CARTESIAN_POINT('',(2.012E0,-2.5245E1,-1.5E1));
#3152=CARTESIAN_POINT('',(-8.988E0,-2.5245E1,-1.5E1));
#3153=VERTEX_POINT('',#3151);
#3154=VERTEX_POINT('',#3152);
#3155=CARTESIAN_POINT('',(-1.988E0,-2.5245E1,-1.6E1));
#3156=CARTESIAN_POINT('',(-4.988E0,-2.5245E1,-1.6E1));
#3157=VERTEX_POINT('',#3155);
#3158=VERTEX_POINT('',#3156);
#3159=CARTESIAN_POINT('',(2.012E0,-7.47E0,-1.5E1));
#3160=CARTESIAN_POINT('',(-8.988E0,-7.47E0,-1.5E1));
#3161=VERTEX_POINT('',#3159);
#3162=VERTEX_POINT('',#3160);
#3163=CARTESIAN_POINT('',(-1.988E0,-7.47E0,-1.6E1));
#3164=CARTESIAN_POINT('',(-4.988E0,-7.47E0,-1.6E1));
#3165=VERTEX_POINT('',#3163);
#3166=VERTEX_POINT('',#3164);
#3167=CARTESIAN_POINT('',(-6.2E0,-2.685122154119E0,-1.5E1));
#3168=VERTEX_POINT('',#3167);
#3169=CARTESIAN_POINT('',(3.28E1,-3.25E1,-1.101E1));
#3170=CARTESIAN_POINT('',(3.28E1,-3.25E1,-9.26E0));
#3171=VERTEX_POINT('',#3169);
#3172=VERTEX_POINT('',#3170);
#3173=CARTESIAN_POINT('',(3.28E1,-2.E0,-9.26E0));
#3174=VERTEX_POINT('',#3173);
#3175=CARTESIAN_POINT('',(3.28E1,-2.E0,-1.101E1));
#3176=VERTEX_POINT('',#3175);
#3177=CARTESIAN_POINT('',(3.18E1,-3.25E1,-1.101E1));
#3178=CARTESIAN_POINT('',(3.18E1,-3.25E1,-9.26E0));
#3179=VERTEX_POINT('',#3177);
#3180=VERTEX_POINT('',#3178);
#3181=CARTESIAN_POINT('',(3.18E1,-2.E0,-9.26E0));
#3182=VERTEX_POINT('',#3181);
#3183=CARTESIAN_POINT('',(3.18E1,-2.E0,-1.101E1));
#3184=CARTESIAN_POINT('',(3.18E1,-1.000333704529E1,-1.101E1));
#3185=VERTEX_POINT('',#3183);
#3186=VERTEX_POINT('',#3184);
#3187=CARTESIAN_POINT('',(3.18E1,-2.249666295471E1,-1.101E1));
#3188=VERTEX_POINT('',#3187);
#3189=CARTESIAN_POINT('',(3.28E1,-1.15E1,-9.61E0));
#3190=CARTESIAN_POINT('',(3.28E1,-2.1E1,-9.61E0));
#3191=VERTEX_POINT('',#3189);
#3192=VERTEX_POINT('',#3190);
#3193=CARTESIAN_POINT('',(3.28E1,-2.249666295471E1,-1.101E1));
#3194=VERTEX_POINT('',#3193);
#3195=CARTESIAN_POINT('',(3.28E1,-1.000333704529E1,-1.101E1));
#3196=VERTEX_POINT('',#3195);
#3197=CARTESIAN_POINT('',(3.18E1,-2.E0,-1.5E1));
#3198=VERTEX_POINT('',#3197);
#3199=CARTESIAN_POINT('',(-9.88E0,-2.8E1,-1.5E1));
#3200=CARTESIAN_POINT('',(-1.888E1,-2.8E1,-1.5E1));
#3201=VERTEX_POINT('',#3199);
#3202=VERTEX_POINT('',#3200);
#3203=CARTESIAN_POINT('',(-1.038E1,-2.8E1,-1.45E1));
#3204=CARTESIAN_POINT('',(-1.838E1,-2.8E1,-1.45E1));
#3205=VERTEX_POINT('',#3203);
#3206=VERTEX_POINT('',#3204);
#3207=CARTESIAN_POINT('',(-1.2E0,-2.468494626615E0,-1.5E1));
#3208=VERTEX_POINT('',#3207);
#3209=CARTESIAN_POINT('',(-2.9E1,-1.E0,-1.5E0));
#3210=CARTESIAN_POINT('',(-2.9E1,-3.95E1,-1.5E0));
#3211=VERTEX_POINT('',#3209);
#3212=VERTEX_POINT('',#3210);
#3213=CARTESIAN_POINT('',(3.28E1,-3.95E1,-1.5E0));
#3214=VERTEX_POINT('',#3213);
#3215=CARTESIAN_POINT('',(3.28E1,-1.E0,-1.5E0));
#3216=VERTEX_POINT('',#3215);
#3217=CARTESIAN_POINT('',(-2.9E1,-1.E0,0.E0));
#3218=CARTESIAN_POINT('',(-2.9E1,-3.95E1,0.E0));
#3219=VERTEX_POINT('',#3217);
#3220=VERTEX_POINT('',#3218);
#3221=CARTESIAN_POINT('',(3.28E1,-3.95E1,0.E0));
#3222=VERTEX_POINT('',#3221);
#3223=CARTESIAN_POINT('',(3.28E1,-1.E0,0.E0));
#3224=VERTEX_POINT('',#3223);
#3225=CARTESIAN_POINT('',(-2.8E1,-2.E0,-1.5E0));
#3226=CARTESIAN_POINT('',(-2.8E1,-3.85E1,-1.5E0));
#3227=VERTEX_POINT('',#3225);
#3228=VERTEX_POINT('',#3226);
#3229=CARTESIAN_POINT('',(3.18E1,-3.85E1,-1.5E0));
#3230=VERTEX_POINT('',#3229);
#3231=CARTESIAN_POINT('',(3.18E1,-2.E0,-1.5E0));
#3232=VERTEX_POINT('',#3231);
#3233=CARTESIAN_POINT('',(3.18E1,-2.475E1,-1.5E0));
#3234=VERTEX_POINT('',#3233);
#3235=CARTESIAN_POINT('',(3.18E1,-1.575E1,-1.5E0));
#3236=VERTEX_POINT('',#3235);
#3237=CARTESIAN_POINT('',(3.08E1,-2.425E1,-1.5E0));
#3238=CARTESIAN_POINT('',(3.13E1,-2.475E1,-1.5E0));
#3239=VERTEX_POINT('',#3237);
#3240=VERTEX_POINT('',#3238);
#3241=CARTESIAN_POINT('',(3.13E1,-1.575E1,-1.5E0));
#3242=CARTESIAN_POINT('',(3.08E1,-1.625E1,-1.5E0));
#3243=VERTEX_POINT('',#3241);
#3244=VERTEX_POINT('',#3242);
#3245=CARTESIAN_POINT('',(-2.9E1,-2.7E1,-2.E0));
#3246=CARTESIAN_POINT('',(-2.9E1,-2.7E1,-3.5E0));
#3247=VERTEX_POINT('',#3245);
#3248=VERTEX_POINT('',#3246);
#3249=CARTESIAN_POINT('',(-2.9E1,-1.35E1,-3.5E0));
#3250=VERTEX_POINT('',#3249);
#3251=CARTESIAN_POINT('',(-2.9E1,-1.35E1,-2.E0));
#3252=VERTEX_POINT('',#3251);
#3253=CARTESIAN_POINT('',(-2.8E1,-2.7E1,-2.E0));
#3254=CARTESIAN_POINT('',(-2.8E1,-2.7E1,-3.5E0));
#3255=VERTEX_POINT('',#3253);
#3256=VERTEX_POINT('',#3254);
#3257=CARTESIAN_POINT('',(-2.8E1,-1.35E1,-3.5E0));
#3258=VERTEX_POINT('',#3257);
#3259=CARTESIAN_POINT('',(-2.8E1,-1.35E1,-2.E0));
#3260=VERTEX_POINT('',#3259);
#3261=CARTESIAN_POINT('',(3.18E1,-2.E0,-1.026E1));
#3262=VERTEX_POINT('',#3261);
#3263=CARTESIAN_POINT('',(-1.007133325386E1,-7.427446813583E0,-1.69E1));
#3264=CARTESIAN_POINT('',(-1.0238E1,-7.342340440750E0,-1.69E1));
#3265=VERTEX_POINT('',#3263);
#3266=VERTEX_POINT('',#3264);
#3267=CARTESIAN_POINT('',(-1.0488E1,-7.001914949417E0,-1.69E1));
#3268=VERTEX_POINT('',#3267);
#3269=CARTESIAN_POINT('',(-1.057133325386E1,-6.746595830917E0,-1.69E1));
#3270=VERTEX_POINT('',#3269);
#3271=CARTESIAN_POINT('',(-1.057133325386E1,-6.406170101166E0,-1.69E1));
#3272=VERTEX_POINT('',#3271);
#3273=CARTESIAN_POINT('',(-1.0488E1,-6.150850982666E0,-1.69E1));
#3274=VERTEX_POINT('',#3273);
#3275=CARTESIAN_POINT('',(-1.0238E1,-5.810425491333E0,-1.69E1));
#3276=VERTEX_POINT('',#3275);
#3277=CARTESIAN_POINT('',(-9.904666746140E0,-5.555106372833E0,-1.69E1));
#3278=VERTEX_POINT('',#3277);
#3279=CARTESIAN_POINT('',(-9.488E0,-5.47E0,-1.69E1));
#3280=VERTEX_POINT('',#3279);
#3281=CARTESIAN_POINT('',(-7.488E0,-5.47E0,-1.69E1));
#3282=VERTEX_POINT('',#3281);
#3283=CARTESIAN_POINT('',(-7.488E0,-9.47E0,-1.69E1));
#3284=VERTEX_POINT('',#3283);
#3285=CARTESIAN_POINT('',(-9.488E0,-9.47E0,-1.69E1));
#3286=VERTEX_POINT('',#3285);
#3287=CARTESIAN_POINT('',(-9.904666746140E0,-9.384893619716E0,-1.69E1));
#3288=VERTEX_POINT('',#3287);
#3289=CARTESIAN_POINT('',(-1.0238E1,-9.129574478865E0,-1.69E1));
#3290=VERTEX_POINT('',#3289);
#3291=CARTESIAN_POINT('',(-1.0488E1,-8.789148957729E0,-1.69E1));
#3292=VERTEX_POINT('',#3291);
#3293=CARTESIAN_POINT('',(-1.057133325386E1,-8.533829779625E0,-1.69E1));
#3294=VERTEX_POINT('',#3293);
#3295=CARTESIAN_POINT('',(-1.057133325386E1,-8.108297915459E0,-1.69E1));
#3296=VERTEX_POINT('',#3295);
#3297=CARTESIAN_POINT('',(-1.0488E1,-7.852978677750E0,-1.69E1));
#3298=VERTEX_POINT('',#3297);
#3299=CARTESIAN_POINT('',(-1.0238E1,-7.512553186417E0,-1.69E1));
#3300=VERTEX_POINT('',#3299);
#3301=CARTESIAN_POINT('',(-7.988E0,-5.980638237E0,-1.69E1));
#3302=CARTESIAN_POINT('',(-9.571333253860E0,-5.980638237E0,-1.69E1));
#3303=VERTEX_POINT('',#3301);
#3304=VERTEX_POINT('',#3302);
#3305=CARTESIAN_POINT('',(-9.821333253860E0,-6.065744609833E0,-1.69E1));
#3306=VERTEX_POINT('',#3305);
#3307=CARTESIAN_POINT('',(-9.988E0,-6.235957355499E0,-1.69E1));
#3308=VERTEX_POINT('',#3307);
#3309=CARTESIAN_POINT('',(-1.007133325386E1,-6.491276712418E0,-1.69E1));
#3310=VERTEX_POINT('',#3309);
#3311=CARTESIAN_POINT('',(-1.007133325386E1,-6.661489458084E0,-1.69E1));
#3312=VERTEX_POINT('',#3311);
#3313=CARTESIAN_POINT('',(-9.988E0,-6.916808576584E0,-1.69E1));
#3314=VERTEX_POINT('',#3313);
#3315=CARTESIAN_POINT('',(-9.821333253860E0,-7.087021322250E0,-1.69E1));
#3316=VERTEX_POINT('',#3315);
#3317=CARTESIAN_POINT('',(-9.571333253860E0,-7.172127695084E0,-1.69E1));
#3318=VERTEX_POINT('',#3317);
#3319=CARTESIAN_POINT('',(-7.988E0,-7.172127695084E0,-1.69E1));
#3320=VERTEX_POINT('',#3319);
#3321=CARTESIAN_POINT('',(-1.007133325386E1,-8.193404288292E0,-1.69E1));
#3322=CARTESIAN_POINT('',(-1.007133325386E1,-8.448723406792E0,-1.69E1));
#3323=VERTEX_POINT('',#3321);
#3324=VERTEX_POINT('',#3322);
#3325=CARTESIAN_POINT('',(-9.988E0,-8.704042525291E0,-1.69E1));
#3326=VERTEX_POINT('',#3325);
#3327=CARTESIAN_POINT('',(-9.821333253860E0,-8.874255330563E0,-1.69E1));
#3328=VERTEX_POINT('',#3327);
#3329=CARTESIAN_POINT('',(-9.571333253860E0,-8.959361703396E0,-1.69E1));
#3330=VERTEX_POINT('',#3329);
#3331=CARTESIAN_POINT('',(-7.988E0,-8.959361703396E0,-1.69E1));
#3332=VERTEX_POINT('',#3331);
#3333=CARTESIAN_POINT('',(-7.988E0,-7.682765932083E0,-1.69E1));
#3334=VERTEX_POINT('',#3333);
#3335=CARTESIAN_POINT('',(-9.571333253860E0,-7.682765932083E0,-1.69E1));
#3336=VERTEX_POINT('',#3335);
#3337=CARTESIAN_POINT('',(-9.821333253860E0,-7.767872304916E0,-1.69E1));
#3338=VERTEX_POINT('',#3337);
#3339=CARTESIAN_POINT('',(-9.988E0,-7.938085050583E0,-1.69E1));
#3340=VERTEX_POINT('',#3339);
#3341=CARTESIAN_POINT('',(-9.488E0,-2.3245E1,-1.69E1));
#3342=CARTESIAN_POINT('',(-8.821333373070E0,-2.3245E1,-1.69E1));
#3343=VERTEX_POINT('',#3341);
#3344=VERTEX_POINT('',#3342);
#3345=CARTESIAN_POINT('',(-7.488E0,-2.7245E1,-1.69E1));
#3346=VERTEX_POINT('',#3345);
#3347=CARTESIAN_POINT('',(-7.988E0,-2.7245E1,-1.69E1));
#3348=VERTEX_POINT('',#3347);
#3349=CARTESIAN_POINT('',(-8.321333313465E0,-2.622372340679E1,-1.69E1));
#3350=VERTEX_POINT('',#3349);
#3351=CARTESIAN_POINT('',(-9.988E0,-2.622372340679E1,-1.69E1));
#3352=VERTEX_POINT('',#3351);
#3353=CARTESIAN_POINT('',(-1.032133325386E1,-2.7245E1,-1.69E1));
#3354=VERTEX_POINT('',#3353);
#3355=CARTESIAN_POINT('',(-1.082133325386E1,-2.7245E1,-1.69E1));
#3356=VERTEX_POINT('',#3355);
#3357=CARTESIAN_POINT('',(-9.154666626930E0,-2.358542549133E1,-1.69E1));
#3358=CARTESIAN_POINT('',(-9.904666746140E0,-2.588329791546E1,-1.69E1));
#3359=VERTEX_POINT('',#3357);
#3360=VERTEX_POINT('',#3358);
#3361=CARTESIAN_POINT('',(-8.404666686535E0,-2.588329791546E1,-1.69E1));
#3362=VERTEX_POINT('',#3361);
#3363=CARTESIAN_POINT('',(-1.007133325386E1,-7.427446813583E0,-1.7E1));
#3364=CARTESIAN_POINT('',(-1.0238E1,-7.342340440750E0,-1.7E1));
#3365=VERTEX_POINT('',#3363);
#3366=VERTEX_POINT('',#3364);
#3367=CARTESIAN_POINT('',(-1.0488E1,-7.001914949417E0,-1.7E1));
#3368=VERTEX_POINT('',#3367);
#3369=CARTESIAN_POINT('',(-1.057133325386E1,-6.746595830917E0,-1.7E1));
#3370=VERTEX_POINT('',#3369);
#3371=CARTESIAN_POINT('',(-1.057133325386E1,-6.406170101166E0,-1.7E1));
#3372=VERTEX_POINT('',#3371);
#3373=CARTESIAN_POINT('',(-1.0488E1,-6.150850982666E0,-1.7E1));
#3374=VERTEX_POINT('',#3373);
#3375=CARTESIAN_POINT('',(-1.0238E1,-5.810425491333E0,-1.7E1));
#3376=VERTEX_POINT('',#3375);
#3377=CARTESIAN_POINT('',(-9.904666746140E0,-5.555106372833E0,-1.7E1));
#3378=VERTEX_POINT('',#3377);
#3379=CARTESIAN_POINT('',(-9.488E0,-5.47E0,-1.7E1));
#3380=VERTEX_POINT('',#3379);
#3381=CARTESIAN_POINT('',(-7.488E0,-5.47E0,-1.7E1));
#3382=VERTEX_POINT('',#3381);
#3383=CARTESIAN_POINT('',(-7.488E0,-9.47E0,-1.7E1));
#3384=VERTEX_POINT('',#3383);
#3385=CARTESIAN_POINT('',(-9.488E0,-9.47E0,-1.7E1));
#3386=VERTEX_POINT('',#3385);
#3387=CARTESIAN_POINT('',(-9.904666746140E0,-9.384893619716E0,-1.7E1));
#3388=VERTEX_POINT('',#3387);
#3389=CARTESIAN_POINT('',(-1.0238E1,-9.129574478865E0,-1.7E1));
#3390=VERTEX_POINT('',#3389);
#3391=CARTESIAN_POINT('',(-1.0488E1,-8.789148957729E0,-1.7E1));
#3392=VERTEX_POINT('',#3391);
#3393=CARTESIAN_POINT('',(-1.057133325386E1,-8.533829779625E0,-1.7E1));
#3394=VERTEX_POINT('',#3393);
#3395=CARTESIAN_POINT('',(-1.057133325386E1,-8.108297915459E0,-1.7E1));
#3396=VERTEX_POINT('',#3395);
#3397=CARTESIAN_POINT('',(-1.0488E1,-7.852978677750E0,-1.7E1));
#3398=VERTEX_POINT('',#3397);
#3399=CARTESIAN_POINT('',(-1.0238E1,-7.512553186417E0,-1.7E1));
#3400=VERTEX_POINT('',#3399);
#3401=CARTESIAN_POINT('',(-7.988E0,-5.980638237E0,-1.7E1));
#3402=CARTESIAN_POINT('',(-9.571333253860E0,-5.980638237E0,-1.7E1));
#3403=VERTEX_POINT('',#3401);
#3404=VERTEX_POINT('',#3402);
#3405=CARTESIAN_POINT('',(-9.821333253860E0,-6.065744609833E0,-1.7E1));
#3406=VERTEX_POINT('',#3405);
#3407=CARTESIAN_POINT('',(-9.988E0,-6.235957355499E0,-1.7E1));
#3408=VERTEX_POINT('',#3407);
#3409=CARTESIAN_POINT('',(-1.007133325386E1,-6.491276712418E0,-1.7E1));
#3410=VERTEX_POINT('',#3409);
#3411=CARTESIAN_POINT('',(-1.007133325386E1,-6.661489458084E0,-1.7E1));
#3412=VERTEX_POINT('',#3411);
#3413=CARTESIAN_POINT('',(-9.988E0,-6.916808576584E0,-1.7E1));
#3414=VERTEX_POINT('',#3413);
#3415=CARTESIAN_POINT('',(-9.821333253860E0,-7.087021322250E0,-1.7E1));
#3416=VERTEX_POINT('',#3415);
#3417=CARTESIAN_POINT('',(-9.571333253860E0,-7.172127695084E0,-1.7E1));
#3418=VERTEX_POINT('',#3417);
#3419=CARTESIAN_POINT('',(-7.988E0,-7.172127695084E0,-1.7E1));
#3420=VERTEX_POINT('',#3419);
#3421=CARTESIAN_POINT('',(-1.007133325386E1,-8.193404288292E0,-1.7E1));
#3422=CARTESIAN_POINT('',(-1.007133325386E1,-8.448723406792E0,-1.7E1));
#3423=VERTEX_POINT('',#3421);
#3424=VERTEX_POINT('',#3422);
#3425=CARTESIAN_POINT('',(-9.988E0,-8.704042525291E0,-1.7E1));
#3426=VERTEX_POINT('',#3425);
#3427=CARTESIAN_POINT('',(-9.821333253860E0,-8.874255330563E0,-1.7E1));
#3428=VERTEX_POINT('',#3427);
#3429=CARTESIAN_POINT('',(-9.571333253860E0,-8.959361703396E0,-1.7E1));
#3430=VERTEX_POINT('',#3429);
#3431=CARTESIAN_POINT('',(-7.988E0,-8.959361703396E0,-1.7E1));
#3432=VERTEX_POINT('',#3431);
#3433=CARTESIAN_POINT('',(-7.988E0,-7.682765932083E0,-1.7E1));
#3434=VERTEX_POINT('',#3433);
#3435=CARTESIAN_POINT('',(-9.571333253860E0,-7.682765932083E0,-1.7E1));
#3436=VERTEX_POINT('',#3435);
#3437=CARTESIAN_POINT('',(-9.821333253860E0,-7.767872304916E0,-1.7E1));
#3438=VERTEX_POINT('',#3437);
#3439=CARTESIAN_POINT('',(-9.988E0,-7.938085050583E0,-1.7E1));
#3440=VERTEX_POINT('',#3439);
#3441=CARTESIAN_POINT('',(-9.488E0,-2.3245E1,-1.7E1));
#3442=CARTESIAN_POINT('',(-8.821333373070E0,-2.3245E1,-1.7E1));
#3443=VERTEX_POINT('',#3441);
#3444=VERTEX_POINT('',#3442);
#3445=CARTESIAN_POINT('',(-7.488E0,-2.7245E1,-1.7E1));
#3446=VERTEX_POINT('',#3445);
#3447=CARTESIAN_POINT('',(-7.988E0,-2.7245E1,-1.7E1));
#3448=VERTEX_POINT('',#3447);
#3449=CARTESIAN_POINT('',(-8.321333313465E0,-2.622372340679E1,-1.7E1));
#3450=VERTEX_POINT('',#3449);
#3451=CARTESIAN_POINT('',(-9.988E0,-2.622372340679E1,-1.7E1));
#3452=VERTEX_POINT('',#3451);
#3453=CARTESIAN_POINT('',(-1.032133325386E1,-2.7245E1,-1.7E1));
#3454=VERTEX_POINT('',#3453);
#3455=CARTESIAN_POINT('',(-1.082133325386E1,-2.7245E1,-1.7E1));
#3456=VERTEX_POINT('',#3455);
#3457=CARTESIAN_POINT('',(-9.154666626930E0,-2.358542549133E1,-1.7E1));
#3458=CARTESIAN_POINT('',(-9.904666746140E0,-2.588329791546E1,-1.7E1));
#3459=VERTEX_POINT('',#3457);
#3460=VERTEX_POINT('',#3458);
#3461=CARTESIAN_POINT('',(-8.404666686535E0,-2.588329791546E1,-1.7E1));
#3462=VERTEX_POINT('',#3461);
#3463=CARTESIAN_POINT('',(2.803E1,-1.045E1,-1.7E1));
#3464=CARTESIAN_POINT('',(2.703E1,-1.045E1,-1.7E1));
#3465=VERTEX_POINT('',#3463);
#3466=VERTEX_POINT('',#3464);
#3467=CARTESIAN_POINT('',(2.803E1,-1.045E1,-1.5E1));
#3468=CARTESIAN_POINT('',(2.703E1,-1.045E1,-1.5E1));
#3469=VERTEX_POINT('',#3467);
#3470=VERTEX_POINT('',#3468);
#3471=CARTESIAN_POINT('',(2.803E1,-2.205E1,-1.7E1));
#3472=CARTESIAN_POINT('',(2.703E1,-2.205E1,-1.7E1));
#3473=VERTEX_POINT('',#3471);
#3474=VERTEX_POINT('',#3472);
#3475=CARTESIAN_POINT('',(2.803E1,-2.205E1,-1.5E1));
#3476=CARTESIAN_POINT('',(2.703E1,-2.205E1,-1.5E1));
#3477=VERTEX_POINT('',#3475);
#3478=VERTEX_POINT('',#3476);
#3479=CARTESIAN_POINT('',(3.130000001001E1,-1.575000000017E1,
-2.000000000168E0));
#3480=CARTESIAN_POINT('',(3.18E1,-1.575E1,-2.E0));
#3481=VERTEX_POINT('',#3479);
#3482=VERTEX_POINT('',#3480);
#3483=CARTESIAN_POINT('',(3.13E1,-1.625E1,-2.5E0));
#3484=CARTESIAN_POINT('',(3.18E1,-1.625E1,-2.5E0));
#3485=VERTEX_POINT('',#3483);
#3486=VERTEX_POINT('',#3484);
#3487=CARTESIAN_POINT('',(3.08E1,-1.625E1,-2.E0));
#3488=VERTEX_POINT('',#3487);
#3489=CARTESIAN_POINT('',(3.13E1,-2.425E1,-2.5E0));
#3490=VERTEX_POINT('',#3489);
#3491=CARTESIAN_POINT('',(3.080000000017E1,-2.424999998999E1,
-2.000000000168E0));
#3492=VERTEX_POINT('',#3491);
#3493=CARTESIAN_POINT('',(3.13E1,-2.475E1,-2.E0));
#3494=VERTEX_POINT('',#3493);
#3495=CARTESIAN_POINT('',(3.18E1,-2.425E1,-2.5E0));
#3496=VERTEX_POINT('',#3495);
#3497=CARTESIAN_POINT('',(3.18E1,-2.475E1,-2.E0));
#3498=VERTEX_POINT('',#3497);
#3499=CARTESIAN_POINT('',(-1.32E1,-2.E0,-1.5E1));
#3500=CARTESIAN_POINT('',(-1.32E1,-3.5E0,-1.5E1));
#3501=VERTEX_POINT('',#3499);
#3502=VERTEX_POINT('',#3500);
#3503=CARTESIAN_POINT('',(-1.2E0,-2.E0,-1.5E1));
#3504=VERTEX_POINT('',#3503);
#3505=CARTESIAN_POINT('',(-6.2E0,-2.E0,-1.5E1));
#3506=VERTEX_POINT('',#3505);
#3507=CARTESIAN_POINT('',(-1.82E1,-2.E0,-1.5E1));
#3508=VERTEX_POINT('',#3507);
#3509=VERTEX_POINT('',#1784);
#3510=VERTEX_POINT('',#1773);
#3511=CARTESIAN_POINT('',(-1.82E1,-8.5E0,-1.101E1));
#3512=CARTESIAN_POINT('',(-1.67E1,-8.5E0,-1.101E1));
#3513=VERTEX_POINT('',#3511);
#3514=VERTEX_POINT('',#3512);
#3515=CARTESIAN_POINT('',(-1.82E1,-8.5E0,-1.5E1));
#3516=CARTESIAN_POINT('',(-1.67E1,-8.5E0,-1.5E1));
#3517=VERTEX_POINT('',#3515);
#3518=VERTEX_POINT('',#3516);
#3519=CARTESIAN_POINT('',(-1.67E1,-3.5E0,-1.5E1));
#3520=VERTEX_POINT('',#3519);
#3521=CARTESIAN_POINT('',(-1.67E1,-3.5E0,-1.101E1));
#3522=VERTEX_POINT('',#3521);
#3523=CARTESIAN_POINT('',(0.E0,0.E0,-1.252E1));
#3524=DIRECTION('',(0.E0,0.E0,-1.E0));
#3525=DIRECTION('',(0.E0,1.E0,0.E0));
#3526=AXIS2_PLACEMENT_3D('',#3523,#3524,#3525);
#3527=PLANE('',#3526);
#3529=ORIENTED_EDGE('',*,*,#3528,.T.);
#3531=ORIENTED_EDGE('',*,*,#3530,.T.);
#3533=ORIENTED_EDGE('',*,*,#3532,.T.);
#3535=ORIENTED_EDGE('',*,*,#3534,.F.);
#3536=EDGE_LOOP('',(#3529,#3531,#3533,#3535));
#3537=FACE_OUTER_BOUND('',#3536,.F.);
#3539=CARTESIAN_POINT('',(1.E0,1.046268E2,-1.152E1));
#3540=DIRECTION('',(0.E0,-1.E0,0.E0));
#3541=DIRECTION('',(-1.E0,0.E0,0.E0));
#3542=AXIS2_PLACEMENT_3D('',#3539,#3540,#3541);
#3543=CYLINDRICAL_SURFACE('',#3542,1.E0);
#3544=ORIENTED_EDGE('',*,*,#3528,.F.);
#3546=ORIENTED_EDGE('',*,*,#3545,.T.);
#3548=ORIENTED_EDGE('',*,*,#3547,.T.);
#3550=ORIENTED_EDGE('',*,*,#3549,.T.);
#3552=ORIENTED_EDGE('',*,*,#3551,.T.);
#3553=EDGE_LOOP('',(#3544,#3546,#3548,#3550,#3552));
#3554=FACE_OUTER_BOUND('',#3553,.F.);
#3556=CARTESIAN_POINT('',(-3.684716214346E0,5.8E0,-9.01E0));
#3557=DIRECTION('',(0.E0,-6.785209327929E-1,7.345810668414E-1));
#3558=DIRECTION('',(0.E0,-7.345810668414E-1,-6.785209327929E-1));
#3559=AXIS2_PLACEMENT_3D('',#3556,#3557,#3558);
#3560=PLANE('',#3559);
#3562=ORIENTED_EDGE('',*,*,#3561,.T.);
#3563=ORIENTED_EDGE('',*,*,#3545,.F.);
#3564=ORIENTED_EDGE('',*,*,#3534,.T.);
#3566=ORIENTED_EDGE('',*,*,#3565,.F.);
#3568=ORIENTED_EDGE('',*,*,#3567,.F.);
#3570=ORIENTED_EDGE('',*,*,#3569,.F.);
#3572=ORIENTED_EDGE('',*,*,#3571,.F.);
#3573=EDGE_LOOP('',(#3562,#3563,#3564,#3566,#3568,#3570,#3572));
#3574=FACE_OUTER_BOUND('',#3573,.F.);
#3576=CARTESIAN_POINT('',(1.070095499025E1,3.807280440795E1,2.21612E1));
#3577=DIRECTION('',(-1.931249096622E-1,-7.207519750666E-1,-6.657472190746E-1));
#3578=DIRECTION('',(-9.659258262891E-1,2.588190451025E-1,0.E0));
#3579=AXIS2_PLACEMENT_3D('',#3576,#3577,#3578);
#3580=CYLINDRICAL_SURFACE('',#3579,1.E0);
#3582=ORIENTED_EDGE('',*,*,#3581,.T.);
#3584=ORIENTED_EDGE('',*,*,#3583,.T.);
#3586=ORIENTED_EDGE('',*,*,#3585,.T.);
#3587=ORIENTED_EDGE('',*,*,#3547,.F.);
#3588=ORIENTED_EDGE('',*,*,#3561,.F.);
#3589=EDGE_LOOP('',(#3582,#3584,#3586,#3587,#3588));
#3590=FACE_OUTER_BOUND('',#3589,.F.);
#3592=CARTESIAN_POINT('',(0.E0,5.8E0,-1.252E1));
#3593=DIRECTION('',(0.E0,1.E0,0.E0));
#3594=DIRECTION('',(0.E0,0.E0,1.E0));
#3595=AXIS2_PLACEMENT_3D('',#3592,#3593,#3594);
#3596=PLANE('',#3595);
#3598=ORIENTED_EDGE('',*,*,#3597,.F.);
#3600=ORIENTED_EDGE('',*,*,#3599,.F.);
#3602=ORIENTED_EDGE('',*,*,#3601,.T.);
#3604=ORIENTED_EDGE('',*,*,#3603,.T.);
#3606=ORIENTED_EDGE('',*,*,#3605,.T.);
#3608=ORIENTED_EDGE('',*,*,#3607,.T.);
#3610=ORIENTED_EDGE('',*,*,#3609,.T.);
#3612=ORIENTED_EDGE('',*,*,#3611,.T.);
#3614=ORIENTED_EDGE('',*,*,#3613,.T.);
#3616=ORIENTED_EDGE('',*,*,#3615,.F.);
#3618=ORIENTED_EDGE('',*,*,#3617,.F.);
#3620=ORIENTED_EDGE('',*,*,#3619,.F.);
#3622=ORIENTED_EDGE('',*,*,#3621,.F.);
#3624=ORIENTED_EDGE('',*,*,#3623,.F.);
#3626=ORIENTED_EDGE('',*,*,#3625,.F.);
#3628=ORIENTED_EDGE('',*,*,#3627,.F.);
#3630=ORIENTED_EDGE('',*,*,#3629,.F.);
#3632=ORIENTED_EDGE('',*,*,#3631,.F.);
#3633=ORIENTED_EDGE('',*,*,#3581,.F.);
#3634=ORIENTED_EDGE('',*,*,#3571,.T.);
#3636=ORIENTED_EDGE('',*,*,#3635,.T.);
#3638=ORIENTED_EDGE('',*,*,#3637,.F.);
#3639=EDGE_LOOP('',(#3598,#3600,#3602,#3604,#3606,#3608,#3610,#3612,#3614,#3616,
#3618,#3620,#3622,#3624,#3626,#3628,#3630,#3632,#3633,#3634,#3636,#3638));
#3640=FACE_OUTER_BOUND('',#3639,.F.);
#3642=CARTESIAN_POINT('',(-5.788311581896E0,-2.346597621883E1,2.21612E1));
#3643=DIRECTION('',(1.931249096622E-1,7.207519750666E-1,-6.657472190746E-1));
#3644=DIRECTION('',(-9.659258262891E-1,2.588190451025E-1,0.E0));
#3645=AXIS2_PLACEMENT_3D('',#3642,#3643,#3644);
#3646=CYLINDRICAL_SURFACE('',#3645,1.E0);
#3647=ORIENTED_EDGE('',*,*,#3597,.T.);
#3649=ORIENTED_EDGE('',*,*,#3648,.F.);
#3651=ORIENTED_EDGE('',*,*,#3650,.F.);
#3653=ORIENTED_EDGE('',*,*,#3652,.T.);
#3655=ORIENTED_EDGE('',*,*,#3654,.T.);
#3656=EDGE_LOOP('',(#3647,#3649,#3651,#3653,#3655));
#3657=FACE_OUTER_BOUND('',#3656,.F.);
#3659=CARTESIAN_POINT('',(-3.684716214346E0,2.E0,0.E0));
#3660=DIRECTION('',(0.E0,-6.785209327929E-1,-7.345810668414E-1));
#3661=DIRECTION('',(0.E0,7.345810668414E-1,-6.785209327929E-1));
#3662=AXIS2_PLACEMENT_3D('',#3659,#3660,#3661);
#3663=PLANE('',#3662);
#3664=ORIENTED_EDGE('',*,*,#3648,.T.);
#3665=ORIENTED_EDGE('',*,*,#3637,.T.);
#3667=ORIENTED_EDGE('',*,*,#3666,.F.);
#3669=ORIENTED_EDGE('',*,*,#3668,.F.);
#3671=ORIENTED_EDGE('',*,*,#3670,.F.);
#3673=ORIENTED_EDGE('',*,*,#3672,.F.);
#3675=ORIENTED_EDGE('',*,*,#3674,.F.);
#3676=EDGE_LOOP('',(#3664,#3665,#3667,#3669,#3671,#3673,#3675));
#3677=FACE_OUTER_BOUND('',#3676,.F.);
#3679=CARTESIAN_POINT('',(3.38E1,2.E0,-1.252E1));
#3680=DIRECTION('',(9.659258262891E-1,2.588190451025E-1,0.E0));
#3681=DIRECTION('',(0.E0,0.E0,1.E0));
#3682=AXIS2_PLACEMENT_3D('',#3679,#3680,#3681);
#3683=PLANE('',#3682);
#3684=ORIENTED_EDGE('',*,*,#3670,.T.);
#3686=ORIENTED_EDGE('',*,*,#3685,.F.);
#3688=ORIENTED_EDGE('',*,*,#3687,.T.);
#3690=ORIENTED_EDGE('',*,*,#3689,.T.);
#3692=ORIENTED_EDGE('',*,*,#3691,.T.);
#3694=ORIENTED_EDGE('',*,*,#3693,.F.);
#3695=ORIENTED_EDGE('',*,*,#3565,.T.);
#3697=ORIENTED_EDGE('',*,*,#3696,.T.);
#3698=EDGE_LOOP('',(#3684,#3686,#3688,#3690,#3692,#3694,#3695,#3697));
#3699=FACE_OUTER_BOUND('',#3698,.F.);
#3701=CARTESIAN_POINT('',(3.38E1,2.E0,-1.252E1));
#3702=DIRECTION('',(9.659258262891E-1,2.588190451025E-1,0.E0));
#3703=DIRECTION('',(0.E0,0.E0,1.E0));
#3704=AXIS2_PLACEMENT_3D('',#3701,#3702,#3703);
#3705=PLANE('',#3704);
#3706=ORIENTED_EDGE('',*,*,#3666,.T.);
#3707=ORIENTED_EDGE('',*,*,#3635,.F.);
#3708=ORIENTED_EDGE('',*,*,#3569,.T.);
#3710=ORIENTED_EDGE('',*,*,#3709,.F.);
#3712=ORIENTED_EDGE('',*,*,#3711,.T.);
#3714=ORIENTED_EDGE('',*,*,#3713,.F.);
#3715=EDGE_LOOP('',(#3706,#3707,#3708,#3710,#3712,#3714));
#3716=FACE_OUTER_BOUND('',#3715,.F.);
#3718=CARTESIAN_POINT('',(-2.087766855658E1,1.464054696083E1,
-3.616080768772E0));
#3719=CARTESIAN_POINT('',(-2.087431813420E1,1.465954815034E1,
-2.692723905258E0));
#3720=CARTESIAN_POINT('',(-2.095284908170E1,1.421417701549E1,
-2.240903057720E0));
#3721=CARTESIAN_POINT('',(-2.111326139908E1,1.330443355629E1,
-2.260618226159E0));
#3723=DIRECTION('',(9.848077530122E-1,-1.736481776669E-1,0.E0));
#3724=VECTOR('',#3723,1.E0);
#3725=SURFACE_OF_LINEAR_EXTRUSION('',#3722,#3724);
#3726=ORIENTED_EDGE('',*,*,#3668,.T.);
#3727=ORIENTED_EDGE('',*,*,#3713,.T.);
#3729=ORIENTED_EDGE('',*,*,#3728,.T.);
#3731=ORIENTED_EDGE('',*,*,#3730,.T.);
#3733=ORIENTED_EDGE('',*,*,#3732,.F.);
#3734=ORIENTED_EDGE('',*,*,#3685,.T.);
#3735=EDGE_LOOP('',(#3726,#3727,#3729,#3731,#3733,#3734));
#3736=FACE_OUTER_BOUND('',#3735,.F.);
#3738=CARTESIAN_POINT('',(3.38E1,5.E0,-1.026E1));
#3739=DIRECTION('',(1.736481776669E-1,9.848077530122E-1,0.E0));
#3740=DIRECTION('',(0.E0,0.E0,1.E0));
#3741=AXIS2_PLACEMENT_3D('',#3738,#3739,#3740);
#3742=PLANE('',#3741);
#3744=ORIENTED_EDGE('',*,*,#3743,.F.);
#3746=ORIENTED_EDGE('',*,*,#3745,.F.);
#3748=ORIENTED_EDGE('',*,*,#3747,.F.);
#3750=ORIENTED_EDGE('',*,*,#3749,.F.);
#3751=ORIENTED_EDGE('',*,*,#3728,.F.);
#3752=ORIENTED_EDGE('',*,*,#3711,.F.);
#3753=EDGE_LOOP('',(#3744,#3746,#3748,#3750,#3751,#3752));
#3754=FACE_OUTER_BOUND('',#3753,.F.);
#3756=CARTESIAN_POINT('',(3.561634784978E1,4.679127619799E0,-8.903919231228E0));
#3757=CARTESIAN_POINT('',(3.561969827216E1,4.698128809311E0,-9.827276094742E0));
#3758=CARTESIAN_POINT('',(3.554116732466E1,4.252757674466E0,-1.027909694228E1));
#3759=CARTESIAN_POINT('',(3.538075500728E1,3.343014215262E0,-1.025938177384E1));
#3761=DIRECTION('',(-9.848077530122E-1,1.736481776669E-1,0.E0));
#3762=VECTOR('',#3761,1.E0);
#3763=SURFACE_OF_LINEAR_EXTRUSION('',#3760,#3762);
#3764=ORIENTED_EDGE('',*,*,#3567,.T.);
#3765=ORIENTED_EDGE('',*,*,#3693,.T.);
#3767=ORIENTED_EDGE('',*,*,#3766,.F.);
#3769=ORIENTED_EDGE('',*,*,#3768,.F.);
#3770=ORIENTED_EDGE('',*,*,#3743,.T.);
#3771=ORIENTED_EDGE('',*,*,#3709,.T.);
#3772=EDGE_LOOP('',(#3764,#3765,#3767,#3769,#3770,#3771));
#3773=FACE_OUTER_BOUND('',#3772,.F.);
#3775=CARTESIAN_POINT('',(0.E0,3.E0,-1.026E1));
#3776=DIRECTION('',(0.E0,0.E0,-1.E0));
#3777=DIRECTION('',(0.E0,1.E0,0.E0));
#3778=AXIS2_PLACEMENT_3D('',#3775,#3776,#3777);
#3779=PLANE('',#3778);
#3780=ORIENTED_EDGE('',*,*,#3766,.T.);
#3781=ORIENTED_EDGE('',*,*,#3691,.F.);
#3783=ORIENTED_EDGE('',*,*,#3782,.T.);
#3785=ORIENTED_EDGE('',*,*,#3784,.T.);
#3786=EDGE_LOOP('',(#3780,#3781,#3783,#3785));
#3787=FACE_OUTER_BOUND('',#3786,.F.);
#3789=CARTESIAN_POINT('',(0.E0,3.E0,-2.26E0));
#3790=DIRECTION('',(0.E0,-1.E0,0.E0));
#3791=DIRECTION('',(0.E0,0.E0,-1.E0));
#3792=AXIS2_PLACEMENT_3D('',#3789,#3790,#3791);
#3793=PLANE('',#3792);
#3795=ORIENTED_EDGE('',*,*,#3794,.F.);
#3796=ORIENTED_EDGE('',*,*,#3782,.F.);
#3797=ORIENTED_EDGE('',*,*,#3689,.F.);
#3799=ORIENTED_EDGE('',*,*,#3798,.T.);
#3801=ORIENTED_EDGE('',*,*,#3800,.F.);
#3803=ORIENTED_EDGE('',*,*,#3802,.T.);
#3804=EDGE_LOOP('',(#3795,#3796,#3797,#3799,#3801,#3803));
#3805=FACE_OUTER_BOUND('',#3804,.F.);
#3807=CARTESIAN_POINT('',(3.53E1,-7.56088E0,-8.76E0));
#3808=DIRECTION('',(0.E0,1.E0,0.E0));
#3809=DIRECTION('',(1.E0,0.E0,0.E0));
#3810=AXIS2_PLACEMENT_3D('',#3807,#3808,#3809);
#3811=CYLINDRICAL_SURFACE('',#3810,1.5E0);
#3813=ORIENTED_EDGE('',*,*,#3812,.T.);
#3814=ORIENTED_EDGE('',*,*,#3784,.F.);
#3815=ORIENTED_EDGE('',*,*,#3794,.T.);
#3817=ORIENTED_EDGE('',*,*,#3816,.T.);
#3818=EDGE_LOOP('',(#3813,#3814,#3815,#3817));
#3819=FACE_OUTER_BOUND('',#3818,.F.);
#3821=CARTESIAN_POINT('',(3.567297901323E1,4.669237009885E0,-8.716548475034E0));
#3822=CARTESIAN_POINT('',(3.578874528686E1,4.651398936120E0,-8.682084926235E0));
#3823=CARTESIAN_POINT('',(3.599613790123E1,4.604053280591E0,-8.619478578710E0));
#3824=CARTESIAN_POINT('',(3.626030233534E1,4.496834182967E0,-8.537119754957E0));
#3825=CARTESIAN_POINT('',(3.649276234615E1,4.308460048577E0,-8.458940389184E0));
#3826=CARTESIAN_POINT('',(3.664984590198E1,4.030633918039E0,-8.397065712513E0));
#3827=CARTESIAN_POINT('',(3.672098821980E1,3.759090862111E0,-8.361018256715E0));
#3828=CARTESIAN_POINT('',(3.674062893867E1,3.550623264531E0,-8.343473830031E0));
#3829=CARTESIAN_POINT('',(3.674313072701E1,3.435257850280E0,-8.336282914459E0));
#3830=CARTESIAN_POINT('',(3.674222246418E1,3.370966498794E0,-8.332907012200E0));
#3831=CARTESIAN_POINT('',(3.674095640709E1,3.333393205752E0,-8.331144217953E0));
#3832=CARTESIAN_POINT('',(3.567721509827E1,4.668488654925E0,-8.733295716316E0));
#3833=CARTESIAN_POINT('',(3.579645755971E1,4.650044847485E0,-8.711734315854E0));
#3834=CARTESIAN_POINT('',(3.601017911388E1,4.601552907392E0,-8.672600507059E0));
#3835=CARTESIAN_POINT('',(3.628277877571E1,4.492681289374E0,-8.621213612956E0));
#3836=CARTESIAN_POINT('',(3.652217513812E1,4.302556490982E0,-8.572807236548E0));
#3837=CARTESIAN_POINT('',(3.668403342531E1,4.025324673990E0,-8.535093210719E0));
#3838=CARTESIAN_POINT('',(3.675887456563E1,3.755439281739E0,-8.513171798661E0));
#3839=CARTESIAN_POINT('',(3.678087036092E1,3.548426829118E0,-8.502867849498E0));
#3840=CARTESIAN_POINT('',(3.678455247015E1,3.433886789666E0,-8.498644460422E0));
#3841=CARTESIAN_POINT('',(3.678426313845E1,3.370056191266E0,-8.496747327615E0));
#3842=CARTESIAN_POINT('',(3.678334711828E1,3.332753144674E0,-8.495777522657E0));
#3843=CARTESIAN_POINT('',(3.568165875218E1,4.667724032623E0,-8.755166345512E0));
#3844=CARTESIAN_POINT('',(3.580105519659E1,4.649156877949E0,-8.751410934931E0));
#3845=CARTESIAN_POINT('',(3.601536309030E1,4.600964511016E0,-8.744582775205E0));
#3846=CARTESIAN_POINT('',(3.628943934269E1,4.494086767257E0,-8.735588061432E0));
#3847=CARTESIAN_POINT('',(3.653574658194E1,4.308569349832E0,-8.726911102244E0));
#3848=CARTESIAN_POINT('',(3.670810785202E1,4.030237771394E0,-8.719818670174E0));
#3849=CARTESIAN_POINT('',(3.678859632418E1,3.757637617659E0,-8.715761705160E0));
#3850=CARTESIAN_POINT('',(3.681322997004E1,3.548821792718E0,-8.713643647461E0));
#3851=CARTESIAN_POINT('',(3.681799061083E1,3.433432869115E0,-8.712805233817E0));
#3852=CARTESIAN_POINT('',(3.681821449883E1,3.369185443161E0,-8.712370583840E0));
#3853=CARTESIAN_POINT('',(3.681756789753E1,3.331654427001E0,-8.712135164594E0));
#3854=CARTESIAN_POINT('',(3.568014569025E1,4.667980696231E0,-8.785365435989E0));
#3855=CARTESIAN_POINT('',(3.580018983913E1,4.649350856644E0,-8.805512365550E0));
#3856=CARTESIAN_POINT('',(3.601551587798E1,4.600763072956E0,-8.842104881441E0));
#3857=CARTESIAN_POINT('',(3.629058858205E1,4.492504342399E0,-8.890217756635E0));
#3858=CARTESIAN_POINT('',(3.653462403896E1,4.304225101480E0,-8.935949014932E0));
#3859=CARTESIAN_POINT('',(3.670224618246E1,4.026509063311E0,-8.972248451417E0));
#3860=CARTESIAN_POINT('',(3.678044567291E1,3.755676288315E0,-8.993234966503E0));
#3861=CARTESIAN_POINT('',(3.680416261193E1,3.548136546614E0,-9.003521186604E0));
#3862=CARTESIAN_POINT('',(3.680860234166E1,3.433385679846E0,-9.007685047642E0));
#3863=CARTESIAN_POINT('',(3.680868831900E1,3.369465672204E0,-9.009670068304E0));
#3864=CARTESIAN_POINT('',(3.680797568784E1,3.332118449466E0,-9.010711259216E0));
#3865=CARTESIAN_POINT('',(3.566967631014E1,4.669822577548E0,-8.820917632728E0));
#3866=CARTESIAN_POINT('',(3.578260284263E1,4.652468881264E0,-8.870039047017E0));
#3867=CARTESIAN_POINT('',(3.598483525911E1,4.606101643915E0,-8.959214352193E0));
#3868=CARTESIAN_POINT('',(3.624213148385E1,4.500474302090E0,-9.076372325791E0));
#3869=CARTESIAN_POINT('',(3.646935905998E1,4.314073512459E0,-9.186848095870E0));
#3870=CARTESIAN_POINT('',(3.662313628215E1,4.035573864043E0,-9.273070313357E0));
#3871=CARTESIAN_POINT('',(3.669138937513E1,3.762359024028E0,-9.323368976305E0));
#3872=CARTESIAN_POINT('',(3.670904737412E1,3.552509327074E0,-9.347117331042E0));
#3873=CARTESIAN_POINT('',(3.671051675818E1,3.436383417553E0,-9.356894321699E0));
#3874=CARTESIAN_POINT('',(3.670905678342E1,3.371674754357E0,-9.361299722969E0));
#3875=CARTESIAN_POINT('',(3.670747500137E1,3.333858841484E0,-9.363557418289E0));
#3876=CARTESIAN_POINT('',(3.564508527962E1,4.674143441435E0,-8.856551546981E0));
#3877=CARTESIAN_POINT('',(3.574202407967E1,4.659686112344E0,-8.937150691727E0));
#3878=CARTESIAN_POINT('',(3.591483823297E1,4.618182402235E0,-9.083124490967E0));
#3879=CARTESIAN_POINT('',(3.613232403955E1,4.517759054727E0,-9.273822822911E0));
#3880=CARTESIAN_POINT('',(3.631929557410E1,4.333949454607E0,-9.452288344519E0));
#3881=CARTESIAN_POINT('',(3.643742788281E1,4.053216629389E0,-9.589637447513E0));
#3882=CARTESIAN_POINT('',(3.648214282831E1,3.775720006228E0,-9.666352768500E0));
#3883=CARTESIAN_POINT('',(3.648653469164E1,3.561698911412E0,-9.701414940284E0));
#3884=CARTESIAN_POINT('',(3.648181208669E1,3.443051838136E0,-9.714884805791E0));
#3885=CARTESIAN_POINT('',(3.647721616598E1,3.376878337333E0,-9.720908309212E0));
#3886=CARTESIAN_POINT('',(3.647390239661E1,3.338187420754E0,-9.723934275201E0));
#3887=CARTESIAN_POINT('',(3.561978716579E1,4.678583356953E0,-8.879190546735E0));
#3888=CARTESIAN_POINT('',(3.569911785246E1,4.667336709600E0,-8.982338042152E0));
#3889=CARTESIAN_POINT('',(3.583963478425E1,4.631084863700E0,-9.168832590953E0));
#3890=CARTESIAN_POINT('',(3.601369094473E1,4.535817625598E0,-9.411570120263E0));
#3891=CARTESIAN_POINT('',(3.615778567678E1,4.353617323514E0,-9.635882620350E0));
#3892=CARTESIAN_POINT('',(3.624005603957E1,4.071734013330E0,-9.803895638774E0));
#3893=CARTESIAN_POINT('',(3.626170747162E1,3.790154731218E0,-9.896434230619E0));
#3894=CARTESIAN_POINT('',(3.625344132311E1,3.571617411204E0,-9.935842800023E0));
#3895=CARTESIAN_POINT('',(3.624291818485E1,3.450133182984E0,-9.950606289181E0));
#3896=CARTESIAN_POINT('',(3.623542022612E1,3.382286477889E0,-9.956574122941E0));
#3897=CARTESIAN_POINT('',(3.623051611770E1,3.342588183761E0,-9.959384676357E0));
#3898=CARTESIAN_POINT('',(3.559327376023E1,4.683249318884E0,-8.893785948E0));
#3899=CARTESIAN_POINT('',(3.565251331839E1,4.675591409575E0,-9.013842091760E0));
#3900=CARTESIAN_POINT('',(3.575647951524E1,4.645590889599E0,-9.230335821469E0));
#3901=CARTESIAN_POINT('',(3.588228935452E1,4.557758586424E0,-9.510278090845E0));
#3902=CARTESIAN_POINT('',(3.598035261477E1,4.380836671599E0,-9.767500270350E0));
#3903=CARTESIAN_POINT('',(3.602455169844E1,4.094842313939E0,-9.958279447659E0));
#3904=CARTESIAN_POINT('',(3.602295590184E1,3.806779191706E0,-1.005654146515E1));
#3905=CARTESIAN_POINT('',(3.600286749801E1,3.582549870859E0,-1.009692430612E1));
#3906=CARTESIAN_POINT('',(3.598725093458E1,3.457766220974E0,-1.010992058414E1));
#3907=CARTESIAN_POINT('',(3.597731423098E1,3.388039503509E0,-1.011520246789E1));
#3908=CARTESIAN_POINT('',(3.597111235500E1,3.347229279753E0,-1.011757842815E1));
#3909=CARTESIAN_POINT('',(3.556031727716E1,4.689018475333E0,-8.903800198564E0));
#3910=CARTESIAN_POINT('',(3.559330511181E1,4.686202808580E0,-9.039972584373E0));
#3911=CARTESIAN_POINT('',(3.564946388410E1,4.663739984189E0,-9.285113489028E0));
#3912=CARTESIAN_POINT('',(3.571202464081E1,4.582004412800E0,-9.601081147447E0));
#3913=CARTESIAN_POINT('',(3.574935154596E1,4.404004506858E0,-9.884891668165E0));
#3914=CARTESIAN_POINT('',(3.574731718107E1,4.118893823320E0,-1.008425907244E1));
#3915=CARTESIAN_POINT('',(3.571909866424E1,3.826633163418E0,-1.018773924496E1));
#3916=CARTESIAN_POINT('',(3.568622869223E1,3.596336746270E0,-1.022310978841E1));
#3917=CARTESIAN_POINT('',(3.566535239127E1,3.467470708252E0,-1.023437528122E1));
#3918=CARTESIAN_POINT('',(3.565297871436E1,3.395270504460E0,-1.023697754262E1));
#3919=CARTESIAN_POINT('',(3.564551115324E1,3.352951300516E0,-1.023751676059E1));
#3920=CARTESIAN_POINT('',(3.553319576360E1,4.693817255151E0,-8.905871416171E0));
#3921=CARTESIAN_POINT('',(3.554096169039E1,4.695364926716E0,-9.049269396162E0));
#3922=CARTESIAN_POINT('',(3.555193620372E1,4.681218919114E0,-9.306369385224E0));
#3923=CARTESIAN_POINT('',(3.555694976759E1,4.611664272842E0,-9.634135592387E0));
#3924=CARTESIAN_POINT('',(3.554360949863E1,4.446630753153E0,-9.929585725939E0));
#3925=CARTESIAN_POINT('',(3.550219542752E1,4.151456055419E0,-1.014073150125E1));
#3926=CARTESIAN_POINT('',(3.545318639770E1,3.847669481047E0,-1.023400853135E1));
#3927=CARTESIAN_POINT('',(3.541225689012E1,3.609134948700E0,-1.026651961648E1));
#3928=CARTESIAN_POINT('',(3.538884174898E1,3.475941643374E0,-1.027151540180E1));
#3929=CARTESIAN_POINT('',(3.537558827684E1,3.401392931174E0,-1.027301738050E1));
#3930=CARTESIAN_POINT('',(3.536777643741E1,3.357721254688E0,-1.027316835878E1));
#3931=CARTESIAN_POINT('',(3.551261094141E1,4.697405380602E0,-8.903331217263E0));
#3932=CARTESIAN_POINT('',(3.550066836076E1,4.702639363627E0,-9.049872890843E0));
#3933=CARTESIAN_POINT('',(3.547600400507E1,4.693894936013E0,-9.313049616445E0));
#3934=CARTESIAN_POINT('',(3.543462384861E1,4.627504789563E0,-9.650289891259E0));
#3935=CARTESIAN_POINT('',(3.537818353512E1,4.458570142595E0,-9.950457747418E0));
#3936=CARTESIAN_POINT('',(3.530837241768E1,4.166475877044E0,-1.015305914908E1));
#3937=CARTESIAN_POINT('',(3.524629427229E1,3.861208144340E0,-1.024319516647E1));
#3938=CARTESIAN_POINT('',(3.520128977636E1,3.618662826442E0,-1.026451150099E1));
#3939=CARTESIAN_POINT('',(3.517702299680E1,3.482500520649E0,-1.026553254230E1));
#3940=CARTESIAN_POINT('',(3.516367493579E1,3.406092088070E0,-1.026269449559E1));
#3941=CARTESIAN_POINT('',(3.515593008784E1,3.361268017043E0,-1.026000909858E1));
#3942=CARTESIAN_POINT('',(3.549782156886E1,4.699942530313E0,-8.898974525321E0));
#3943=CARTESIAN_POINT('',(3.547338440054E1,4.707738644656E0,-9.048384630741E0));
#3944=CARTESIAN_POINT('',(3.542592739451E1,4.701513570266E0,-9.313986996221E0));
#3945=CARTESIAN_POINT('',(3.535431343672E1,4.631905613739E0,-9.646421700186E0));
#3946=CARTESIAN_POINT('',(3.526792603286E1,4.448980337639E0,-9.919170623240E0));
#3947=CARTESIAN_POINT('',(3.517989460446E1,4.167703123376E0,-1.008666059047E1));
#3948=CARTESIAN_POINT('',(3.510779400772E1,3.867662216629E0,-1.019027290479E1));
#3949=CARTESIAN_POINT('',(3.505751616952E1,3.624627351593E0,-1.022067281433E1));
#3950=CARTESIAN_POINT('',(3.503083681364E1,3.486973926388E0,-1.023673561112E1));
#3951=CARTESIAN_POINT('',(3.501626980898E1,3.409400853996E0,-1.023873767984E1));
#3952=CARTESIAN_POINT('',(3.500785475453E1,3.363789593109E0,-1.023862052572E1));
#3953=CARTESIAN_POINT('',(3.548721799675E1,4.701825907400E0,-8.896012129059E0));
#3954=CARTESIAN_POINT('',(3.544883437077E1,4.712011625304E0,-9.042572804323E0));
#3955=CARTESIAN_POINT('',(3.537645232982E1,4.710471486510E0,-9.307675353452E0));
#3956=CARTESIAN_POINT('',(3.527323384636E1,4.648106360127E0,-9.653814032647E0));
#3957=CARTESIAN_POINT('',(3.516005945147E1,4.473456239997E0,-9.962074732865E0));
#3958=CARTESIAN_POINT('',(3.505510692188E1,4.185905740551E0,-1.015249762588E1));
#3959=CARTESIAN_POINT('',(3.497925655944E1,3.878916856444E0,-1.023218282339E1));
#3960=CARTESIAN_POINT('',(3.493209623977E1,3.631060390201E0,-1.022944544452E1));
#3961=CARTESIAN_POINT('',(3.490862586489E1,3.490916214891E0,-1.021933341878E1));
#3962=CARTESIAN_POINT('',(3.489626051399E1,3.412003301209E0,-1.020701642998E1));
#3963=CARTESIAN_POINT('',(3.488926332845E1,3.365624378858E0,-1.019828193504E1));
#3964=B_SPLINE_SURFACE_WITH_KNOTS('',5,5,((#3821,#3822,#3823,#3824,#3825,#3826,
#3827,#3828,#3829,#3830,#3831),(#3832,#3833,#3834,#3835,#3836,#3837,#3838,#3839,
#3840,#3841,#3842),(#3843,#3844,#3845,#3846,#3847,#3848,#3849,#3850,#3851,#3852,
#3853),(#3854,#3855,#3856,#3857,#3858,#3859,#3860,#3861,#3862,#3863,#3864),(
#3865,#3866,#3867,#3868,#3869,#3870,#3871,#3872,#3873,#3874,#3875),(#3876,#3877,
#3878,#3879,#3880,#3881,#3882,#3883,#3884,#3885,#3886),(#3887,#3888,#3889,#3890,
#3891,#3892,#3893,#3894,#3895,#3896,#3897),(#3898,#3899,#3900,#3901,#3902,#3903,
#3904,#3905,#3906,#3907,#3908),(#3909,#3910,#3911,#3912,#3913,#3914,#3915,#3916,
#3917,#3918,#3919),(#3920,#3921,#3922,#3923,#3924,#3925,#3926,#3927,#3928,#3929,
#3930),(#3931,#3932,#3933,#3934,#3935,#3936,#3937,#3938,#3939,#3940,#3941),(
#3942,#3943,#3944,#3945,#3946,#3947,#3948,#3949,#3950,#3951,#3952),(#3953,#3954,
#3955,#3956,#3957,#3958,#3959,#3960,#3961,#3962,#3963)),.UNSPECIFIED.,.F.,.F.,
.F.,(6,1,1,1,1,1,1,1,6),(6,1,1,1,1,1,6),(-1.773987879094E-1,1.46022289E-1,
2.91369687E-1,4.3694907E-1,5.82351785E-1,7.18685094E-1,8.54317807E-1,
9.27158904E-1,1.167583405715E0),(-2.134179044110E-2,2.5E-1,5.E-1,7.5E-1,8.75E-1,
9.375E-1,1.021807305743E0),.UNSPECIFIED.);
#3965=ORIENTED_EDGE('',*,*,#3745,.T.);
#3966=ORIENTED_EDGE('',*,*,#3768,.T.);
#3967=ORIENTED_EDGE('',*,*,#3812,.F.);
#3969=ORIENTED_EDGE('',*,*,#3968,.F.);
#3970=EDGE_LOOP('',(#3965,#3966,#3967,#3969));
#3971=FACE_OUTER_BOUND('',#3970,.F.);
#3973=CARTESIAN_POINT('',(3.567039314290E1,4.669493346733E0,-3.699568846710E0));
#3974=CARTESIAN_POINT('',(3.644254715588E1,4.552792193195E0,-3.699568846710E0));
#3975=CARTESIAN_POINT('',(3.681884099679E1,4.103924915276E0,-3.699568846710E0));
#3976=CARTESIAN_POINT('',(3.679927466564E1,3.322891512978E0,-3.699568846710E0));
#3978=DIRECTION('',(0.E0,0.E0,-1.E0));
#3979=VECTOR('',#3978,1.E0);
#3980=SURFACE_OF_LINEAR_EXTRUSION('',#3977,#3979);
#3981=ORIENTED_EDGE('',*,*,#3747,.T.);
#3982=ORIENTED_EDGE('',*,*,#3968,.T.);
#3984=ORIENTED_EDGE('',*,*,#3983,.F.);
#3986=ORIENTED_EDGE('',*,*,#3985,.F.);
#3987=EDGE_LOOP('',(#3981,#3982,#3984,#3986));
#3988=FACE_OUTER_BOUND('',#3987,.F.);
#3990=CARTESIAN_POINT('',(3.68E1,0.E0,0.E0));
#3991=DIRECTION('',(1.E0,0.E0,0.E0));
#3992=DIRECTION('',(0.E0,0.E0,-1.E0));
#3993=AXIS2_PLACEMENT_3D('',#3990,#3991,#3992);
#3994=PLANE('',#3993);
#3995=ORIENTED_EDGE('',*,*,#3983,.T.);
#3996=ORIENTED_EDGE('',*,*,#3816,.F.);
#3997=ORIENTED_EDGE('',*,*,#3802,.F.);
#3999=ORIENTED_EDGE('',*,*,#3998,.F.);
#4000=EDGE_LOOP('',(#3995,#3996,#3997,#3999));
#4001=FACE_OUTER_BOUND('',#4000,.F.);
#4003=CARTESIAN_POINT('',(3.53E1,1.336088E1,-3.76E0));
#4004=DIRECTION('',(0.E0,-1.E0,0.E0));
#4005=DIRECTION('',(1.E0,0.E0,0.E0));
#4006=AXIS2_PLACEMENT_3D('',#4003,#4004,#4005);
#4007=CYLINDRICAL_SURFACE('',#4006,1.5E0);
#4009=ORIENTED_EDGE('',*,*,#4008,.T.);
#4010=ORIENTED_EDGE('',*,*,#3998,.T.);
#4011=ORIENTED_EDGE('',*,*,#3800,.T.);
#4013=ORIENTED_EDGE('',*,*,#4012,.F.);
#4014=EDGE_LOOP('',(#4009,#4010,#4011,#4013));
#4015=FACE_OUTER_BOUND('',#4014,.F.);
#4017=CARTESIAN_POINT('',(3.548670640069E1,4.701915484700E0,-3.624116920021E0));
#4018=CARTESIAN_POINT('',(3.544753569669E1,4.712243199857E0,-3.477789751666E0));
#4019=CARTESIAN_POINT('',(3.537374958467E1,4.710937198684E0,-3.212807274413E0));
#4020=CARTESIAN_POINT('',(3.526875947432E1,4.648808268983E0,-2.865876832378E0));
#4021=CARTESIAN_POINT('',(3.515408396224E1,4.474246705623E0,-2.555672229308E0));
#4022=CARTESIAN_POINT('',(3.504836896611E1,4.186638555970E0,-2.364243339299E0));
#4023=CARTESIAN_POINT('',(3.497248402134E1,3.879460756375E0,-2.285518367475E0));
#4024=CARTESIAN_POINT('',(3.492561040592E1,3.631397798685E0,-2.290126576855E0));
#4025=CARTESIAN_POINT('',(3.490237471967E1,3.491124293497E0,-2.301548954950E0));
#4026=CARTESIAN_POINT('',(3.489016104542E1,3.412135180363E0,-2.314685266052E0));
#4027=CARTESIAN_POINT('',(3.488325917564E1,3.365710406062E0,-2.323925131777E0));
#4028=CARTESIAN_POINT('',(3.549733532960E1,4.700026622408E0,-3.621178594820E0));
#4029=CARTESIAN_POINT('',(3.547250575160E1,4.707900291702E0,-3.471652548770E0));
#4030=CARTESIAN_POINT('',(3.542433350067E1,4.701766401153E0,-3.205944481042E0));
#4031=CARTESIAN_POINT('',(3.535177224649E1,4.632126372266E0,-2.873681698474E0));
#4032=CARTESIAN_POINT('',(3.526445605262E1,4.448916133892E0,-2.601790315345E0));
#4033=CARTESIAN_POINT('',(3.517580042283E1,4.167861770345E0,-2.435288750814E0));
#4034=CARTESIAN_POINT('',(3.510333766457E1,3.867902137284E0,-2.331405747452E0));
#4035=CARTESIAN_POINT('',(3.505286723438E1,3.624823824997E0,-2.300705776579E0));
#4036=CARTESIAN_POINT('',(3.502610008046E1,3.487117960371E0,-2.284231243461E0));
#4037=CARTESIAN_POINT('',(3.501148901272E1,3.409507910823E0,-2.282066901084E0));
#4038=CARTESIAN_POINT('',(3.500304980686E1,3.363872561611E0,-2.282092042556E0));
#4039=CARTESIAN_POINT('',(3.551223301888E1,4.697470896828E0,-3.616718339348E0));
#4040=CARTESIAN_POINT('',(3.549991763695E1,4.702776317442E0,-3.470129263203E0));
#4041=CARTESIAN_POINT('',(3.547457930701E1,4.694126903626E0,-3.206860761717E0));
#4042=CARTESIAN_POINT('',(3.543232250982E1,4.627755681988E0,-2.869472283989E0));
#4043=CARTESIAN_POINT('',(3.537506431628E1,4.458657282447E0,-2.569307866451E0));
#4044=CARTESIAN_POINT('',(3.530474950152E1,4.166691255499E0,-2.366991745489E0));
#4045=CARTESIAN_POINT('',(3.524245070665E1,3.861443765529E0,-2.276811042967E0));
#4046=CARTESIAN_POINT('',(3.519738176347E1,3.618838362213E0,-2.255661806381E0));
#4047=CARTESIAN_POINT('',(3.517310358071E1,3.482622723426E0,-2.254642007454E0));
#4048=CARTESIAN_POINT('',(3.515975564861E1,3.406179075613E0,-2.257543110734E0));
#4049=CARTESIAN_POINT('',(3.515201297547E1,3.361332669309E0,-2.260273173124E0));
#4050=CARTESIAN_POINT('',(3.553329485096E1,4.693800698920E0,-3.614069593700E0));
#4051=CARTESIAN_POINT('',(3.554117734948E1,4.695323161899E0,-3.470649200155E0));
#4052=CARTESIAN_POINT('',(3.555236455747E1,4.681159085815E0,-3.213524550295E0));
#4053=CARTESIAN_POINT('',(3.555766054685E1,4.611665609164E0,-2.885784938799E0));
#4054=CARTESIAN_POINT('',(3.554459820437E1,4.446830553597E0,-2.590271087626E0));
#4055=CARTESIAN_POINT('',(3.550329503508E1,4.151499878329E0,-2.378850176997E0));
#4056=CARTESIAN_POINT('',(3.545430236385E1,3.847627971244E0,-2.285648670236E0));
#4057=CARTESIAN_POINT('',(3.541335604457E1,3.609087043921E0,-2.253005403794E0));
#4058=CARTESIAN_POINT('',(3.538992535865E1,3.475906312713E0,-2.248027385249E0));
#4059=CARTESIAN_POINT('',(3.537666168562E1,3.401369009898E0,-2.246474496134E0));
#4060=CARTESIAN_POINT('',(3.536884336637E1,3.357705407416E0,-2.246286220845E0));
#4061=CARTESIAN_POINT('',(3.556132106372E1,4.688840803631E0,-3.616261884839E0));
#4062=CARTESIAN_POINT('',(3.559523537039E1,4.685865214193E0,-3.480355362814E0));
#4063=CARTESIAN_POINT('',(3.565305438547E1,4.663095320346E0,-3.235651153288E0));
#4064=CARTESIAN_POINT('',(3.571773119579E1,4.580903419864E0,-2.920102171316E0));
#4065=CARTESIAN_POINT('',(3.575692352837E1,4.402408218024E0,-2.636703290260E0));
#4066=CARTESIAN_POINT('',(3.575635141282E1,4.117682878717E0,-2.437762394313E0));
#4067=CARTESIAN_POINT('',(3.572891081246E1,3.825855795917E0,-2.333874363319E0));
#4068=CARTESIAN_POINT('',(3.569634621378E1,3.595865021044E0,-2.298391759166E0));
#4069=CARTESIAN_POINT('',(3.567556785640E1,3.467158297116E0,-2.286884785444E0));
#4070=CARTESIAN_POINT('',(3.566322896086E1,3.395044205617E0,-2.284241272769E0));
#4071=CARTESIAN_POINT('',(3.565577544168E1,3.352774476876E0,-2.283688004258E0));
#4072=CARTESIAN_POINT('',(3.559503661444E1,4.682940280926E0,-3.626852522770E0));
#4073=CARTESIAN_POINT('',(3.565566387750E1,4.675028525556E0,-3.507718540907E0));
#4074=CARTESIAN_POINT('',(3.576215631298E1,4.644620855374E0,-3.292863461750E0));
#4075=CARTESIAN_POINT('',(3.589130568576E1,4.556416322755E0,-3.014974394117E0));
#4076=CARTESIAN_POINT('',(3.599256756404E1,4.379441000040E0,-2.759362825338E0));
#4077=CARTESIAN_POINT('',(3.603925267846E1,4.093485135784E0,-2.569309376008E0));
#4078=CARTESIAN_POINT('',(3.603911218339E1,3.805703180266E0,-2.471338964258E0));
#4079=CARTESIAN_POINT('',(3.601973438722E1,3.581814088968E0,-2.430764721219E0));
#4080=CARTESIAN_POINT('',(3.600441436908E1,3.457249801987E0,-2.417662160896E0));
#4081=CARTESIAN_POINT('',(3.599461648089E1,3.387653839467E0,-2.412259011258E0));
#4082=CARTESIAN_POINT('',(3.598848726249E1,3.346922752114E0,-2.409800938767E0));
#4083=CARTESIAN_POINT('',(3.562167981981E1,4.678250877052E0,-3.642091901854E0));
#4084=CARTESIAN_POINT('',(3.570237375200E1,4.666757515172E0,-3.540335521240E0));
#4085=CARTESIAN_POINT('',(3.584538274926E1,4.630092780191E0,-3.356325859496E0));
#4086=CARTESIAN_POINT('',(3.602276424238E1,4.534388401713E0,-3.116730117964E0));
#4087=CARTESIAN_POINT('',(3.617010423321E1,4.351979554344E0,-2.895157962E0));
#4088=CARTESIAN_POINT('',(3.625507865916E1,4.070258887406E0,-2.728949313218E0));
#4089=CARTESIAN_POINT('',(3.627842729962E1,3.789039602265E0,-2.637151459341E0));
#4090=CARTESIAN_POINT('',(3.627106240948E1,3.570862806257E0,-2.597891967856E0));
#4091=CARTESIAN_POINT('',(3.626094191718E1,3.449598143884E0,-2.583105359044E0));
#4092=CARTESIAN_POINT('',(3.625364194819E1,3.381879311239E0,-2.577099014117E0));
#4093=CARTESIAN_POINT('',(3.624884511274E1,3.342257509739E0,-2.574257294518E0));
#4094=CARTESIAN_POINT('',(3.564656275877E1,4.673883789230E0,-3.665268883740E0));
#4095=CARTESIAN_POINT('',(3.574448740778E1,4.659248218114E0,-3.586325725409E0));
#4096=CARTESIAN_POINT('',(3.591911274416E1,4.617443613393E0,-3.443335677829E0));
#4097=CARTESIAN_POINT('',(3.613904230148E1,4.516693062553E0,-3.256487813905E0));
#4098=CARTESIAN_POINT('',(3.632844926523E1,4.332708919082E0,-3.081551715582E0));
#4099=CARTESIAN_POINT('',(3.644869942019E1,4.052111755075E0,-2.946806904370E0));
#4100=CARTESIAN_POINT('',(3.649481042577E1,3.774888504983E0,-2.871402147874E0));
#4101=CARTESIAN_POINT('',(3.649998662298E1,3.561132792019E0,-2.836867457484E0));
#4102=CARTESIAN_POINT('',(3.649562920190E1,3.442645584047E0,-2.823556340431E0));
#4103=CARTESIAN_POINT('',(3.649121785459E1,3.376564748078E0,-2.817596440345E0));
#4104=CARTESIAN_POINT('',(3.648800590511E1,3.337929129419E0,-2.814598075928E0));
#4105=CARTESIAN_POINT('',(3.567035998469E1,4.669702472205E0,-3.701003373669E0));
#4106=CARTESIAN_POINT('',(3.578372143023E1,4.652269825853E0,-3.653459280930E0));
#4107=CARTESIAN_POINT('',(3.598675697630E1,4.605770441858E0,-3.567144956556E0));
#4108=CARTESIAN_POINT('',(3.624515026939E1,4.500003164687E0,-3.453738881144E0));
#4109=CARTESIAN_POINT('',(3.647347368201E1,4.313534986072E0,-3.346774983358E0));
#4110=CARTESIAN_POINT('',(3.662820558110E1,4.035073645386E0,-3.263252383406E0));
#4111=CARTESIAN_POINT('',(3.669712312695E1,3.761975962597E0,-3.214526909706E0));
#4112=CARTESIAN_POINT('',(3.671517655300E1,3.552247758480E0,-3.191496623665E0));
#4113=CARTESIAN_POINT('',(3.671683726047E1,3.436196372808E0,-3.182015777808E0));
#4114=CARTESIAN_POINT('',(3.671547627360E1,3.371531154274E0,-3.177737695359E0));
#4115=CARTESIAN_POINT('',(3.671394991397E1,3.333741256141E0,-3.175543727386E0));
#4116=CARTESIAN_POINT('',(3.568025914542E1,4.667960915261E0,-3.735932083702E0));
#4117=CARTESIAN_POINT('',(3.580034584740E1,4.649322433654E0,-3.716814536112E0));
#4118=CARTESIAN_POINT('',(3.601575355118E1,4.600725021230E0,-3.682092066364E0));
#4119=CARTESIAN_POINT('',(3.629094442322E1,4.492472109674E0,-3.636439228153E0));
#4120=CARTESIAN_POINT('',(3.653515832567E1,4.304230620685E0,-3.593047672990E0));
#4121=CARTESIAN_POINT('',(3.670298941761E1,4.026512492341E0,-3.558606566148E0));
#4122=CARTESIAN_POINT('',(3.678131473629E1,3.755664228651E0,-3.538696583811E0));
#4123=CARTESIAN_POINT('',(3.680509760363E1,3.548116657751E0,-3.528938205035E0));
#4124=CARTESIAN_POINT('',(3.680956673208E1,3.433363268929E0,-3.524988565805E0));
#4125=CARTESIAN_POINT('',(3.680966732755E1,3.369442522020E0,-3.523105555532E0));
#4126=CARTESIAN_POINT('',(3.680896264918E1,3.332095054438E0,-3.522117872631E0));
#4127=CARTESIAN_POINT('',(3.568160859549E1,4.667732854655E0,-3.765457761545E0));
#4128=CARTESIAN_POINT('',(3.580097191055E1,4.649171651102E0,-3.769715437727E0));
#4129=CARTESIAN_POINT('',(3.601521881473E1,4.600989580494E0,-3.777455068287E0));
#4130=CARTESIAN_POINT('',(3.628921225661E1,4.494123844797E0,-3.787646074923E0));
#4131=CARTESIAN_POINT('',(3.653543882367E1,4.308614743127E0,-3.797451693630E0));
#4132=CARTESIAN_POINT('',(3.670773111495E1,4.030278661734E0,-3.805427072470E0));
#4133=CARTESIAN_POINT('',(3.678817148510E1,3.757667830188E0,-3.809994710697E0));
#4134=CARTESIAN_POINT('',(3.681277655470E1,3.548841849456E0,-3.812355535262E0));
#4135=CARTESIAN_POINT('',(3.681752339386E1,3.433446896047E0,-3.813292589437E0));
#4136=CARTESIAN_POINT('',(3.681774015436E1,3.369196008494E0,-3.813772414575E0));
#4137=CARTESIAN_POINT('',(3.681708956621E1,3.331662935214E0,-3.814031102917E0));
#4138=CARTESIAN_POINT('',(3.567713362560E1,4.668502563271E0,-3.787046383473E0));
#4139=CARTESIAN_POINT('',(3.579639061633E1,4.650058523478E0,-3.808885335489E0));
#4140=CARTESIAN_POINT('',(3.601013144555E1,4.601553425850E0,-3.848523146084E0));
#4141=CARTESIAN_POINT('',(3.628274045599E1,4.492625576397E0,-3.900572765250E0));
#4142=CARTESIAN_POINT('',(3.652201146800E1,4.302381516437E0,-3.949601944315E0));
#4143=CARTESIAN_POINT('',(3.668365016269E1,4.025180286599E0,-3.987798055935E0));
#4144=CARTESIAN_POINT('',(3.675837919943E1,3.755368248012E0,-4.010003618387E0));
#4145=CARTESIAN_POINT('',(3.678032589210E1,3.548405978999E0,-4.020438677633E0));
#4146=CARTESIAN_POINT('',(3.678398904946E1,3.433890187821E0,-4.024717092472E0));
#4147=CARTESIAN_POINT('',(3.678369099341E1,3.370071753474E0,-4.026638045611E0));
#4148=CARTESIAN_POINT('',(3.678277052273E1,3.332775443075E0,-4.027619865419E0));
#4149=CARTESIAN_POINT('',(3.567288321265E1,4.669254243369E0,-3.803912596602E0));
#4150=CARTESIAN_POINT('',(3.578852050220E1,4.651437170582E0,-3.838729567929E0));
#4151=CARTESIAN_POINT('',(3.599568281864E1,4.604139424754E0,-3.901979157126E0));
#4152=CARTESIAN_POINT('',(3.625955070924E1,4.497013341334E0,-3.985187411004E0));
#4153=CARTESIAN_POINT('',(3.649184983933E1,4.308775835336E0,-4.064187140442E0));
#4154=CARTESIAN_POINT('',(3.664890414035E1,4.030908083961E0,-4.126734033204E0));
#4155=CARTESIAN_POINT('',(3.671998762368E1,3.759261102520E0,-4.163175590359E0));
#4156=CARTESIAN_POINT('',(3.673957710239E1,3.550711909467E0,-4.180926414137E0));
#4157=CARTESIAN_POINT('',(3.674204972257E1,3.435303015462E0,-4.188202033806E0));
#4158=CARTESIAN_POINT('',(3.674112542002E1,3.370988291907E0,-4.191621077314E0));
#4159=CARTESIAN_POINT('',(3.673984999418E1,3.333401553138E0,-4.193407225370E0));
#4160=B_SPLINE_SURFACE_WITH_KNOTS('',5,5,((#4017,#4018,#4019,#4020,#4021,#4022,
#4023,#4024,#4025,#4026,#4027),(#4028,#4029,#4030,#4031,#4032,#4033,#4034,#4035,
#4036,#4037,#4038),(#4039,#4040,#4041,#4042,#4043,#4044,#4045,#4046,#4047,#4048,
#4049),(#4050,#4051,#4052,#4053,#4054,#4055,#4056,#4057,#4058,#4059,#4060),(
#4061,#4062,#4063,#4064,#4065,#4066,#4067,#4068,#4069,#4070,#4071),(#4072,#4073,
#4074,#4075,#4076,#4077,#4078,#4079,#4080,#4081,#4082),(#4083,#4084,#4085,#4086,
#4087,#4088,#4089,#4090,#4091,#4092,#4093),(#4094,#4095,#4096,#4097,#4098,#4099,
#4100,#4101,#4102,#4103,#4104),(#4105,#4106,#4107,#4108,#4109,#4110,#4111,#4112,
#4113,#4114,#4115),(#4116,#4117,#4118,#4119,#4120,#4121,#4122,#4123,#4124,#4125,
#4126),(#4127,#4128,#4129,#4130,#4131,#4132,#4133,#4134,#4135,#4136,#4137),(
#4138,#4139,#4140,#4141,#4142,#4143,#4144,#4145,#4146,#4147,#4148),(#4149,#4150,
#4151,#4152,#4153,#4154,#4155,#4156,#4157,#4158,#4159)),.UNSPECIFIED.,.F.,.F.,
.F.,(6,1,1,1,1,1,1,1,6),(6,1,1,1,1,1,6),(-1.701146810826E-1,7.2579847E-2,
1.45159693E-1,2.89572011E-1,4.342033E-1,5.78358178E-1,7.16119677E-1,
8.54403375E-1,1.179109430330E0),(-2.134179044110E-2,2.5E-1,5.E-1,7.5E-1,8.75E-1,
9.375E-1,1.021807305743E0),.UNSPECIFIED.);
#4161=ORIENTED_EDGE('',*,*,#3749,.T.);
#4162=ORIENTED_EDGE('',*,*,#3985,.T.);
#4163=ORIENTED_EDGE('',*,*,#4008,.F.);
#4164=ORIENTED_EDGE('',*,*,#3730,.F.);
#4165=EDGE_LOOP('',(#4161,#4162,#4163,#4164));
#4166=FACE_OUTER_BOUND('',#4165,.F.);
#4168=CARTESIAN_POINT('',(0.E0,5.E0,-2.26E0));
#4169=DIRECTION('',(0.E0,0.E0,1.E0));
#4170=DIRECTION('',(0.E0,-1.E0,0.E0));
#4171=AXIS2_PLACEMENT_3D('',#4168,#4169,#4170);
#4172=PLANE('',#4171);
#4173=ORIENTED_EDGE('',*,*,#3732,.T.);
#4174=ORIENTED_EDGE('',*,*,#4012,.T.);
#4175=ORIENTED_EDGE('',*,*,#3798,.F.);
#4176=ORIENTED_EDGE('',*,*,#3687,.F.);
#4177=EDGE_LOOP('',(#4173,#4174,#4175,#4176));
#4178=FACE_OUTER_BOUND('',#4177,.F.);
#4180=CARTESIAN_POINT('',(3.38E1,0.E0,0.E0));
#4181=DIRECTION('',(1.E0,0.E0,0.E0));
#4182=DIRECTION('',(0.E0,1.E0,0.E0));
#4183=AXIS2_PLACEMENT_3D('',#4180,#4181,#4182);
#4184=PLANE('',#4183);
#4185=ORIENTED_EDGE('',*,*,#3532,.F.);
#4187=ORIENTED_EDGE('',*,*,#4186,.T.);
#4189=ORIENTED_EDGE('',*,*,#4188,.T.);
#4191=ORIENTED_EDGE('',*,*,#4190,.F.);
#4193=ORIENTED_EDGE('',*,*,#4192,.F.);
#4194=ORIENTED_EDGE('',*,*,#3696,.F.);
#4195=EDGE_LOOP('',(#4185,#4187,#4189,#4191,#4193,#4194));
#4196=FACE_OUTER_BOUND('',#4195,.F.);
#4198=ORIENTED_EDGE('',*,*,#4197,.T.);
#4200=ORIENTED_EDGE('',*,*,#4199,.F.);
#4202=ORIENTED_EDGE('',*,*,#4201,.T.);
#4204=ORIENTED_EDGE('',*,*,#4203,.F.);
#4206=ORIENTED_EDGE('',*,*,#4205,.T.);
#4208=ORIENTED_EDGE('',*,*,#4207,.F.);
#4210=ORIENTED_EDGE('',*,*,#4209,.T.);
#4212=ORIENTED_EDGE('',*,*,#4211,.F.);
#4213=EDGE_LOOP('',(#4198,#4200,#4202,#4204,#4206,#4208,#4210,#4212));
#4214=FACE_BOUND('',#4213,.F.);
#4216=CARTESIAN_POINT('',(0.E0,0.E0,0.E0));
#4217=DIRECTION('',(0.E0,1.E0,0.E0));
#4218=DIRECTION('',(-1.E0,0.E0,0.E0));
#4219=AXIS2_PLACEMENT_3D('',#4216,#4217,#4218);
#4220=PLANE('',#4219);
#4222=ORIENTED_EDGE('',*,*,#4221,.T.);
#4224=ORIENTED_EDGE('',*,*,#4223,.F.);
#4226=ORIENTED_EDGE('',*,*,#4225,.T.);
#4228=ORIENTED_EDGE('',*,*,#4227,.F.);
#4230=ORIENTED_EDGE('',*,*,#4229,.T.);
#4232=ORIENTED_EDGE('',*,*,#4231,.T.);
#4234=ORIENTED_EDGE('',*,*,#4233,.T.);
#4236=ORIENTED_EDGE('',*,*,#4235,.T.);
#4238=ORIENTED_EDGE('',*,*,#4237,.T.);
#4240=ORIENTED_EDGE('',*,*,#4239,.F.);
#4242=ORIENTED_EDGE('',*,*,#4241,.F.);
#4243=ORIENTED_EDGE('',*,*,#4186,.F.);
#4244=ORIENTED_EDGE('',*,*,#3530,.F.);
#4245=ORIENTED_EDGE('',*,*,#3551,.F.);
#4246=EDGE_LOOP('',(#4222,#4224,#4226,#4228,#4230,#4232,#4234,#4236,#4238,#4240,
#4242,#4243,#4244,#4245));
#4247=FACE_OUTER_BOUND('',#4246,.F.);
#4249=CARTESIAN_POINT('',(0.E0,0.E0,0.E0));
#4250=DIRECTION('',(1.E0,0.E0,0.E0));
#4251=DIRECTION('',(0.E0,0.E0,-1.E0));
#4252=AXIS2_PLACEMENT_3D('',#4249,#4250,#4251);
#4253=PLANE('',#4252);
#4254=ORIENTED_EDGE('',*,*,#3549,.F.);
#4255=ORIENTED_EDGE('',*,*,#3585,.F.);
#4257=ORIENTED_EDGE('',*,*,#4256,.F.);
#4258=ORIENTED_EDGE('',*,*,#3652,.F.);
#4260=ORIENTED_EDGE('',*,*,#4259,.F.);
#4261=ORIENTED_EDGE('',*,*,#4221,.F.);
#4262=EDGE_LOOP('',(#4254,#4255,#4257,#4258,#4260,#4261));
#4263=FACE_OUTER_BOUND('',#4262,.F.);
#4265=CARTESIAN_POINT('',(0.E0,2.E0,0.E0));
#4266=DIRECTION('',(9.659258262891E-1,-2.588190451025E-1,0.E0));
#4267=DIRECTION('',(0.E0,0.E0,1.E0));
#4268=AXIS2_PLACEMENT_3D('',#4265,#4266,#4267);
#4269=PLANE('',#4268);
#4270=ORIENTED_EDGE('',*,*,#3654,.F.);
#4271=ORIENTED_EDGE('',*,*,#4256,.T.);
#4272=ORIENTED_EDGE('',*,*,#3583,.F.);
#4273=ORIENTED_EDGE('',*,*,#3631,.T.);
#4275=ORIENTED_EDGE('',*,*,#4274,.T.);
#4277=ORIENTED_EDGE('',*,*,#4276,.F.);
#4279=ORIENTED_EDGE('',*,*,#4278,.T.);
#4280=ORIENTED_EDGE('',*,*,#3599,.T.);
#4281=EDGE_LOOP('',(#4270,#4271,#4272,#4273,#4275,#4277,#4279,#4280));
#4282=FACE_OUTER_BOUND('',#4281,.F.);
#4284=CARTESIAN_POINT('',(0.E0,5.8E0,-7.51E0));
#4285=DIRECTION('',(0.E0,-3.451354887837E-1,-9.385528724489E-1));
#4286=DIRECTION('',(0.E0,-9.385528724489E-1,3.451354887837E-1));
#4287=AXIS2_PLACEMENT_3D('',#4284,#4285,#4286);
#4288=PLANE('',#4287);
#4290=ORIENTED_EDGE('',*,*,#4289,.F.);
#4292=ORIENTED_EDGE('',*,*,#4291,.F.);
#4293=ORIENTED_EDGE('',*,*,#4274,.F.);
#4294=ORIENTED_EDGE('',*,*,#3629,.T.);
#4295=EDGE_LOOP('',(#4290,#4292,#4293,#4294));
#4296=FACE_OUTER_BOUND('',#4295,.F.);
#4298=CARTESIAN_POINT('',(0.E0,5.8E0,-7.51E0));
#4299=DIRECTION('',(0.E0,-3.451354887837E-1,-9.385528724489E-1));
#4300=DIRECTION('',(0.E0,-9.385528724489E-1,3.451354887837E-1));
#4301=AXIS2_PLACEMENT_3D('',#4298,#4299,#4300);
#4302=PLANE('',#4301);
#4304=ORIENTED_EDGE('',*,*,#4303,.F.);
#4306=ORIENTED_EDGE('',*,*,#4305,.F.);
#4308=ORIENTED_EDGE('',*,*,#4307,.F.);
#4309=ORIENTED_EDGE('',*,*,#3627,.T.);
#4310=EDGE_LOOP('',(#4304,#4306,#4308,#4309));
#4311=FACE_OUTER_BOUND('',#4310,.F.);
#4313=CARTESIAN_POINT('',(0.E0,5.8E0,-7.51E0));
#4314=DIRECTION('',(0.E0,-3.451354887837E-1,-9.385528724489E-1));
#4315=DIRECTION('',(0.E0,-9.385528724489E-1,3.451354887837E-1));
#4316=AXIS2_PLACEMENT_3D('',#4313,#4314,#4315);
#4317=PLANE('',#4316);
#4319=ORIENTED_EDGE('',*,*,#4318,.F.);
#4321=ORIENTED_EDGE('',*,*,#4320,.F.);
#4323=ORIENTED_EDGE('',*,*,#4322,.F.);
#4324=ORIENTED_EDGE('',*,*,#3625,.T.);
#4325=EDGE_LOOP('',(#4319,#4321,#4323,#4324));
#4326=FACE_OUTER_BOUND('',#4325,.F.);
#4328=CARTESIAN_POINT('',(0.E0,5.8E0,-7.51E0));
#4329=DIRECTION('',(0.E0,-3.451354887837E-1,-9.385528724489E-1));
#4330=DIRECTION('',(0.E0,-9.385528724489E-1,3.451354887837E-1));
#4331=AXIS2_PLACEMENT_3D('',#4328,#4329,#4330);
#4332=PLANE('',#4331);
#4334=ORIENTED_EDGE('',*,*,#4333,.F.);
#4336=ORIENTED_EDGE('',*,*,#4335,.F.);
#4338=ORIENTED_EDGE('',*,*,#4337,.F.);
#4339=ORIENTED_EDGE('',*,*,#3623,.T.);
#4340=EDGE_LOOP('',(#4334,#4336,#4338,#4339));
#4341=FACE_OUTER_BOUND('',#4340,.F.);
#4343=CARTESIAN_POINT('',(0.E0,5.8E0,-7.51E0));
#4344=DIRECTION('',(0.E0,-3.451354887837E-1,-9.385528724489E-1));
#4345=DIRECTION('',(0.E0,-9.385528724489E-1,3.451354887837E-1));
#4346=AXIS2_PLACEMENT_3D('',#4343,#4344,#4345);
#4347=PLANE('',#4346);
#4349=ORIENTED_EDGE('',*,*,#4348,.F.);
#4351=ORIENTED_EDGE('',*,*,#4350,.F.);
#4353=ORIENTED_EDGE('',*,*,#4352,.F.);
#4354=ORIENTED_EDGE('',*,*,#3621,.T.);
#4355=EDGE_LOOP('',(#4349,#4351,#4353,#4354));
#4356=FACE_OUTER_BOUND('',#4355,.F.);
#4358=CARTESIAN_POINT('',(0.E0,5.8E0,-7.51E0));
#4359=DIRECTION('',(0.E0,-3.451354887837E-1,-9.385528724489E-1));
#4360=DIRECTION('',(0.E0,-9.385528724489E-1,3.451354887837E-1));
#4361=AXIS2_PLACEMENT_3D('',#4358,#4359,#4360);
#4362=PLANE('',#4361);
#4364=ORIENTED_EDGE('',*,*,#4363,.F.);
#4366=ORIENTED_EDGE('',*,*,#4365,.F.);
#4368=ORIENTED_EDGE('',*,*,#4367,.F.);
#4369=ORIENTED_EDGE('',*,*,#3619,.T.);
#4370=EDGE_LOOP('',(#4364,#4366,#4368,#4369));
#4371=FACE_OUTER_BOUND('',#4370,.F.);
#4373=CARTESIAN_POINT('',(0.E0,5.8E0,-7.51E0));
#4374=DIRECTION('',(0.E0,-3.451354887837E-1,-9.385528724489E-1));
#4375=DIRECTION('',(0.E0,-9.385528724489E-1,3.451354887837E-1));
#4376=AXIS2_PLACEMENT_3D('',#4373,#4374,#4375);
#4377=PLANE('',#4376);
#4379=ORIENTED_EDGE('',*,*,#4378,.F.);
#4380=ORIENTED_EDGE('',*,*,#3617,.T.);
#4382=ORIENTED_EDGE('',*,*,#4381,.T.);
#4384=ORIENTED_EDGE('',*,*,#4383,.F.);
#4385=EDGE_LOOP('',(#4379,#4380,#4382,#4384));
#4386=FACE_OUTER_BOUND('',#4385,.F.);
#4388=CARTESIAN_POINT('',(2.E0,2.88E1,-6.26E0));
#4389=DIRECTION('',(0.E0,-1.E0,0.E0));
#4390=DIRECTION('',(1.E0,0.E0,0.E0));
#4391=AXIS2_PLACEMENT_3D('',#4388,#4389,#4390);
#4392=CYLINDRICAL_SURFACE('',#4391,1.25E0);
#4394=ORIENTED_EDGE('',*,*,#4393,.F.);
#4396=ORIENTED_EDGE('',*,*,#4395,.F.);
#4398=ORIENTED_EDGE('',*,*,#4397,.T.);
#4399=ORIENTED_EDGE('',*,*,#4289,.T.);
#4400=ORIENTED_EDGE('',*,*,#4307,.T.);
#4402=ORIENTED_EDGE('',*,*,#4401,.T.);
#4404=ORIENTED_EDGE('',*,*,#4403,.T.);
#4405=EDGE_LOOP('',(#4394,#4396,#4398,#4399,#4400,#4402,#4404));
#4406=FACE_OUTER_BOUND('',#4405,.F.);
#4408=CARTESIAN_POINT('',(0.E0,0.E0,0.E0));
#4409=DIRECTION('',(0.E0,-1.E0,0.E0));
#4410=DIRECTION('',(1.E0,0.E0,0.E0));
#4411=AXIS2_PLACEMENT_3D('',#4408,#4409,#4410);
#4412=PLANE('',#4411);
#4414=ORIENTED_EDGE('',*,*,#4413,.F.);
#4416=ORIENTED_EDGE('',*,*,#4415,.F.);
#4418=ORIENTED_EDGE('',*,*,#4417,.F.);
#4420=ORIENTED_EDGE('',*,*,#4419,.F.);
#4421=EDGE_LOOP('',(#4414,#4416,#4418,#4420));
#4422=FACE_OUTER_BOUND('',#4421,.F.);
#4424=ORIENTED_EDGE('',*,*,#4423,.T.);
#4425=ORIENTED_EDGE('',*,*,#4393,.T.);
#4426=EDGE_LOOP('',(#4424,#4425));
#4427=FACE_BOUND('',#4426,.F.);
#4429=ORIENTED_EDGE('',*,*,#4428,.T.);
#4431=ORIENTED_EDGE('',*,*,#4430,.T.);
#4432=EDGE_LOOP('',(#4429,#4431));
#4433=FACE_BOUND('',#4432,.F.);
#4435=ORIENTED_EDGE('',*,*,#4434,.T.);
#4437=ORIENTED_EDGE('',*,*,#4436,.T.);
#4438=EDGE_LOOP('',(#4435,#4437));
#4439=FACE_BOUND('',#4438,.F.);
#4441=ORIENTED_EDGE('',*,*,#4440,.T.);
#4443=ORIENTED_EDGE('',*,*,#4442,.T.);
#4444=EDGE_LOOP('',(#4441,#4443));
#4445=FACE_BOUND('',#4444,.F.);
#4447=ORIENTED_EDGE('',*,*,#4446,.T.);
#4449=ORIENTED_EDGE('',*,*,#4448,.T.);
#4450=EDGE_LOOP('',(#4447,#4449));
#4451=FACE_BOUND('',#4450,.F.);
#4453=ORIENTED_EDGE('',*,*,#4452,.T.);
#4455=ORIENTED_EDGE('',*,*,#4454,.T.);
#4456=EDGE_LOOP('',(#4453,#4455));
#4457=FACE_BOUND('',#4456,.F.);
#4459=CARTESIAN_POINT('',(4.7E0,-2.E0,-6.26E0));
#4460=DIRECTION('',(0.E0,-1.E0,0.E0));
#4461=DIRECTION('',(1.E0,0.E0,0.E0));
#4462=AXIS2_PLACEMENT_3D('',#4459,#4460,#4461);
#4463=CYLINDRICAL_SURFACE('',#4462,4.E0);
#4465=ORIENTED_EDGE('',*,*,#4464,.F.);
#4467=ORIENTED_EDGE('',*,*,#4466,.T.);
#4468=ORIENTED_EDGE('',*,*,#4413,.T.);
#4470=ORIENTED_EDGE('',*,*,#4469,.F.);
#4471=EDGE_LOOP('',(#4465,#4467,#4468,#4470));
#4472=FACE_OUTER_BOUND('',#4471,.F.);
#4474=CARTESIAN_POINT('',(3.18E1,-2.E0,0.E0));
#4475=DIRECTION('',(0.E0,1.E0,0.E0));
#4476=DIRECTION('',(-1.E0,0.E0,0.E0));
#4477=AXIS2_PLACEMENT_3D('',#4474,#4475,#4476);
#4478=PLANE('',#4477);
#4480=ORIENTED_EDGE('',*,*,#4479,.F.);
#4482=ORIENTED_EDGE('',*,*,#4481,.T.);
#4484=ORIENTED_EDGE('',*,*,#4483,.T.);
#4485=ORIENTED_EDGE('',*,*,#4464,.T.);
#4487=ORIENTED_EDGE('',*,*,#4486,.F.);
#4489=ORIENTED_EDGE('',*,*,#4488,.F.);
#4491=ORIENTED_EDGE('',*,*,#4490,.T.);
#4493=ORIENTED_EDGE('',*,*,#4492,.T.);
#4495=ORIENTED_EDGE('',*,*,#4494,.F.);
#4497=ORIENTED_EDGE('',*,*,#4496,.T.);
#4499=ORIENTED_EDGE('',*,*,#4498,.T.);
#4501=ORIENTED_EDGE('',*,*,#4500,.F.);
#4503=ORIENTED_EDGE('',*,*,#4502,.T.);
#4505=ORIENTED_EDGE('',*,*,#4504,.F.);
#4507=ORIENTED_EDGE('',*,*,#4506,.T.);
#4509=ORIENTED_EDGE('',*,*,#4508,.F.);
#4511=ORIENTED_EDGE('',*,*,#4510,.T.);
#4513=ORIENTED_EDGE('',*,*,#4512,.F.);
#4515=ORIENTED_EDGE('',*,*,#4514,.T.);
#4517=ORIENTED_EDGE('',*,*,#4516,.F.);
#4518=EDGE_LOOP('',(#4480,#4482,#4484,#4485,#4487,#4489,#4491,#4493,#4495,#4497,
#4499,#4501,#4503,#4505,#4507,#4509,#4511,#4513,#4515,#4517));
#4519=FACE_OUTER_BOUND('',#4518,.F.);
#4521=ORIENTED_EDGE('',*,*,#4520,.T.);
#4523=ORIENTED_EDGE('',*,*,#4522,.T.);
#4525=ORIENTED_EDGE('',*,*,#4524,.T.);
#4527=ORIENTED_EDGE('',*,*,#4526,.T.);
#4528=EDGE_LOOP('',(#4521,#4523,#4525,#4527));
#4529=FACE_BOUND('',#4528,.F.);
#4531=ORIENTED_EDGE('',*,*,#4530,.T.);
#4533=ORIENTED_EDGE('',*,*,#4532,.T.);
#4535=ORIENTED_EDGE('',*,*,#4534,.T.);
#4537=ORIENTED_EDGE('',*,*,#4536,.T.);
#4538=EDGE_LOOP('',(#4531,#4533,#4535,#4537));
#4539=FACE_BOUND('',#4538,.F.);
#4541=ORIENTED_EDGE('',*,*,#4540,.T.);
#4543=ORIENTED_EDGE('',*,*,#4542,.T.);
#4544=EDGE_LOOP('',(#4541,#4543));
#4545=FACE_BOUND('',#4544,.F.);
#4547=CARTESIAN_POINT('',(-2.5E1,2.25E1,-6.26E0));
#4548=DIRECTION('',(0.E0,-1.E0,0.E0));
#4549=DIRECTION('',(1.E0,0.E0,0.E0));
#4550=AXIS2_PLACEMENT_3D('',#4547,#4548,#4549);
#4551=CYLINDRICAL_SURFACE('',#4550,2.45E0);
#4553=ORIENTED_EDGE('',*,*,#4552,.T.);
#4555=ORIENTED_EDGE('',*,*,#4554,.T.);
#4556=ORIENTED_EDGE('',*,*,#4540,.F.);
#4558=ORIENTED_EDGE('',*,*,#4557,.F.);
#4559=EDGE_LOOP('',(#4553,#4555,#4556,#4558));
#4560=FACE_OUTER_BOUND('',#4559,.F.);
#4562=CARTESIAN_POINT('',(0.E0,2.25E1,0.E0));
#4563=DIRECTION('',(0.E0,1.E0,0.E0));
#4564=DIRECTION('',(0.E0,0.E0,1.E0));
#4565=AXIS2_PLACEMENT_3D('',#4562,#4563,#4564);
#4566=PLANE('',#4565);
#4568=ORIENTED_EDGE('',*,*,#4567,.F.);
#4570=ORIENTED_EDGE('',*,*,#4569,.F.);
#4572=ORIENTED_EDGE('',*,*,#4571,.F.);
#4574=ORIENTED_EDGE('',*,*,#4573,.F.);
#4575=EDGE_LOOP('',(#4568,#4570,#4572,#4574));
#4576=FACE_OUTER_BOUND('',#4575,.F.);
#4577=ORIENTED_EDGE('',*,*,#4552,.F.);
#4579=ORIENTED_EDGE('',*,*,#4578,.F.);
#4580=EDGE_LOOP('',(#4577,#4579));
#4581=FACE_BOUND('',#4580,.F.);
#4583=CARTESIAN_POINT('',(-2.5E1,0.E0,-1.26E0));
#4584=DIRECTION('',(0.E0,0.E0,1.E0));
#4585=DIRECTION('',(1.E0,0.E0,0.E0));
#4586=AXIS2_PLACEMENT_3D('',#4583,#4584,#4585);
#4587=PLANE('',#4586);
#4588=ORIENTED_EDGE('',*,*,#4231,.F.);
#4590=ORIENTED_EDGE('',*,*,#4589,.T.);
#4591=ORIENTED_EDGE('',*,*,#4567,.T.);
#4593=ORIENTED_EDGE('',*,*,#4592,.F.);
#4594=EDGE_LOOP('',(#4588,#4590,#4591,#4593));
#4595=FACE_OUTER_BOUND('',#4594,.F.);
#4597=CARTESIAN_POINT('',(-2.5E1,0.E0,-6.26E0));
#4598=DIRECTION('',(0.E0,1.E0,0.E0));
#4599=DIRECTION('',(-1.E0,0.E0,0.E0));
#4600=AXIS2_PLACEMENT_3D('',#4597,#4598,#4599);
#4601=CYLINDRICAL_SURFACE('',#4600,5.E0);
#4602=ORIENTED_EDGE('',*,*,#4237,.F.);
#4604=ORIENTED_EDGE('',*,*,#4603,.T.);
#4605=ORIENTED_EDGE('',*,*,#4569,.T.);
#4606=ORIENTED_EDGE('',*,*,#4589,.F.);
#4607=ORIENTED_EDGE('',*,*,#4229,.F.);
#4608=EDGE_LOOP('',(#4602,#4604,#4605,#4606,#4607));
#4609=FACE_OUTER_BOUND('',#4608,.F.);
#4611=CARTESIAN_POINT('',(-2.E1,0.E0,-1.126E1));
#4612=DIRECTION('',(0.E0,0.E0,-1.E0));
#4613=DIRECTION('',(-1.E0,0.E0,0.E0));
#4614=AXIS2_PLACEMENT_3D('',#4611,#4612,#4613);
#4615=PLANE('',#4614);
#4616=ORIENTED_EDGE('',*,*,#4235,.F.);
#4618=ORIENTED_EDGE('',*,*,#4617,.T.);
#4619=ORIENTED_EDGE('',*,*,#4571,.T.);
#4620=ORIENTED_EDGE('',*,*,#4603,.F.);
#4621=EDGE_LOOP('',(#4616,#4618,#4619,#4620));
#4622=FACE_OUTER_BOUND('',#4621,.F.);
#4624=CARTESIAN_POINT('',(-2.E1,0.E0,-1.26E0));
#4625=DIRECTION('',(1.E0,0.E0,0.E0));
#4626=DIRECTION('',(0.E0,0.E0,-1.E0));
#4627=AXIS2_PLACEMENT_3D('',#4624,#4625,#4626);
#4628=PLANE('',#4627);
#4629=ORIENTED_EDGE('',*,*,#4233,.F.);
#4630=ORIENTED_EDGE('',*,*,#4592,.T.);
#4631=ORIENTED_EDGE('',*,*,#4573,.T.);
#4632=ORIENTED_EDGE('',*,*,#4617,.F.);
#4633=EDGE_LOOP('',(#4629,#4630,#4631,#4632));
#4634=FACE_OUTER_BOUND('',#4633,.F.);
#4636=CARTESIAN_POINT('',(-2.5E1,2.25E1,-6.26E0));
#4637=DIRECTION('',(0.E0,-1.E0,0.E0));
#4638=DIRECTION('',(1.E0,0.E0,0.E0));
#4639=AXIS2_PLACEMENT_3D('',#4636,#4637,#4638);
#4640=CYLINDRICAL_SURFACE('',#4639,2.45E0);
#4641=ORIENTED_EDGE('',*,*,#4578,.T.);
#4642=ORIENTED_EDGE('',*,*,#4557,.T.);
#4643=ORIENTED_EDGE('',*,*,#4542,.F.);
#4644=ORIENTED_EDGE('',*,*,#4554,.F.);
#4645=EDGE_LOOP('',(#4641,#4642,#4643,#4644));
#4646=FACE_OUTER_BOUND('',#4645,.F.);
#4648=CARTESIAN_POINT('',(-1.32E1,-2.E0,-9.26E0));
#4649=DIRECTION('',(1.E0,0.E0,0.E0));
#4650=DIRECTION('',(0.E0,0.E0,1.E0));
#4651=AXIS2_PLACEMENT_3D('',#4648,#4649,#4650);
#4652=PLANE('',#4651);
#4653=ORIENTED_EDGE('',*,*,#4520,.F.);
#4655=ORIENTED_EDGE('',*,*,#4654,.T.);
#4657=ORIENTED_EDGE('',*,*,#4656,.T.);
#4659=ORIENTED_EDGE('',*,*,#4658,.F.);
#4660=EDGE_LOOP('',(#4653,#4655,#4657,#4659));
#4661=FACE_OUTER_BOUND('',#4660,.F.);
#4663=CARTESIAN_POINT('',(-1.82E1,-2.E0,-9.26E0));
#4664=DIRECTION('',(0.E0,0.E0,-1.E0));
#4665=DIRECTION('',(1.E0,0.E0,0.E0));
#4666=AXIS2_PLACEMENT_3D('',#4663,#4664,#4665);
#4667=PLANE('',#4666);
#4668=ORIENTED_EDGE('',*,*,#4526,.F.);
#4670=ORIENTED_EDGE('',*,*,#4669,.T.);
#4672=ORIENTED_EDGE('',*,*,#4671,.T.);
#4673=ORIENTED_EDGE('',*,*,#4654,.F.);
#4674=EDGE_LOOP('',(#4668,#4670,#4672,#4673));
#4675=FACE_OUTER_BOUND('',#4674,.F.);
#4677=CARTESIAN_POINT('',(-1.82E1,-2.E0,-8.26E0));
#4678=DIRECTION('',(-1.E0,0.E0,0.E0));
#4679=DIRECTION('',(0.E0,0.E0,-1.E0));
#4680=AXIS2_PLACEMENT_3D('',#4677,#4678,#4679);
#4681=PLANE('',#4680);
#4682=ORIENTED_EDGE('',*,*,#4524,.F.);
#4684=ORIENTED_EDGE('',*,*,#4683,.T.);
#4686=ORIENTED_EDGE('',*,*,#4685,.T.);
#4687=ORIENTED_EDGE('',*,*,#4669,.F.);
#4688=EDGE_LOOP('',(#4682,#4684,#4686,#4687));
#4689=FACE_OUTER_BOUND('',#4688,.F.);
#4691=CARTESIAN_POINT('',(-1.32E1,-2.E0,-8.26E0));
#4692=DIRECTION('',(0.E0,0.E0,1.E0));
#4693=DIRECTION('',(-1.E0,0.E0,0.E0));
#4694=AXIS2_PLACEMENT_3D('',#4691,#4692,#4693);
#4695=PLANE('',#4694);
#4696=ORIENTED_EDGE('',*,*,#4522,.F.);
#4697=ORIENTED_EDGE('',*,*,#4658,.T.);
#4699=ORIENTED_EDGE('',*,*,#4698,.T.);
#4700=ORIENTED_EDGE('',*,*,#4683,.F.);
#4701=EDGE_LOOP('',(#4696,#4697,#4699,#4700));
#4702=FACE_OUTER_BOUND('',#4701,.F.);
#4704=CARTESIAN_POINT('',(0.E0,-3.5E0,0.E0));
#4705=DIRECTION('',(0.E0,-1.E0,0.E0));
#4706=DIRECTION('',(-1.E0,0.E0,0.E0));
#4707=AXIS2_PLACEMENT_3D('',#4704,#4705,#4706);
#4708=PLANE('',#4707);
#4709=ORIENTED_EDGE('',*,*,#4656,.F.);
#4710=ORIENTED_EDGE('',*,*,#4671,.F.);
#4711=ORIENTED_EDGE('',*,*,#4685,.F.);
#4712=ORIENTED_EDGE('',*,*,#4698,.F.);
#4713=EDGE_LOOP('',(#4709,#4710,#4711,#4712));
#4714=FACE_OUTER_BOUND('',#4713,.F.);
#4716=CARTESIAN_POINT('',(0.E0,-3.5E0,0.E0));
#4717=DIRECTION('',(0.E0,-1.E0,0.E0));
#4718=DIRECTION('',(-1.E0,0.E0,0.E0));
#4719=AXIS2_PLACEMENT_3D('',#4716,#4717,#4718);
#4720=PLANE('',#4719);
#4722=ORIENTED_EDGE('',*,*,#4721,.F.);
#4724=ORIENTED_EDGE('',*,*,#4723,.F.);
#4726=ORIENTED_EDGE('',*,*,#4725,.F.);
#4728=ORIENTED_EDGE('',*,*,#4727,.F.);
#4729=EDGE_LOOP('',(#4722,#4724,#4726,#4728));
#4730=FACE_OUTER_BOUND('',#4729,.F.);
#4732=CARTESIAN_POINT('',(0.E0,-3.5E0,0.E0));
#4733=DIRECTION('',(0.E0,-1.E0,0.E0));
#4734=DIRECTION('',(-1.E0,0.E0,0.E0));
#4735=AXIS2_PLACEMENT_3D('',#4732,#4733,#4734);
#4736=PLANE('',#4735);
#4738=ORIENTED_EDGE('',*,*,#4737,.F.);
#4740=ORIENTED_EDGE('',*,*,#4739,.F.);
#4742=ORIENTED_EDGE('',*,*,#4741,.T.);
#4744=ORIENTED_EDGE('',*,*,#4743,.F.);
#4745=EDGE_LOOP('',(#4738,#4740,#4742,#4744));
#4746=FACE_OUTER_BOUND('',#4745,.F.);
#4748=CARTESIAN_POINT('',(0.E0,-3.5E0,0.E0));
#4749=DIRECTION('',(0.E0,-1.E0,0.E0));
#4750=DIRECTION('',(-1.E0,0.E0,0.E0));
#4751=AXIS2_PLACEMENT_3D('',#4748,#4749,#4750);
#4752=PLANE('',#4751);
#4754=ORIENTED_EDGE('',*,*,#4753,.T.);
#4756=ORIENTED_EDGE('',*,*,#4755,.F.);
#4758=ORIENTED_EDGE('',*,*,#4757,.F.);
#4760=ORIENTED_EDGE('',*,*,#4759,.T.);
#4761=EDGE_LOOP('',(#4754,#4756,#4758,#4760));
#4762=FACE_OUTER_BOUND('',#4761,.F.);
#4764=CARTESIAN_POINT('',(-1.2E0,-2.E0,-9.26E0));
#4765=DIRECTION('',(1.E0,0.E0,0.E0));
#4766=DIRECTION('',(0.E0,0.E0,1.E0));
#4767=AXIS2_PLACEMENT_3D('',#4764,#4765,#4766);
#4768=PLANE('',#4767);
#4769=ORIENTED_EDGE('',*,*,#4530,.F.);
#4771=ORIENTED_EDGE('',*,*,#4770,.T.);
#4772=ORIENTED_EDGE('',*,*,#4721,.T.);
#4774=ORIENTED_EDGE('',*,*,#4773,.F.);
#4775=EDGE_LOOP('',(#4769,#4771,#4772,#4774));
#4776=FACE_OUTER_BOUND('',#4775,.F.);
#4778=CARTESIAN_POINT('',(-6.2E0,-2.E0,-9.26E0));
#4779=DIRECTION('',(0.E0,0.E0,-1.E0));
#4780=DIRECTION('',(1.E0,0.E0,0.E0));
#4781=AXIS2_PLACEMENT_3D('',#4778,#4779,#4780);
#4782=PLANE('',#4781);
#4783=ORIENTED_EDGE('',*,*,#4536,.F.);
#4785=ORIENTED_EDGE('',*,*,#4784,.T.);
#4786=ORIENTED_EDGE('',*,*,#4723,.T.);
#4787=ORIENTED_EDGE('',*,*,#4770,.F.);
#4788=EDGE_LOOP('',(#4783,#4785,#4786,#4787));
#4789=FACE_OUTER_BOUND('',#4788,.F.);
#4791=CARTESIAN_POINT('',(-6.2E0,-2.E0,-8.26E0));
#4792=DIRECTION('',(-1.E0,0.E0,0.E0));
#4793=DIRECTION('',(0.E0,0.E0,-1.E0));
#4794=AXIS2_PLACEMENT_3D('',#4791,#4792,#4793);
#4795=PLANE('',#4794);
#4796=ORIENTED_EDGE('',*,*,#4534,.F.);
#4798=ORIENTED_EDGE('',*,*,#4797,.T.);
#4799=ORIENTED_EDGE('',*,*,#4725,.T.);
#4800=ORIENTED_EDGE('',*,*,#4784,.F.);
#4801=EDGE_LOOP('',(#4796,#4798,#4799,#4800));
#4802=FACE_OUTER_BOUND('',#4801,.F.);
#4804=CARTESIAN_POINT('',(-1.2E0,-2.E0,-8.26E0));
#4805=DIRECTION('',(0.E0,0.E0,1.E0));
#4806=DIRECTION('',(-1.E0,0.E0,0.E0));
#4807=AXIS2_PLACEMENT_3D('',#4804,#4805,#4806);
#4808=PLANE('',#4807);
#4809=ORIENTED_EDGE('',*,*,#4532,.F.);
#4810=ORIENTED_EDGE('',*,*,#4773,.T.);
#4811=ORIENTED_EDGE('',*,*,#4727,.T.);
#4812=ORIENTED_EDGE('',*,*,#4797,.F.);
#4813=EDGE_LOOP('',(#4809,#4810,#4811,#4812));
#4814=FACE_OUTER_BOUND('',#4813,.F.);
#4816=CARTESIAN_POINT('',(-1.2E0,-2.E0,-1.251E1));
#4817=DIRECTION('',(1.E0,0.E0,0.E0));
#4818=DIRECTION('',(0.E0,0.E0,1.E0));
#4819=AXIS2_PLACEMENT_3D('',#4816,#4817,#4818);
#4820=PLANE('',#4819);
#4822=ORIENTED_EDGE('',*,*,#4821,.T.);
#4824=ORIENTED_EDGE('',*,*,#4823,.T.);
#4825=ORIENTED_EDGE('',*,*,#4737,.T.);
#4827=ORIENTED_EDGE('',*,*,#4826,.F.);
#4828=ORIENTED_EDGE('',*,*,#4500,.T.);
#4829=EDGE_LOOP('',(#4822,#4824,#4825,#4827,#4828));
#4830=FACE_OUTER_BOUND('',#4829,.F.);
#4832=CARTESIAN_POINT('',(0.E0,0.E0,-1.5E1));
#4833=DIRECTION('',(0.E0,0.E0,1.E0));
#4834=DIRECTION('',(1.E0,0.E0,0.E0));
#4835=AXIS2_PLACEMENT_3D('',#4832,#4833,#4834);
#4836=PLANE('',#4835);
#4838=ORIENTED_EDGE('',*,*,#4837,.F.);
#4840=ORIENTED_EDGE('',*,*,#4839,.T.);
#4842=ORIENTED_EDGE('',*,*,#4841,.T.);
#4843=ORIENTED_EDGE('',*,*,#4759,.F.);
#4845=ORIENTED_EDGE('',*,*,#4844,.F.);
#4846=ORIENTED_EDGE('',*,*,#4506,.F.);
#4848=ORIENTED_EDGE('',*,*,#4847,.T.);
#4850=ORIENTED_EDGE('',*,*,#4849,.F.);
#4852=ORIENTED_EDGE('',*,*,#4851,.F.);
#4854=ORIENTED_EDGE('',*,*,#4853,.F.);
#4855=ORIENTED_EDGE('',*,*,#4821,.F.);
#4856=ORIENTED_EDGE('',*,*,#4498,.F.);
#4858=ORIENTED_EDGE('',*,*,#4857,.F.);
#4860=ORIENTED_EDGE('',*,*,#4859,.F.);
#4862=ORIENTED_EDGE('',*,*,#4861,.F.);
#4864=ORIENTED_EDGE('',*,*,#4863,.F.);
#4866=ORIENTED_EDGE('',*,*,#4865,.F.);
#4867=ORIENTED_EDGE('',*,*,#4514,.F.);
#4868=EDGE_LOOP('',(#4838,#4840,#4842,#4843,#4845,#4846,#4848,#4850,#4852,#4854,
#4855,#4856,#4858,#4860,#4862,#4864,#4866,#4867));
#4869=FACE_OUTER_BOUND('',#4868,.F.);
#4871=ORIENTED_EDGE('',*,*,#4870,.F.);
#4873=ORIENTED_EDGE('',*,*,#4872,.F.);
#4874=EDGE_LOOP('',(#4871,#4873));
#4875=FACE_BOUND('',#4874,.F.);
#4877=ORIENTED_EDGE('',*,*,#4876,.T.);
#4879=ORIENTED_EDGE('',*,*,#4878,.T.);
#4880=EDGE_LOOP('',(#4877,#4879));
#4881=FACE_BOUND('',#4880,.F.);
#4883=ORIENTED_EDGE('',*,*,#4882,.T.);
#4885=ORIENTED_EDGE('',*,*,#4884,.T.);
#4886=EDGE_LOOP('',(#4883,#4885));
#4887=FACE_BOUND('',#4886,.F.);
#4889=ORIENTED_EDGE('',*,*,#4888,.T.);
#4891=ORIENTED_EDGE('',*,*,#4890,.T.);
#4892=EDGE_LOOP('',(#4889,#4891));
#4893=FACE_BOUND('',#4892,.F.);
#4895=CARTESIAN_POINT('',(-1.438E1,-2.8E1,-1.45E1));
#4896=DIRECTION('',(0.E0,0.E0,1.E0));
#4897=DIRECTION('',(9.993546050948E-1,-3.592176604439E-2,0.E0));
#4898=AXIS2_PLACEMENT_3D('',#4895,#4896,#4897);
#4899=TOROIDAL_SURFACE('',#4898,4.5E0,5.E-1);
#4900=ORIENTED_EDGE('',*,*,#4888,.F.);
#4902=ORIENTED_EDGE('',*,*,#4901,.T.);
#4904=ORIENTED_EDGE('',*,*,#4903,.T.);
#4906=ORIENTED_EDGE('',*,*,#4905,.F.);
#4907=EDGE_LOOP('',(#4900,#4902,#4904,#4906));
#4908=FACE_OUTER_BOUND('',#4907,.F.);
#4910=CARTESIAN_POINT('',(-1.438E1,-2.8E1,-1.45E1));
#4911=DIRECTION('',(0.E0,0.E0,1.E0));
#4912=DIRECTION('',(-9.993546050948E-1,3.592176604439E-2,0.E0));
#4913=AXIS2_PLACEMENT_3D('',#4910,#4911,#4912);
#4914=TOROIDAL_SURFACE('',#4913,4.5E0,5.E-1);
#4915=ORIENTED_EDGE('',*,*,#4890,.F.);
#4916=ORIENTED_EDGE('',*,*,#4905,.T.);
#4918=ORIENTED_EDGE('',*,*,#4917,.T.);
#4919=ORIENTED_EDGE('',*,*,#4901,.F.);
#4920=EDGE_LOOP('',(#4915,#4916,#4918,#4919));
#4921=FACE_OUTER_BOUND('',#4920,.F.);
#4923=CARTESIAN_POINT('',(-1.438E1,-2.8E1,-1.5E1));
#4924=DIRECTION('',(0.E0,0.E0,1.E0));
#4925=DIRECTION('',(-1.E0,0.E0,0.E0));
#4926=AXIS2_PLACEMENT_3D('',#4923,#4924,#4925);
#4927=CYLINDRICAL_SURFACE('',#4926,4.E0);
#4928=ORIENTED_EDGE('',*,*,#4917,.F.);
#4930=ORIENTED_EDGE('',*,*,#4929,.T.);
#4932=ORIENTED_EDGE('',*,*,#4931,.T.);
#4934=ORIENTED_EDGE('',*,*,#4933,.F.);
#4935=EDGE_LOOP('',(#4928,#4930,#4932,#4934));
#4936=FACE_OUTER_BOUND('',#4935,.F.);
#4938=CARTESIAN_POINT('',(-1.438E1,-2.8E1,-1.5E1));
#4939=DIRECTION('',(0.E0,0.E0,1.E0));
#4940=DIRECTION('',(-1.E0,0.E0,0.E0));
#4941=AXIS2_PLACEMENT_3D('',#4938,#4939,#4940);
#4942=CYLINDRICAL_SURFACE('',#4941,4.E0);
#4943=ORIENTED_EDGE('',*,*,#4903,.F.);
#4944=ORIENTED_EDGE('',*,*,#4933,.T.);
#4946=ORIENTED_EDGE('',*,*,#4945,.T.);
#4947=ORIENTED_EDGE('',*,*,#4929,.F.);
#4948=EDGE_LOOP('',(#4943,#4944,#4946,#4947));
#4949=FACE_OUTER_BOUND('',#4948,.F.);
#4951=CARTESIAN_POINT('',(0.E0,0.E0,-1.101E1));
#4952=DIRECTION('',(0.E0,0.E0,1.E0));
#4953=DIRECTION('',(1.E0,0.E0,0.E0));
#4954=AXIS2_PLACEMENT_3D('',#4951,#4952,#4953);
#4955=PLANE('',#4954);
#4956=ORIENTED_EDGE('',*,*,#4931,.F.);
#4957=ORIENTED_EDGE('',*,*,#4945,.F.);
#4958=EDGE_LOOP('',(#4956,#4957));
#4959=FACE_OUTER_BOUND('',#4958,.F.);
#4961=ORIENTED_EDGE('',*,*,#4960,.F.);
#4963=ORIENTED_EDGE('',*,*,#4962,.F.);
#4964=EDGE_LOOP('',(#4961,#4963));
#4965=FACE_BOUND('',#4964,.F.);
#4967=CARTESIAN_POINT('',(-1.438E1,-2.8E1,-1.101E1));
#4968=DIRECTION('',(0.E0,0.E0,-1.E0));
#4969=DIRECTION('',(-1.E0,0.E0,0.E0));
#4970=AXIS2_PLACEMENT_3D('',#4967,#4968,#4969);
#4971=CYLINDRICAL_SURFACE('',#4970,8.E-1);
#4972=ORIENTED_EDGE('',*,*,#4960,.T.);
#4974=ORIENTED_EDGE('',*,*,#4973,.T.);
#4976=ORIENTED_EDGE('',*,*,#4975,.F.);
#4978=ORIENTED_EDGE('',*,*,#4977,.F.);
#4979=EDGE_LOOP('',(#4972,#4974,#4976,#4978));
#4980=FACE_OUTER_BOUND('',#4979,.F.);
#4982=CARTESIAN_POINT('',(-1.438E1,-2.8E1,-1.101E1));
#4983=DIRECTION('',(0.E0,0.E0,-1.E0));
#4984=DIRECTION('',(-1.E0,0.E0,0.E0));
#4985=AXIS2_PLACEMENT_3D('',#4982,#4983,#4984);
#4986=CYLINDRICAL_SURFACE('',#4985,8.E-1);
#4987=ORIENTED_EDGE('',*,*,#4962,.T.);
#4988=ORIENTED_EDGE('',*,*,#4977,.T.);
#4990=ORIENTED_EDGE('',*,*,#4989,.F.);
#4991=ORIENTED_EDGE('',*,*,#4973,.F.);
#4992=EDGE_LOOP('',(#4987,#4988,#4990,#4991));
#4993=FACE_OUTER_BOUND('',#4992,.F.);
#4995=CARTESIAN_POINT('',(-1.438E1,-2.8E1,-1.601E1));
#4996=DIRECTION('',(0.E0,0.E0,-1.E0));
#4997=DIRECTION('',(-1.E0,0.E0,0.E0));
#4998=AXIS2_PLACEMENT_3D('',#4995,#4996,#4997);
#4999=PLANE('',#4998);
#5000=ORIENTED_EDGE('',*,*,#4975,.T.);
#5001=ORIENTED_EDGE('',*,*,#4989,.T.);
#5002=EDGE_LOOP('',(#5000,#5001));
#5003=FACE_OUTER_BOUND('',#5002,.F.);
#5005=CARTESIAN_POINT('',(-3.488E0,-2.5245E1,-1.550000000049E1));
#5006=DIRECTION('',(0.E0,0.E0,1.E0));
#5007=DIRECTION('',(0.E0,-1.E0,0.E0));
#5008=AXIS2_PLACEMENT_3D('',#5005,#5006,#5007);
#5009=CONICAL_SURFACE('',#5008,3.499999998022E0,7.596375653207E1);
#5010=ORIENTED_EDGE('',*,*,#4870,.T.);
#5012=ORIENTED_EDGE('',*,*,#5011,.T.);
#5014=ORIENTED_EDGE('',*,*,#5013,.F.);
#5016=ORIENTED_EDGE('',*,*,#5015,.F.);
#5017=EDGE_LOOP('',(#5010,#5012,#5014,#5016));
#5018=FACE_OUTER_BOUND('',#5017,.F.);
#5020=CARTESIAN_POINT('',(-3.488E0,-2.5245E1,-1.550000000049E1));
#5021=DIRECTION('',(0.E0,0.E0,1.E0));
#5022=DIRECTION('',(0.E0,-1.E0,0.E0));
#5023=AXIS2_PLACEMENT_3D('',#5020,#5021,#5022);
#5024=CONICAL_SURFACE('',#5023,3.499999998022E0,7.596375653207E1);
#5025=ORIENTED_EDGE('',*,*,#4872,.T.);
#5026=ORIENTED_EDGE('',*,*,#5015,.T.);
#5028=ORIENTED_EDGE('',*,*,#5027,.F.);
#5029=ORIENTED_EDGE('',*,*,#5011,.F.);
#5030=EDGE_LOOP('',(#5025,#5026,#5028,#5029));
#5031=FACE_OUTER_BOUND('',#5030,.F.);
#5033=CARTESIAN_POINT('',(-3.488E0,-2.5245E1,-1.101E1));
#5034=DIRECTION('',(0.E0,0.E0,-1.E0));
#5035=DIRECTION('',(-1.E0,0.E0,0.E0));
#5036=AXIS2_PLACEMENT_3D('',#5033,#5034,#5035);
#5037=CYLINDRICAL_SURFACE('',#5036,1.5E0);
#5038=ORIENTED_EDGE('',*,*,#5027,.T.);
#5040=ORIENTED_EDGE('',*,*,#5039,.F.);
#5042=ORIENTED_EDGE('',*,*,#5041,.F.);
#5044=ORIENTED_EDGE('',*,*,#5043,.F.);
#5045=EDGE_LOOP('',(#5038,#5040,#5042,#5044));
#5046=FACE_OUTER_BOUND('',#5045,.F.);
#5048=CARTESIAN_POINT('',(-3.488E0,-2.5245E1,-1.101E1));
#5049=DIRECTION('',(0.E0,0.E0,-1.E0));
#5050=DIRECTION('',(-1.E0,0.E0,0.E0));
#5051=AXIS2_PLACEMENT_3D('',#5048,#5049,#5050);
#5052=CYLINDRICAL_SURFACE('',#5051,1.5E0);
#5053=ORIENTED_EDGE('',*,*,#5013,.T.);
#5054=ORIENTED_EDGE('',*,*,#5043,.T.);
#5056=ORIENTED_EDGE('',*,*,#5055,.F.);
#5057=ORIENTED_EDGE('',*,*,#5039,.T.);
#5058=EDGE_LOOP('',(#5053,#5054,#5056,#5057));
#5059=FACE_OUTER_BOUND('',#5058,.F.);
#5061=CARTESIAN_POINT('',(3.38E1,0.E0,-1.7E1));
#5062=DIRECTION('',(0.E0,0.E0,-1.E0));
#5063=DIRECTION('',(-1.E0,0.E0,0.E0));
#5064=AXIS2_PLACEMENT_3D('',#5061,#5062,#5063);
#5065=PLANE('',#5064);
#5066=ORIENTED_EDGE('',*,*,#4241,.T.);
#5068=ORIENTED_EDGE('',*,*,#5067,.T.);
#5070=ORIENTED_EDGE('',*,*,#5069,.F.);
#5071=ORIENTED_EDGE('',*,*,#4188,.F.);
#5072=EDGE_LOOP('',(#5066,#5068,#5070,#5071));
#5073=FACE_OUTER_BOUND('',#5072,.F.);
#5074=ORIENTED_EDGE('',*,*,#5041,.T.);
#5075=ORIENTED_EDGE('',*,*,#5055,.T.);
#5076=EDGE_LOOP('',(#5074,#5075));
#5077=FACE_BOUND('',#5076,.F.);
#5079=ORIENTED_EDGE('',*,*,#5078,.T.);
#5081=ORIENTED_EDGE('',*,*,#5080,.T.);
#5082=EDGE_LOOP('',(#5079,#5081));
#5083=FACE_BOUND('',#5082,.F.);
#5085=ORIENTED_EDGE('',*,*,#5084,.T.);
#5087=ORIENTED_EDGE('',*,*,#5086,.T.);
#5089=ORIENTED_EDGE('',*,*,#5088,.T.);
#5091=ORIENTED_EDGE('',*,*,#5090,.T.);
#5093=ORIENTED_EDGE('',*,*,#5092,.T.);
#5095=ORIENTED_EDGE('',*,*,#5094,.T.);
#5097=ORIENTED_EDGE('',*,*,#5096,.T.);
#5099=ORIENTED_EDGE('',*,*,#5098,.T.);
#5101=ORIENTED_EDGE('',*,*,#5100,.T.);
#5103=ORIENTED_EDGE('',*,*,#5102,.T.);
#5105=ORIENTED_EDGE('',*,*,#5104,.T.);
#5107=ORIENTED_EDGE('',*,*,#5106,.T.);
#5109=ORIENTED_EDGE('',*,*,#5108,.T.);
#5111=ORIENTED_EDGE('',*,*,#5110,.T.);
#5113=ORIENTED_EDGE('',*,*,#5112,.T.);
#5115=ORIENTED_EDGE('',*,*,#5114,.T.);
#5117=ORIENTED_EDGE('',*,*,#5116,.T.);
#5119=ORIENTED_EDGE('',*,*,#5118,.T.);
#5121=ORIENTED_EDGE('',*,*,#5120,.T.);
#5122=EDGE_LOOP('',(#5085,#5087,#5089,#5091,#5093,#5095,#5097,#5099,#5101,#5103,
#5105,#5107,#5109,#5111,#5113,#5115,#5117,#5119,#5121));
#5123=FACE_BOUND('',#5122,.F.);
#5125=ORIENTED_EDGE('',*,*,#5124,.T.);
#5127=ORIENTED_EDGE('',*,*,#5126,.T.);
#5129=ORIENTED_EDGE('',*,*,#5128,.T.);
#5131=ORIENTED_EDGE('',*,*,#5130,.T.);
#5133=ORIENTED_EDGE('',*,*,#5132,.T.);
#5135=ORIENTED_EDGE('',*,*,#5134,.T.);
#5137=ORIENTED_EDGE('',*,*,#5136,.T.);
#5139=ORIENTED_EDGE('',*,*,#5138,.T.);
#5140=EDGE_LOOP('',(#5125,#5127,#5129,#5131,#5133,#5135,#5137,#5139));
#5141=FACE_BOUND('',#5140,.F.);
#5143=ORIENTED_EDGE('',*,*,#5142,.F.);
#5145=ORIENTED_EDGE('',*,*,#5144,.F.);
#5146=EDGE_LOOP('',(#5143,#5145));
#5147=FACE_BOUND('',#5146,.F.);
#5149=ORIENTED_EDGE('',*,*,#5148,.F.);
#5151=ORIENTED_EDGE('',*,*,#5150,.F.);
#5152=EDGE_LOOP('',(#5149,#5151));
#5153=FACE_BOUND('',#5152,.F.);
#5155=CARTESIAN_POINT('',(3.38E1,0.E0,-1.7E1));
#5156=DIRECTION('',(0.E0,0.E0,-1.E0));
#5157=DIRECTION('',(-1.E0,0.E0,0.E0));
#5158=AXIS2_PLACEMENT_3D('',#5155,#5156,#5157);
#5159=PLANE('',#5158);
#5161=ORIENTED_EDGE('',*,*,#5160,.T.);
#5163=ORIENTED_EDGE('',*,*,#5162,.T.);
#5165=ORIENTED_EDGE('',*,*,#5164,.T.);
#5167=ORIENTED_EDGE('',*,*,#5166,.T.);
#5169=ORIENTED_EDGE('',*,*,#5168,.T.);
#5171=ORIENTED_EDGE('',*,*,#5170,.T.);
#5173=ORIENTED_EDGE('',*,*,#5172,.T.);
#5175=ORIENTED_EDGE('',*,*,#5174,.T.);
#5177=ORIENTED_EDGE('',*,*,#5176,.T.);
#5179=ORIENTED_EDGE('',*,*,#5178,.T.);
#5180=EDGE_LOOP('',(#5161,#5163,#5165,#5167,#5169,#5171,#5173,#5175,#5177,
#5179));
#5181=FACE_OUTER_BOUND('',#5180,.F.);
#5183=CARTESIAN_POINT('',(3.38E1,0.E0,-1.7E1));
#5184=DIRECTION('',(0.E0,0.E0,-1.E0));
#5185=DIRECTION('',(-1.E0,0.E0,0.E0));
#5186=AXIS2_PLACEMENT_3D('',#5183,#5184,#5185);
#5187=PLANE('',#5186);
#5189=ORIENTED_EDGE('',*,*,#5188,.T.);
#5191=ORIENTED_EDGE('',*,*,#5190,.T.);
#5193=ORIENTED_EDGE('',*,*,#5192,.T.);
#5195=ORIENTED_EDGE('',*,*,#5194,.T.);
#5197=ORIENTED_EDGE('',*,*,#5196,.T.);
#5199=ORIENTED_EDGE('',*,*,#5198,.T.);
#5201=ORIENTED_EDGE('',*,*,#5200,.T.);
#5203=ORIENTED_EDGE('',*,*,#5202,.T.);
#5205=ORIENTED_EDGE('',*,*,#5204,.T.);
#5207=ORIENTED_EDGE('',*,*,#5206,.T.);
#5208=EDGE_LOOP('',(#5189,#5191,#5193,#5195,#5197,#5199,#5201,#5203,#5205,
#5207));
#5209=FACE_OUTER_BOUND('',#5208,.F.);
#5211=CARTESIAN_POINT('',(3.38E1,0.E0,-1.7E1));
#5212=DIRECTION('',(0.E0,0.E0,-1.E0));
#5213=DIRECTION('',(-1.E0,0.E0,0.E0));
#5214=AXIS2_PLACEMENT_3D('',#5211,#5212,#5213);
#5215=PLANE('',#5214);
#5217=ORIENTED_EDGE('',*,*,#5216,.T.);
#5219=ORIENTED_EDGE('',*,*,#5218,.T.);
#5221=ORIENTED_EDGE('',*,*,#5220,.T.);
#5222=EDGE_LOOP('',(#5217,#5219,#5221));
#5223=FACE_OUTER_BOUND('',#5222,.F.);
#5225=CARTESIAN_POINT('',(-3.E1,0.E0,-1.7E1));
#5226=DIRECTION('',(-1.E0,0.E0,0.E0));
#5227=DIRECTION('',(0.E0,0.E0,1.E0));
#5228=AXIS2_PLACEMENT_3D('',#5225,#5226,#5227);
#5229=PLANE('',#5228);
#5230=ORIENTED_EDGE('',*,*,#4239,.T.);
#5231=ORIENTED_EDGE('',*,*,#4227,.T.);
#5233=ORIENTED_EDGE('',*,*,#5232,.T.);
#5235=ORIENTED_EDGE('',*,*,#5234,.F.);
#5236=ORIENTED_EDGE('',*,*,#5067,.F.);
#5237=EDGE_LOOP('',(#5230,#5231,#5233,#5235,#5236));
#5238=FACE_OUTER_BOUND('',#5237,.F.);
#5240=CARTESIAN_POINT('',(0.E0,5.8E0,0.E0));
#5241=DIRECTION('',(0.E0,0.E0,1.E0));
#5242=DIRECTION('',(0.E0,-1.E0,0.E0));
#5243=AXIS2_PLACEMENT_3D('',#5240,#5241,#5242);
#5244=PLANE('',#5243);
#5246=ORIENTED_EDGE('',*,*,#5245,.T.);
#5247=ORIENTED_EDGE('',*,*,#3672,.T.);
#5248=ORIENTED_EDGE('',*,*,#4192,.T.);
#5250=ORIENTED_EDGE('',*,*,#5249,.F.);
#5251=ORIENTED_EDGE('',*,*,#5232,.F.);
#5252=ORIENTED_EDGE('',*,*,#4225,.F.);
#5253=EDGE_LOOP('',(#5246,#5247,#5248,#5250,#5251,#5252));
#5254=FACE_OUTER_BOUND('',#5253,.F.);
#5256=ORIENTED_EDGE('',*,*,#5255,.T.);
#5258=ORIENTED_EDGE('',*,*,#5257,.T.);
#5260=ORIENTED_EDGE('',*,*,#5259,.T.);
#5262=ORIENTED_EDGE('',*,*,#5261,.T.);
#5263=EDGE_LOOP('',(#5256,#5258,#5260,#5262));
#5264=FACE_BOUND('',#5263,.F.);
#5266=CARTESIAN_POINT('',(1.E0,-1.098510628787E2,-1.E0));
#5267=DIRECTION('',(0.E0,1.E0,0.E0));
#5268=DIRECTION('',(-1.E0,0.E0,0.E0));
#5269=AXIS2_PLACEMENT_3D('',#5266,#5267,#5268);
#5270=CYLINDRICAL_SURFACE('',#5269,1.E0);
#5271=ORIENTED_EDGE('',*,*,#4259,.T.);
#5272=ORIENTED_EDGE('',*,*,#3650,.T.);
#5273=ORIENTED_EDGE('',*,*,#3674,.T.);
#5274=ORIENTED_EDGE('',*,*,#5245,.F.);
#5275=ORIENTED_EDGE('',*,*,#4223,.T.);
#5276=EDGE_LOOP('',(#5271,#5272,#5273,#5274,#5275));
#5277=FACE_OUTER_BOUND('',#5276,.F.);
#5279=CARTESIAN_POINT('',(0.E0,-4.05E1,0.E0));
#5280=DIRECTION('',(0.E0,1.E0,0.E0));
#5281=DIRECTION('',(0.E0,0.E0,1.E0));
#5282=AXIS2_PLACEMENT_3D('',#5279,#5280,#5281);
#5283=PLANE('',#5282);
#5284=ORIENTED_EDGE('',*,*,#4190,.T.);
#5285=ORIENTED_EDGE('',*,*,#5069,.T.);
#5286=ORIENTED_EDGE('',*,*,#5234,.T.);
#5287=ORIENTED_EDGE('',*,*,#5249,.T.);
#5288=EDGE_LOOP('',(#5284,#5285,#5286,#5287));
#5289=FACE_OUTER_BOUND('',#5288,.F.);
#5291=CARTESIAN_POINT('',(-2.9E1,-1.E0,0.E0));
#5292=DIRECTION('',(-1.E0,0.E0,0.E0));
#5293=DIRECTION('',(0.E0,-1.E0,0.E0));
#5294=AXIS2_PLACEMENT_3D('',#5291,#5292,#5293);
#5295=PLANE('',#5294);
#5296=ORIENTED_EDGE('',*,*,#5255,.F.);
#5298=ORIENTED_EDGE('',*,*,#5297,.T.);
#5300=ORIENTED_EDGE('',*,*,#5299,.T.);
#5302=ORIENTED_EDGE('',*,*,#5301,.F.);
#5303=EDGE_LOOP('',(#5296,#5298,#5300,#5302));
#5304=FACE_OUTER_BOUND('',#5303,.F.);
#5306=CARTESIAN_POINT('',(3.28E1,-1.E0,0.E0));
#5307=DIRECTION('',(0.E0,1.E0,0.E0));
#5308=DIRECTION('',(-1.E0,0.E0,0.E0));
#5309=AXIS2_PLACEMENT_3D('',#5306,#5307,#5308);
#5310=PLANE('',#5309);
#5311=ORIENTED_EDGE('',*,*,#5261,.F.);
#5313=ORIENTED_EDGE('',*,*,#5312,.T.);
#5315=ORIENTED_EDGE('',*,*,#5314,.T.);
#5316=ORIENTED_EDGE('',*,*,#5297,.F.);
#5317=EDGE_LOOP('',(#5311,#5313,#5315,#5316));
#5318=FACE_OUTER_BOUND('',#5317,.F.);
#5320=CARTESIAN_POINT('',(3.28E1,-3.95E1,0.E0));
#5321=DIRECTION('',(1.E0,0.E0,0.E0));
#5322=DIRECTION('',(0.E0,1.E0,0.E0));
#5323=AXIS2_PLACEMENT_3D('',#5320,#5321,#5322);
#5324=PLANE('',#5323);
#5325=ORIENTED_EDGE('',*,*,#5259,.F.);
#5327=ORIENTED_EDGE('',*,*,#5326,.T.);
#5329=ORIENTED_EDGE('',*,*,#5328,.T.);
#5330=ORIENTED_EDGE('',*,*,#5312,.F.);
#5331=EDGE_LOOP('',(#5325,#5327,#5329,#5330));
#5332=FACE_OUTER_BOUND('',#5331,.F.);
#5334=CARTESIAN_POINT('',(-2.9E1,-3.95E1,0.E0));
#5335=DIRECTION('',(0.E0,-1.E0,0.E0));
#5336=DIRECTION('',(1.E0,0.E0,0.E0));
#5337=AXIS2_PLACEMENT_3D('',#5334,#5335,#5336);
#5338=PLANE('',#5337);
#5339=ORIENTED_EDGE('',*,*,#5257,.F.);
#5340=ORIENTED_EDGE('',*,*,#5301,.T.);
#5342=ORIENTED_EDGE('',*,*,#5341,.T.);
#5343=ORIENTED_EDGE('',*,*,#5326,.F.);
#5344=EDGE_LOOP('',(#5339,#5340,#5342,#5343));
#5345=FACE_OUTER_BOUND('',#5344,.F.);
#5347=CARTESIAN_POINT('',(0.E0,0.E0,-1.5E0));
#5348=DIRECTION('',(0.E0,0.E0,1.E0));
#5349=DIRECTION('',(1.E0,0.E0,0.E0));
#5350=AXIS2_PLACEMENT_3D('',#5347,#5348,#5349);
#5351=PLANE('',#5350);
#5352=ORIENTED_EDGE('',*,*,#5299,.F.);
#5353=ORIENTED_EDGE('',*,*,#5314,.F.);
#5354=ORIENTED_EDGE('',*,*,#5328,.F.);
#5355=ORIENTED_EDGE('',*,*,#5341,.F.);
#5356=EDGE_LOOP('',(#5352,#5353,#5354,#5355));
#5357=FACE_OUTER_BOUND('',#5356,.F.);
#5359=ORIENTED_EDGE('',*,*,#5358,.F.);
#5361=ORIENTED_EDGE('',*,*,#5360,.F.);
#5363=ORIENTED_EDGE('',*,*,#5362,.F.);
#5365=ORIENTED_EDGE('',*,*,#5364,.F.);
#5367=ORIENTED_EDGE('',*,*,#5366,.T.);
#5368=ORIENTED_EDGE('',*,*,#4479,.T.);
#5370=ORIENTED_EDGE('',*,*,#5369,.T.);
#5372=ORIENTED_EDGE('',*,*,#5371,.T.);
#5374=ORIENTED_EDGE('',*,*,#5373,.T.);
#5376=ORIENTED_EDGE('',*,*,#5375,.F.);
#5377=EDGE_LOOP('',(#5359,#5361,#5363,#5365,#5367,#5368,#5370,#5372,#5374,
#5376));
#5378=FACE_BOUND('',#5377,.F.);
#5380=CARTESIAN_POINT('',(3.13E1,-2.425E1,2.21612E1));
#5381=DIRECTION('',(0.E0,0.E0,-1.E0));
#5382=DIRECTION('',(0.E0,-1.E0,0.E0));
#5383=AXIS2_PLACEMENT_3D('',#5380,#5381,#5382);
#5384=CYLINDRICAL_SURFACE('',#5383,5.E-1);
#5386=ORIENTED_EDGE('',*,*,#5385,.T.);
#5388=ORIENTED_EDGE('',*,*,#5387,.F.);
#5389=ORIENTED_EDGE('',*,*,#5358,.T.);
#5391=ORIENTED_EDGE('',*,*,#5390,.T.);
#5392=EDGE_LOOP('',(#5386,#5388,#5389,#5391));
#5393=FACE_OUTER_BOUND('',#5392,.F.);
#5395=CARTESIAN_POINT('',(3.13E1,-2.425E1,-2.210344907686E0));
#5396=DIRECTION('',(0.E0,0.E0,1.E0));
#5397=DIRECTION('',(0.E0,-1.E0,0.E0));
#5398=AXIS2_PLACEMENT_3D('',#5395,#5396,#5397);
#5399=CONICAL_SURFACE('',#5398,2.896550923141E-1,4.5E1);
#5400=ORIENTED_EDGE('',*,*,#5385,.F.);
#5402=ORIENTED_EDGE('',*,*,#5401,.F.);
#5404=ORIENTED_EDGE('',*,*,#5403,.T.);
#5405=EDGE_LOOP('',(#5400,#5402,#5404));
#5406=FACE_OUTER_BOUND('',#5405,.F.);
#5408=CARTESIAN_POINT('',(3.155E1,-2.45E1,-2.25E0));
#5409=DIRECTION('',(0.E0,-7.071067811866E-1,-7.071067811865E-1));
#5410=DIRECTION('',(0.E0,-7.071067811865E-1,7.071067811866E-1));
#5411=AXIS2_PLACEMENT_3D('',#5408,#5409,#5410);
#5412=PLANE('',#5411);
#5414=ORIENTED_EDGE('',*,*,#5413,.T.);
#5415=ORIENTED_EDGE('',*,*,#5401,.T.);
#5417=ORIENTED_EDGE('',*,*,#5416,.F.);
#5419=ORIENTED_EDGE('',*,*,#5418,.T.);
#5420=EDGE_LOOP('',(#5414,#5415,#5417,#5419));
#5421=FACE_OUTER_BOUND('',#5420,.F.);
#5423=CARTESIAN_POINT('',(0.E0,0.E0,-2.5E0));
#5424=DIRECTION('',(0.E0,0.E0,1.E0));
#5425=DIRECTION('',(1.E0,0.E0,0.E0));
#5426=AXIS2_PLACEMENT_3D('',#5423,#5424,#5425);
#5427=PLANE('',#5426);
#5429=ORIENTED_EDGE('',*,*,#5428,.F.);
#5431=ORIENTED_EDGE('',*,*,#5430,.F.);
#5432=ORIENTED_EDGE('',*,*,#5413,.F.);
#5434=ORIENTED_EDGE('',*,*,#5433,.T.);
#5435=EDGE_LOOP('',(#5429,#5431,#5432,#5434));
#5436=FACE_OUTER_BOUND('',#5435,.F.);
#5438=CARTESIAN_POINT('',(3.155E1,-1.6E1,-2.25E0));
#5439=DIRECTION('',(0.E0,7.071067811865E-1,-7.071067811865E-1));
#5440=DIRECTION('',(0.E0,7.071067811865E-1,7.071067811865E-1));
#5441=AXIS2_PLACEMENT_3D('',#5438,#5439,#5440);
#5442=PLANE('',#5441);
#5444=ORIENTED_EDGE('',*,*,#5443,.F.);
#5446=ORIENTED_EDGE('',*,*,#5445,.F.);
#5447=ORIENTED_EDGE('',*,*,#5428,.T.);
#5449=ORIENTED_EDGE('',*,*,#5448,.T.);
#5450=EDGE_LOOP('',(#5444,#5446,#5447,#5449));
#5451=FACE_OUTER_BOUND('',#5450,.F.);
#5453=CARTESIAN_POINT('',(3.18E1,-1.575E1,-1.5E0));
#5454=DIRECTION('',(0.E0,1.E0,0.E0));
#5455=DIRECTION('',(-1.E0,0.E0,0.E0));
#5456=AXIS2_PLACEMENT_3D('',#5453,#5454,#5455);
#5457=PLANE('',#5456);
#5458=ORIENTED_EDGE('',*,*,#5443,.T.);
#5460=ORIENTED_EDGE('',*,*,#5459,.F.);
#5461=ORIENTED_EDGE('',*,*,#5364,.T.);
#5463=ORIENTED_EDGE('',*,*,#5462,.T.);
#5464=EDGE_LOOP('',(#5458,#5460,#5461,#5463));
#5465=FACE_OUTER_BOUND('',#5464,.F.);
#5467=CARTESIAN_POINT('',(3.18E1,-3.85E1,0.E0));
#5468=DIRECTION('',(1.E0,0.E0,0.E0));
#5469=DIRECTION('',(0.E0,1.E0,0.E0));
#5470=AXIS2_PLACEMENT_3D('',#5467,#5468,#5469);
#5471=PLANE('',#5470);
#5473=ORIENTED_EDGE('',*,*,#5472,.T.);
#5475=ORIENTED_EDGE('',*,*,#5474,.F.);
#5477=ORIENTED_EDGE('',*,*,#5476,.F.);
#5479=ORIENTED_EDGE('',*,*,#5478,.F.);
#5480=ORIENTED_EDGE('',*,*,#4857,.T.);
#5481=ORIENTED_EDGE('',*,*,#4496,.F.);
#5482=EDGE_LOOP('',(#5473,#5475,#5477,#5479,#5480,#5481));
#5483=FACE_OUTER_BOUND('',#5482,.F.);
#5485=CARTESIAN_POINT('',(3.18E1,-3.85E1,0.E0));
#5486=DIRECTION('',(1.E0,0.E0,0.E0));
#5487=DIRECTION('',(0.E0,1.E0,0.E0));
#5488=AXIS2_PLACEMENT_3D('',#5485,#5486,#5487);
#5489=PLANE('',#5488);
#5490=ORIENTED_EDGE('',*,*,#5459,.T.);
#5491=ORIENTED_EDGE('',*,*,#5448,.F.);
#5492=ORIENTED_EDGE('',*,*,#5433,.F.);
#5493=ORIENTED_EDGE('',*,*,#5418,.F.);
#5495=ORIENTED_EDGE('',*,*,#5494,.F.);
#5496=ORIENTED_EDGE('',*,*,#5373,.F.);
#5498=ORIENTED_EDGE('',*,*,#5497,.T.);
#5499=ORIENTED_EDGE('',*,*,#4861,.T.);
#5501=ORIENTED_EDGE('',*,*,#5500,.F.);
#5503=ORIENTED_EDGE('',*,*,#5502,.F.);
#5505=ORIENTED_EDGE('',*,*,#5504,.F.);
#5507=ORIENTED_EDGE('',*,*,#5506,.T.);
#5509=ORIENTED_EDGE('',*,*,#5508,.T.);
#5511=ORIENTED_EDGE('',*,*,#5510,.T.);
#5512=ORIENTED_EDGE('',*,*,#4488,.T.);
#5514=ORIENTED_EDGE('',*,*,#5513,.T.);
#5515=ORIENTED_EDGE('',*,*,#4417,.T.);
#5517=ORIENTED_EDGE('',*,*,#5516,.F.);
#5518=ORIENTED_EDGE('',*,*,#4481,.F.);
#5519=ORIENTED_EDGE('',*,*,#5366,.F.);
#5520=EDGE_LOOP('',(#5490,#5491,#5492,#5493,#5495,#5496,#5498,#5499,#5501,#5503,
#5505,#5507,#5509,#5511,#5512,#5514,#5515,#5517,#5518,#5519));
#5521=FACE_OUTER_BOUND('',#5520,.F.);
#5523=CARTESIAN_POINT('',(3.18E1,-2.E0,-1.101E1));
#5524=DIRECTION('',(0.E0,0.E0,-1.E0));
#5525=DIRECTION('',(0.E0,-1.E0,0.E0));
#5526=AXIS2_PLACEMENT_3D('',#5523,#5524,#5525);
#5527=PLANE('',#5526);
#5528=ORIENTED_EDGE('',*,*,#5472,.F.);
#5529=ORIENTED_EDGE('',*,*,#4494,.T.);
#5531=ORIENTED_EDGE('',*,*,#5530,.T.);
#5533=ORIENTED_EDGE('',*,*,#5532,.T.);
#5534=EDGE_LOOP('',(#5528,#5529,#5531,#5533));
#5535=FACE_OUTER_BOUND('',#5534,.F.);
#5537=CARTESIAN_POINT('',(3.18E1,-2.E0,-1.101E1));
#5538=DIRECTION('',(0.E0,0.E0,-1.E0));
#5539=DIRECTION('',(0.E0,-1.E0,0.E0));
#5540=AXIS2_PLACEMENT_3D('',#5537,#5538,#5539);
#5541=PLANE('',#5540);
#5542=ORIENTED_EDGE('',*,*,#5506,.F.);
#5544=ORIENTED_EDGE('',*,*,#5543,.F.);
#5546=ORIENTED_EDGE('',*,*,#5545,.T.);
#5548=ORIENTED_EDGE('',*,*,#5547,.F.);
#5549=EDGE_LOOP('',(#5542,#5544,#5546,#5548));
#5550=FACE_OUTER_BOUND('',#5549,.F.);
#5552=CARTESIAN_POINT('',(3.28E1,0.E0,0.E0));
#5553=DIRECTION('',(-1.E0,0.E0,0.E0));
#5554=DIRECTION('',(0.E0,1.E0,0.E0));
#5555=AXIS2_PLACEMENT_3D('',#5552,#5553,#5554);
#5556=PLANE('',#5555);
#5558=ORIENTED_EDGE('',*,*,#5557,.F.);
#5560=ORIENTED_EDGE('',*,*,#5559,.T.);
#5561=ORIENTED_EDGE('',*,*,#5530,.F.);
#5562=ORIENTED_EDGE('',*,*,#4492,.F.);
#5564=ORIENTED_EDGE('',*,*,#5563,.F.);
#5566=ORIENTED_EDGE('',*,*,#5565,.F.);
#5567=ORIENTED_EDGE('',*,*,#5545,.F.);
#5569=ORIENTED_EDGE('',*,*,#5568,.T.);
#5570=EDGE_LOOP('',(#5558,#5560,#5561,#5562,#5564,#5566,#5567,#5569));
#5571=FACE_OUTER_BOUND('',#5570,.F.);
#5573=CARTESIAN_POINT('',(3.38E1,-1.E1,-9.61E0));
#5574=DIRECTION('',(0.E0,0.E0,1.E0));
#5575=DIRECTION('',(0.E0,-1.E0,0.E0));
#5576=AXIS2_PLACEMENT_3D('',#5573,#5574,#5575);
#5577=PLANE('',#5576);
#5578=ORIENTED_EDGE('',*,*,#5557,.T.);
#5580=ORIENTED_EDGE('',*,*,#5579,.F.);
#5581=ORIENTED_EDGE('',*,*,#4209,.F.);
#5583=ORIENTED_EDGE('',*,*,#5582,.T.);
#5584=EDGE_LOOP('',(#5578,#5580,#5581,#5583));
#5585=FACE_OUTER_BOUND('',#5584,.F.);
#5587=CARTESIAN_POINT('',(1.241487899400E2,-2.1E1,-1.111E1));
#5588=DIRECTION('',(-1.E0,0.E0,0.E0));
#5589=DIRECTION('',(0.E0,-1.E0,0.E0));
#5590=AXIS2_PLACEMENT_3D('',#5587,#5588,#5589);
#5591=CYLINDRICAL_SURFACE('',#5590,1.5E0);
#5592=ORIENTED_EDGE('',*,*,#5568,.F.);
#5593=ORIENTED_EDGE('',*,*,#5543,.T.);
#5594=ORIENTED_EDGE('',*,*,#5504,.T.);
#5596=ORIENTED_EDGE('',*,*,#5595,.F.);
#5597=ORIENTED_EDGE('',*,*,#4211,.T.);
#5598=ORIENTED_EDGE('',*,*,#5579,.T.);
#5599=EDGE_LOOP('',(#5592,#5593,#5594,#5596,#5597,#5598));
#5600=FACE_OUTER_BOUND('',#5599,.F.);
#5602=CARTESIAN_POINT('',(3.38E1,-2.25E1,-9.61E0));
#5603=DIRECTION('',(0.E0,-1.E0,0.E0));
#5604=DIRECTION('',(0.E0,0.E0,-1.E0));
#5605=AXIS2_PLACEMENT_3D('',#5602,#5603,#5604);
#5606=PLANE('',#5605);
#5608=ORIENTED_EDGE('',*,*,#5607,.F.);
#5609=ORIENTED_EDGE('',*,*,#4197,.F.);
#5610=ORIENTED_EDGE('',*,*,#5595,.T.);
#5611=ORIENTED_EDGE('',*,*,#5502,.T.);
#5612=EDGE_LOOP('',(#5608,#5609,#5610,#5611));
#5613=FACE_OUTER_BOUND('',#5612,.F.);
#5615=CARTESIAN_POINT('',(1.241487899400E2,-2.1E1,-1.361E1));
#5616=DIRECTION('',(-1.E0,0.E0,0.E0));
#5617=DIRECTION('',(0.E0,0.E0,-1.E0));
#5618=AXIS2_PLACEMENT_3D('',#5615,#5616,#5617);
#5619=CYLINDRICAL_SURFACE('',#5618,1.5E0);
#5621=ORIENTED_EDGE('',*,*,#5620,.F.);
#5622=ORIENTED_EDGE('',*,*,#4199,.T.);
#5623=ORIENTED_EDGE('',*,*,#5607,.T.);
#5624=ORIENTED_EDGE('',*,*,#5500,.T.);
#5626=ORIENTED_EDGE('',*,*,#5625,.T.);
#5627=EDGE_LOOP('',(#5621,#5622,#5623,#5624,#5626));
#5628=FACE_OUTER_BOUND('',#5627,.F.);
#5630=CARTESIAN_POINT('',(3.38E1,-2.25E1,-1.511E1));
#5631=DIRECTION('',(0.E0,0.E0,-1.E0));
#5632=DIRECTION('',(0.E0,1.E0,0.E0));
#5633=AXIS2_PLACEMENT_3D('',#5630,#5631,#5632);
#5634=PLANE('',#5633);
#5636=ORIENTED_EDGE('',*,*,#5635,.F.);
#5637=ORIENTED_EDGE('',*,*,#4201,.F.);
#5638=ORIENTED_EDGE('',*,*,#5620,.T.);
#5640=ORIENTED_EDGE('',*,*,#5639,.T.);
#5641=EDGE_LOOP('',(#5636,#5637,#5638,#5640));
#5642=FACE_OUTER_BOUND('',#5641,.F.);
#5644=CARTESIAN_POINT('',(1.241487899400E2,-1.15E1,-1.361E1));
#5645=DIRECTION('',(-1.E0,0.E0,0.E0));
#5646=DIRECTION('',(0.E0,1.E0,0.E0));
#5647=AXIS2_PLACEMENT_3D('',#5644,#5645,#5646);
#5648=CYLINDRICAL_SURFACE('',#5647,1.5E0);
#5650=ORIENTED_EDGE('',*,*,#5649,.F.);
#5651=ORIENTED_EDGE('',*,*,#4203,.T.);
#5652=ORIENTED_EDGE('',*,*,#5635,.T.);
#5654=ORIENTED_EDGE('',*,*,#5653,.T.);
#5655=ORIENTED_EDGE('',*,*,#5478,.T.);
#5656=EDGE_LOOP('',(#5650,#5651,#5652,#5654,#5655));
#5657=FACE_OUTER_BOUND('',#5656,.F.);
#5659=CARTESIAN_POINT('',(3.38E1,-1.E1,-1.511E1));
#5660=DIRECTION('',(0.E0,1.E0,0.E0));
#5661=DIRECTION('',(0.E0,0.E0,1.E0));
#5662=AXIS2_PLACEMENT_3D('',#5659,#5660,#5661);
#5663=PLANE('',#5662);
#5664=ORIENTED_EDGE('',*,*,#5649,.T.);
#5665=ORIENTED_EDGE('',*,*,#5476,.T.);
#5667=ORIENTED_EDGE('',*,*,#5666,.F.);
#5668=ORIENTED_EDGE('',*,*,#4205,.F.);
#5669=EDGE_LOOP('',(#5664,#5665,#5667,#5668));
#5670=FACE_OUTER_BOUND('',#5669,.F.);
#5672=CARTESIAN_POINT('',(1.241487899400E2,-1.15E1,-1.111E1));
#5673=DIRECTION('',(-1.E0,0.E0,0.E0));
#5674=DIRECTION('',(0.E0,0.E0,1.E0));
#5675=AXIS2_PLACEMENT_3D('',#5672,#5673,#5674);
#5676=CYLINDRICAL_SURFACE('',#5675,1.5E0);
#5677=ORIENTED_EDGE('',*,*,#5559,.F.);
#5678=ORIENTED_EDGE('',*,*,#5582,.F.);
#5679=ORIENTED_EDGE('',*,*,#4207,.T.);
#5680=ORIENTED_EDGE('',*,*,#5666,.T.);
#5681=ORIENTED_EDGE('',*,*,#5474,.T.);
#5682=ORIENTED_EDGE('',*,*,#5532,.F.);
#5683=EDGE_LOOP('',(#5677,#5678,#5679,#5680,#5681,#5682));
#5684=FACE_OUTER_BOUND('',#5683,.F.);
#5686=CARTESIAN_POINT('',(3.18E1,-3.85E1,0.E0));
#5687=DIRECTION('',(1.E0,0.E0,0.E0));
#5688=DIRECTION('',(0.E0,1.E0,0.E0));
#5689=AXIS2_PLACEMENT_3D('',#5686,#5687,#5688);
#5690=PLANE('',#5689);
#5691=ORIENTED_EDGE('',*,*,#5653,.F.);
#5692=ORIENTED_EDGE('',*,*,#5639,.F.);
#5693=ORIENTED_EDGE('',*,*,#5625,.F.);
#5694=ORIENTED_EDGE('',*,*,#4859,.T.);
#5695=EDGE_LOOP('',(#5691,#5692,#5693,#5694));
#5696=FACE_OUTER_BOUND('',#5695,.F.);
#5698=CARTESIAN_POINT('',(3.18E1,-3.25E1,-9.26E0));
#5699=DIRECTION('',(0.E0,0.E0,1.E0));
#5700=DIRECTION('',(0.E0,1.E0,0.E0));
#5701=AXIS2_PLACEMENT_3D('',#5698,#5699,#5700);
#5702=PLANE('',#5701);
#5703=ORIENTED_EDGE('',*,*,#5510,.F.);
#5705=ORIENTED_EDGE('',*,*,#5704,.T.);
#5706=ORIENTED_EDGE('',*,*,#5563,.T.);
#5707=ORIENTED_EDGE('',*,*,#4490,.F.);
#5708=EDGE_LOOP('',(#5703,#5705,#5706,#5707));
#5709=FACE_OUTER_BOUND('',#5708,.F.);
#5711=CARTESIAN_POINT('',(3.18E1,-3.25E1,-1.101E1));
#5712=DIRECTION('',(0.E0,-1.E0,0.E0));
#5713=DIRECTION('',(0.E0,0.E0,1.E0));
#5714=AXIS2_PLACEMENT_3D('',#5711,#5712,#5713);
#5715=PLANE('',#5714);
#5716=ORIENTED_EDGE('',*,*,#5508,.F.);
#5717=ORIENTED_EDGE('',*,*,#5547,.T.);
#5718=ORIENTED_EDGE('',*,*,#5565,.T.);
#5719=ORIENTED_EDGE('',*,*,#5704,.F.);
#5720=EDGE_LOOP('',(#5716,#5717,#5718,#5719));
#5721=FACE_OUTER_BOUND('',#5720,.F.);
#5723=CARTESIAN_POINT('',(3.08E1,-2.475E1,-1.5E0));
#5724=DIRECTION('',(0.E0,-1.E0,0.E0));
#5725=DIRECTION('',(1.E0,0.E0,0.E0));
#5726=AXIS2_PLACEMENT_3D('',#5723,#5724,#5725);
#5727=PLANE('',#5726);
#5728=ORIENTED_EDGE('',*,*,#5416,.T.);
#5729=ORIENTED_EDGE('',*,*,#5390,.F.);
#5730=ORIENTED_EDGE('',*,*,#5375,.T.);
#5731=ORIENTED_EDGE('',*,*,#5494,.T.);
#5732=EDGE_LOOP('',(#5728,#5729,#5730,#5731));
#5733=FACE_OUTER_BOUND('',#5732,.F.);
#5735=CARTESIAN_POINT('',(-2.8E1,-3.85E1,0.E0));
#5736=DIRECTION('',(0.E0,-1.E0,0.E0));
#5737=DIRECTION('',(1.E0,0.E0,0.E0));
#5738=AXIS2_PLACEMENT_3D('',#5735,#5736,#5737);
#5739=PLANE('',#5738);
#5740=ORIENTED_EDGE('',*,*,#5371,.F.);
#5742=ORIENTED_EDGE('',*,*,#5741,.T.);
#5743=ORIENTED_EDGE('',*,*,#4863,.T.);
#5744=ORIENTED_EDGE('',*,*,#5497,.F.);
#5745=EDGE_LOOP('',(#5740,#5742,#5743,#5744));
#5746=FACE_OUTER_BOUND('',#5745,.F.);
#5748=CARTESIAN_POINT('',(-2.8E1,-2.E0,0.E0));
#5749=DIRECTION('',(-1.E0,0.E0,0.E0));
#5750=DIRECTION('',(0.E0,-1.E0,0.E0));
#5751=AXIS2_PLACEMENT_3D('',#5748,#5749,#5750);
#5752=PLANE('',#5751);
#5753=ORIENTED_EDGE('',*,*,#5369,.F.);
#5754=ORIENTED_EDGE('',*,*,#4516,.T.);
#5755=ORIENTED_EDGE('',*,*,#4865,.T.);
#5756=ORIENTED_EDGE('',*,*,#5741,.F.);
#5757=EDGE_LOOP('',(#5753,#5754,#5755,#5756));
#5758=FACE_OUTER_BOUND('',#5757,.F.);
#5760=ORIENTED_EDGE('',*,*,#5759,.T.);
#5762=ORIENTED_EDGE('',*,*,#5761,.T.);
#5764=ORIENTED_EDGE('',*,*,#5763,.F.);
#5766=ORIENTED_EDGE('',*,*,#5765,.T.);
#5767=EDGE_LOOP('',(#5760,#5762,#5764,#5766));
#5768=FACE_BOUND('',#5767,.F.);
#5770=CARTESIAN_POINT('',(-2.8E1,-2.7E1,-2.E0));
#5771=DIRECTION('',(0.E0,-1.E0,0.E0));
#5772=DIRECTION('',(0.E0,0.E0,-1.E0));
#5773=AXIS2_PLACEMENT_3D('',#5770,#5771,#5772);
#5774=PLANE('',#5773);
#5775=ORIENTED_EDGE('',*,*,#5759,.F.);
#5777=ORIENTED_EDGE('',*,*,#5776,.T.);
#5779=ORIENTED_EDGE('',*,*,#5778,.T.);
#5781=ORIENTED_EDGE('',*,*,#5780,.F.);
#5782=EDGE_LOOP('',(#5775,#5777,#5779,#5781));
#5783=FACE_OUTER_BOUND('',#5782,.F.);
#5785=CARTESIAN_POINT('',(-2.8E1,-1.35E1,-2.E0));
#5786=DIRECTION('',(0.E0,0.E0,1.E0));
#5787=DIRECTION('',(0.E0,-1.E0,0.E0));
#5788=AXIS2_PLACEMENT_3D('',#5785,#5786,#5787);
#5789=PLANE('',#5788);
#5790=ORIENTED_EDGE('',*,*,#5765,.F.);
#5792=ORIENTED_EDGE('',*,*,#5791,.T.);
#5794=ORIENTED_EDGE('',*,*,#5793,.T.);
#5795=ORIENTED_EDGE('',*,*,#5776,.F.);
#5796=EDGE_LOOP('',(#5790,#5792,#5794,#5795));
#5797=FACE_OUTER_BOUND('',#5796,.F.);
#5799=CARTESIAN_POINT('',(-2.8E1,-1.35E1,-3.5E0));
#5800=DIRECTION('',(0.E0,1.E0,0.E0));
#5801=DIRECTION('',(0.E0,0.E0,1.E0));
#5802=AXIS2_PLACEMENT_3D('',#5799,#5800,#5801);
#5803=PLANE('',#5802);
#5804=ORIENTED_EDGE('',*,*,#5763,.T.);
#5806=ORIENTED_EDGE('',*,*,#5805,.T.);
#5808=ORIENTED_EDGE('',*,*,#5807,.T.);
#5809=ORIENTED_EDGE('',*,*,#5791,.F.);
#5810=EDGE_LOOP('',(#5804,#5806,#5808,#5809));
#5811=FACE_OUTER_BOUND('',#5810,.F.);
#5813=CARTESIAN_POINT('',(-2.8E1,-2.7E1,-3.5E0));
#5814=DIRECTION('',(0.E0,0.E0,-1.E0));
#5815=DIRECTION('',(0.E0,1.E0,0.E0));
#5816=AXIS2_PLACEMENT_3D('',#5813,#5814,#5815);
#5817=PLANE('',#5816);
#5818=ORIENTED_EDGE('',*,*,#5761,.F.);
#5819=ORIENTED_EDGE('',*,*,#5780,.T.);
#5821=ORIENTED_EDGE('',*,*,#5820,.T.);
#5822=ORIENTED_EDGE('',*,*,#5805,.F.);
#5823=EDGE_LOOP('',(#5818,#5819,#5821,#5822));
#5824=FACE_OUTER_BOUND('',#5823,.F.);
#5826=CARTESIAN_POINT('',(-2.9E1,0.E0,0.E0));
#5827=DIRECTION('',(1.E0,0.E0,0.E0));
#5828=DIRECTION('',(0.E0,1.E0,0.E0));
#5829=AXIS2_PLACEMENT_3D('',#5826,#5827,#5828);
#5830=PLANE('',#5829);
#5831=ORIENTED_EDGE('',*,*,#5778,.F.);
#5832=ORIENTED_EDGE('',*,*,#5793,.F.);
#5833=ORIENTED_EDGE('',*,*,#5807,.F.);
#5834=ORIENTED_EDGE('',*,*,#5820,.F.);
#5835=EDGE_LOOP('',(#5831,#5832,#5833,#5834));
#5836=FACE_OUTER_BOUND('',#5835,.F.);
#5838=CARTESIAN_POINT('',(4.7E0,-2.E0,-1.026E1));
#5839=DIRECTION('',(0.E0,0.E0,-1.E0));
#5840=DIRECTION('',(1.E0,0.E0,0.E0));
#5841=AXIS2_PLACEMENT_3D('',#5838,#5839,#5840);
#5842=PLANE('',#5841);
#5843=ORIENTED_EDGE('',*,*,#4486,.T.);
#5844=ORIENTED_EDGE('',*,*,#4469,.T.);
#5845=ORIENTED_EDGE('',*,*,#4419,.T.);
#5846=ORIENTED_EDGE('',*,*,#5513,.F.);
#5847=EDGE_LOOP('',(#5843,#5844,#5845,#5846));
#5848=FACE_OUTER_BOUND('',#5847,.F.);
#5850=CARTESIAN_POINT('',(3.18E1,-2.E0,-2.26E0));
#5851=DIRECTION('',(0.E0,0.E0,1.E0));
#5852=DIRECTION('',(-1.E0,0.E0,0.E0));
#5853=AXIS2_PLACEMENT_3D('',#5850,#5851,#5852);
#5854=PLANE('',#5853);
#5855=ORIENTED_EDGE('',*,*,#4483,.F.);
#5856=ORIENTED_EDGE('',*,*,#5516,.T.);
#5857=ORIENTED_EDGE('',*,*,#4415,.T.);
#5858=ORIENTED_EDGE('',*,*,#4466,.F.);
#5859=EDGE_LOOP('',(#5855,#5856,#5857,#5858));
#5860=FACE_OUTER_BOUND('',#5859,.F.);
#5862=CARTESIAN_POINT('',(3.13E1,-1.625E1,2.21612E1));
#5863=DIRECTION('',(0.E0,0.E0,-1.E0));
#5864=DIRECTION('',(-1.E0,0.E0,0.E0));
#5865=AXIS2_PLACEMENT_3D('',#5862,#5863,#5864);
#5866=CYLINDRICAL_SURFACE('',#5865,5.E-1);
#5868=ORIENTED_EDGE('',*,*,#5867,.T.);
#5869=ORIENTED_EDGE('',*,*,#5462,.F.);
#5870=ORIENTED_EDGE('',*,*,#5362,.T.);
#5872=ORIENTED_EDGE('',*,*,#5871,.T.);
#5873=EDGE_LOOP('',(#5868,#5869,#5870,#5872));
#5874=FACE_OUTER_BOUND('',#5873,.F.);
#5876=CARTESIAN_POINT('',(3.13E1,-1.625E1,-2.210344907686E0));
#5877=DIRECTION('',(0.E0,0.E0,1.E0));
#5878=DIRECTION('',(0.E0,-1.E0,0.E0));
#5879=AXIS2_PLACEMENT_3D('',#5876,#5877,#5878);
#5880=CONICAL_SURFACE('',#5879,2.896550923141E-1,4.5E1);
#5881=ORIENTED_EDGE('',*,*,#5867,.F.);
#5883=ORIENTED_EDGE('',*,*,#5882,.F.);
#5884=ORIENTED_EDGE('',*,*,#5445,.T.);
#5885=EDGE_LOOP('',(#5881,#5883,#5884));
#5886=FACE_OUTER_BOUND('',#5885,.F.);
#5888=CARTESIAN_POINT('',(3.105E1,-2.025E1,-2.25E0));
#5889=DIRECTION('',(-7.071067811865E-1,0.E0,-7.071067811865E-1));
#5890=DIRECTION('',(-7.071067811865E-1,0.E0,7.071067811865E-1));
#5891=AXIS2_PLACEMENT_3D('',#5888,#5889,#5890);
#5892=PLANE('',#5891);
#5893=ORIENTED_EDGE('',*,*,#5430,.T.);
#5894=ORIENTED_EDGE('',*,*,#5882,.T.);
#5896=ORIENTED_EDGE('',*,*,#5895,.F.);
#5897=ORIENTED_EDGE('',*,*,#5403,.F.);
#5898=EDGE_LOOP('',(#5893,#5894,#5896,#5897));
#5899=FACE_OUTER_BOUND('',#5898,.F.);
#5901=CARTESIAN_POINT('',(3.08E1,-1.575E1,-1.5E0));
#5902=DIRECTION('',(-1.E0,0.E0,0.E0));
#5903=DIRECTION('',(0.E0,-1.E0,0.E0));
#5904=AXIS2_PLACEMENT_3D('',#5901,#5902,#5903);
#5905=PLANE('',#5904);
#5906=ORIENTED_EDGE('',*,*,#5895,.T.);
#5907=ORIENTED_EDGE('',*,*,#5871,.F.);
#5908=ORIENTED_EDGE('',*,*,#5360,.T.);
#5909=ORIENTED_EDGE('',*,*,#5387,.T.);
#5910=EDGE_LOOP('',(#5906,#5907,#5908,#5909));
#5911=FACE_OUTER_BOUND('',#5910,.F.);
#5913=CARTESIAN_POINT('',(-3.488E0,-7.47E0,-1.101E1));
#5914=DIRECTION('',(0.E0,0.E0,-1.E0));
#5915=DIRECTION('',(-1.E0,0.E0,0.E0));
#5916=AXIS2_PLACEMENT_3D('',#5913,#5914,#5915);
#5917=CYLINDRICAL_SURFACE('',#5916,1.5E0);
#5919=ORIENTED_EDGE('',*,*,#5918,.F.);
#5921=ORIENTED_EDGE('',*,*,#5920,.F.);
#5922=ORIENTED_EDGE('',*,*,#5078,.F.);
#5924=ORIENTED_EDGE('',*,*,#5923,.F.);
#5925=EDGE_LOOP('',(#5919,#5921,#5922,#5924));
#5926=FACE_OUTER_BOUND('',#5925,.F.);
#5928=CARTESIAN_POINT('',(-3.488E0,-7.47E0,-1.549992304727E1));
#5929=DIRECTION('',(0.E0,0.E0,1.E0));
#5930=DIRECTION('',(0.E0,-1.E0,0.E0));
#5931=AXIS2_PLACEMENT_3D('',#5928,#5929,#5930);
#5932=CONICAL_SURFACE('',#5931,3.500307810918E0,7.596375653207E1);
#5933=ORIENTED_EDGE('',*,*,#4739,.T.);
#5934=ORIENTED_EDGE('',*,*,#4823,.F.);
#5935=ORIENTED_EDGE('',*,*,#4853,.T.);
#5937=ORIENTED_EDGE('',*,*,#5936,.T.);
#5938=ORIENTED_EDGE('',*,*,#5918,.T.);
#5940=ORIENTED_EDGE('',*,*,#5939,.F.);
#5941=ORIENTED_EDGE('',*,*,#4849,.T.);
#5943=ORIENTED_EDGE('',*,*,#5942,.F.);
#5944=EDGE_LOOP('',(#5933,#5934,#5935,#5937,#5938,#5940,#5941,#5943));
#5945=FACE_OUTER_BOUND('',#5944,.F.);
#5947=CARTESIAN_POINT('',(-3.488E0,-7.47E0,-1.550000000049E1));
#5948=DIRECTION('',(0.E0,0.E0,1.E0));
#5949=DIRECTION('',(0.E0,-1.E0,0.E0));
#5950=AXIS2_PLACEMENT_3D('',#5947,#5948,#5949);
#5951=CONICAL_SURFACE('',#5950,3.499999998022E0,7.596375653207E1);
#5952=ORIENTED_EDGE('',*,*,#4851,.T.);
#5953=ORIENTED_EDGE('',*,*,#5939,.T.);
#5955=ORIENTED_EDGE('',*,*,#5954,.F.);
#5956=ORIENTED_EDGE('',*,*,#5936,.F.);
#5957=EDGE_LOOP('',(#5952,#5953,#5955,#5956));
#5958=FACE_OUTER_BOUND('',#5957,.F.);
#5960=CARTESIAN_POINT('',(-3.488E0,-7.47E0,-1.101E1));
#5961=DIRECTION('',(0.E0,0.E0,-1.E0));
#5962=DIRECTION('',(-1.E0,0.E0,0.E0));
#5963=AXIS2_PLACEMENT_3D('',#5960,#5961,#5962);
#5964=CYLINDRICAL_SURFACE('',#5963,1.5E0);
#5965=ORIENTED_EDGE('',*,*,#5954,.T.);
#5966=ORIENTED_EDGE('',*,*,#5923,.T.);
#5967=ORIENTED_EDGE('',*,*,#5080,.F.);
#5968=ORIENTED_EDGE('',*,*,#5920,.T.);
#5969=EDGE_LOOP('',(#5965,#5966,#5967,#5968));
#5970=FACE_OUTER_BOUND('',#5969,.F.);
#5972=CARTESIAN_POINT('',(-6.2E0,-2.E0,-1.101E1));
#5973=DIRECTION('',(-1.E0,0.E0,0.E0));
#5974=DIRECTION('',(0.E0,0.E0,-1.E0));
#5975=AXIS2_PLACEMENT_3D('',#5972,#5973,#5974);
#5976=PLANE('',#5975);
#5977=ORIENTED_EDGE('',*,*,#4741,.F.);
#5978=ORIENTED_EDGE('',*,*,#5942,.T.);
#5979=ORIENTED_EDGE('',*,*,#4847,.F.);
#5980=ORIENTED_EDGE('',*,*,#4504,.T.);
#5982=ORIENTED_EDGE('',*,*,#5981,.T.);
#5983=EDGE_LOOP('',(#5977,#5978,#5979,#5980,#5982));
#5984=FACE_OUTER_BOUND('',#5983,.F.);
#5986=CARTESIAN_POINT('',(-1.2E0,-2.E0,-1.101E1));
#5987=DIRECTION('',(0.E0,0.E0,1.E0));
#5988=DIRECTION('',(-1.E0,0.E0,0.E0));
#5989=AXIS2_PLACEMENT_3D('',#5986,#5987,#5988);
#5990=PLANE('',#5989);
#5991=ORIENTED_EDGE('',*,*,#4502,.F.);
#5992=ORIENTED_EDGE('',*,*,#4826,.T.);
#5993=ORIENTED_EDGE('',*,*,#4743,.T.);
#5994=ORIENTED_EDGE('',*,*,#5981,.F.);
#5995=EDGE_LOOP('',(#5991,#5992,#5993,#5994));
#5996=FACE_OUTER_BOUND('',#5995,.F.);
#5998=CARTESIAN_POINT('',(-1.007133325386E1,-7.427446813583E0,-1.7E1));
#5999=DIRECTION('',(-4.547769415434E-1,-8.906053746977E-1,0.E0));
#6000=DIRECTION('',(-8.906053746977E-1,4.547769415434E-1,0.E0));
#6001=AXIS2_PLACEMENT_3D('',#5998,#5999,#6000);
#6002=PLANE('',#6001);
#6003=ORIENTED_EDGE('',*,*,#5084,.F.);
#6005=ORIENTED_EDGE('',*,*,#6004,.T.);
#6007=ORIENTED_EDGE('',*,*,#6006,.T.);
#6009=ORIENTED_EDGE('',*,*,#6008,.F.);
#6010=EDGE_LOOP('',(#6003,#6005,#6007,#6009));
#6011=FACE_OUTER_BOUND('',#6010,.F.);
#6013=CARTESIAN_POINT('',(-1.0238E1,-7.512553186417E0,-1.7E1));
#6014=DIRECTION('',(-4.547769415434E-1,8.906053746977E-1,0.E0));
#6015=DIRECTION('',(8.906053746977E-1,4.547769415434E-1,0.E0));
#6016=AXIS2_PLACEMENT_3D('',#6013,#6014,#6015);
#6017=PLANE('',#6016);
#6018=ORIENTED_EDGE('',*,*,#5120,.F.);
#6020=ORIENTED_EDGE('',*,*,#6019,.T.);
#6022=ORIENTED_EDGE('',*,*,#6021,.T.);
#6023=ORIENTED_EDGE('',*,*,#6004,.F.);
#6024=EDGE_LOOP('',(#6018,#6020,#6022,#6023));
#6025=FACE_OUTER_BOUND('',#6024,.F.);
#6027=CARTESIAN_POINT('',(-1.0488E1,-7.852978677750E0,-1.7E1));
#6028=DIRECTION('',(-8.060043958311E-1,5.919095487496E-1,0.E0));
#6029=DIRECTION('',(5.919095487496E-1,8.060043958311E-1,0.E0));
#6030=AXIS2_PLACEMENT_3D('',#6027,#6028,#6029);
#6031=PLANE('',#6030);
#6032=ORIENTED_EDGE('',*,*,#5118,.F.);
#6034=ORIENTED_EDGE('',*,*,#6033,.T.);
#6036=ORIENTED_EDGE('',*,*,#6035,.T.);
#6037=ORIENTED_EDGE('',*,*,#6019,.F.);
#6038=EDGE_LOOP('',(#6032,#6034,#6036,#6037));
#6039=FACE_OUTER_BOUND('',#6038,.F.);
#6041=CARTESIAN_POINT('',(-1.057133325386E1,-8.108297915459E0,-1.7E1));
#6042=DIRECTION('',(-9.506453221247E-1,3.102796666273E-1,0.E0));
#6043=DIRECTION('',(3.102796666273E-1,9.506453221247E-1,0.E0));
#6044=AXIS2_PLACEMENT_3D('',#6041,#6042,#6043);
#6045=PLANE('',#6044);
#6046=ORIENTED_EDGE('',*,*,#5116,.F.);
#6048=ORIENTED_EDGE('',*,*,#6047,.T.);
#6050=ORIENTED_EDGE('',*,*,#6049,.T.);
#6051=ORIENTED_EDGE('',*,*,#6033,.F.);
#6052=EDGE_LOOP('',(#6046,#6048,#6050,#6051));
#6053=FACE_OUTER_BOUND('',#6052,.F.);
#6055=CARTESIAN_POINT('',(-1.057133325386E1,-8.533829779625E0,-1.7E1));
#6056=DIRECTION('',(-1.E0,0.E0,0.E0));
#6057=DIRECTION('',(0.E0,1.E0,0.E0));
#6058=AXIS2_PLACEMENT_3D('',#6055,#6056,#6057);
#6059=PLANE('',#6058);
#6060=ORIENTED_EDGE('',*,*,#5114,.F.);
#6062=ORIENTED_EDGE('',*,*,#6061,.T.);
#6064=ORIENTED_EDGE('',*,*,#6063,.T.);
#6065=ORIENTED_EDGE('',*,*,#6047,.F.);
#6066=EDGE_LOOP('',(#6060,#6062,#6064,#6065));
#6067=FACE_OUTER_BOUND('',#6066,.F.);
#6069=CARTESIAN_POINT('',(-1.0488E1,-8.789148957729E0,-1.7E1));
#6070=DIRECTION('',(-9.506453007588E-1,-3.102797320889E-1,0.E0));
#6071=DIRECTION('',(-3.102797320889E-1,9.506453007588E-1,0.E0));
#6072=AXIS2_PLACEMENT_3D('',#6069,#6070,#6071);
#6073=PLANE('',#6072);
#6074=ORIENTED_EDGE('',*,*,#5112,.F.);
#6076=ORIENTED_EDGE('',*,*,#6075,.T.);
#6078=ORIENTED_EDGE('',*,*,#6077,.T.);
#6079=ORIENTED_EDGE('',*,*,#6061,.F.);
#6080=EDGE_LOOP('',(#6074,#6076,#6078,#6079));
#6081=FACE_OUTER_BOUND('',#6080,.F.);
#6083=CARTESIAN_POINT('',(-1.0238E1,-9.129574478865E0,-1.7E1));
#6084=DIRECTION('',(-8.060044205527E-1,-5.919095150862E-1,0.E0));
#6085=DIRECTION('',(-5.919095150862E-1,8.060044205527E-1,0.E0));
#6086=AXIS2_PLACEMENT_3D('',#6083,#6084,#6085);
#6087=PLANE('',#6086);
#6088=ORIENTED_EDGE('',*,*,#5110,.F.);
#6090=ORIENTED_EDGE('',*,*,#6089,.T.);
#6092=ORIENTED_EDGE('',*,*,#6091,.T.);
#6093=ORIENTED_EDGE('',*,*,#6075,.F.);
#6094=EDGE_LOOP('',(#6088,#6090,#6092,#6093));
#6095=FACE_OUTER_BOUND('',#6094,.F.);
#6097=CARTESIAN_POINT('',(-9.904666746140E0,-9.384893619716E0,-1.7E1));
#6098=DIRECTION('',(-6.080769570239E-1,-7.938780853107E-1,0.E0));
#6099=DIRECTION('',(-7.938780853107E-1,6.080769570239E-1,0.E0));
#6100=AXIS2_PLACEMENT_3D('',#6097,#6098,#6099);
#6101=PLANE('',#6100);
#6102=ORIENTED_EDGE('',*,*,#5108,.F.);
#6104=ORIENTED_EDGE('',*,*,#6103,.T.);
#6106=ORIENTED_EDGE('',*,*,#6105,.T.);
#6107=ORIENTED_EDGE('',*,*,#6089,.F.);
#6108=EDGE_LOOP('',(#6102,#6104,#6106,#6107));
#6109=FACE_OUTER_BOUND('',#6108,.F.);
#6111=CARTESIAN_POINT('',(-9.488E0,-9.47E0,-1.7E1));
#6112=DIRECTION('',(-2.001233352361E-1,-9.797707133274E-1,0.E0));
#6113=DIRECTION('',(-9.797707133274E-1,2.001233352361E-1,0.E0));
#6114=AXIS2_PLACEMENT_3D('',#6111,#6112,#6113);
#6115=PLANE('',#6114);
#6116=ORIENTED_EDGE('',*,*,#5106,.F.);
#6118=ORIENTED_EDGE('',*,*,#6117,.T.);
#6120=ORIENTED_EDGE('',*,*,#6119,.T.);
#6121=ORIENTED_EDGE('',*,*,#6103,.F.);
#6122=EDGE_LOOP('',(#6116,#6118,#6120,#6121));
#6123=FACE_OUTER_BOUND('',#6122,.F.);
#6125=CARTESIAN_POINT('',(-7.488E0,-9.47E0,-1.7E1));
#6126=DIRECTION('',(0.E0,-1.E0,0.E0));
#6127=DIRECTION('',(-1.E0,0.E0,0.E0));
#6128=AXIS2_PLACEMENT_3D('',#6125,#6126,#6127);
#6129=PLANE('',#6128);
#6130=ORIENTED_EDGE('',*,*,#5104,.F.);
#6132=ORIENTED_EDGE('',*,*,#6131,.T.);
#6134=ORIENTED_EDGE('',*,*,#6133,.T.);
#6135=ORIENTED_EDGE('',*,*,#6117,.F.);
#6136=EDGE_LOOP('',(#6130,#6132,#6134,#6135));
#6137=FACE_OUTER_BOUND('',#6136,.F.);
#6139=CARTESIAN_POINT('',(-7.488E0,-5.47E0,-1.7E1));
#6140=DIRECTION('',(1.E0,0.E0,0.E0));
#6141=DIRECTION('',(0.E0,-1.E0,0.E0));
#6142=AXIS2_PLACEMENT_3D('',#6139,#6140,#6141);
#6143=PLANE('',#6142);
#6144=ORIENTED_EDGE('',*,*,#5102,.F.);
#6146=ORIENTED_EDGE('',*,*,#6145,.T.);
#6148=ORIENTED_EDGE('',*,*,#6147,.T.);
#6149=ORIENTED_EDGE('',*,*,#6131,.F.);
#6150=EDGE_LOOP('',(#6144,#6146,#6148,#6149));
#6151=FACE_OUTER_BOUND('',#6150,.F.);
#6153=CARTESIAN_POINT('',(-9.488E0,-5.47E0,-1.7E1));
#6154=DIRECTION('',(0.E0,1.E0,0.E0));
#6155=DIRECTION('',(1.E0,0.E0,0.E0));
#6156=AXIS2_PLACEMENT_3D('',#6153,#6154,#6155);
#6157=PLANE('',#6156);
#6158=ORIENTED_EDGE('',*,*,#5100,.F.);
#6160=ORIENTED_EDGE('',*,*,#6159,.T.);
#6162=ORIENTED_EDGE('',*,*,#6161,.T.);
#6163=ORIENTED_EDGE('',*,*,#6145,.F.);
#6164=EDGE_LOOP('',(#6158,#6160,#6162,#6163));
#6165=FACE_OUTER_BOUND('',#6164,.F.);
#6167=CARTESIAN_POINT('',(-9.904666746140E0,-5.555106372833E0,-1.7E1));
#6168=DIRECTION('',(-2.001233184181E-1,9.797707167625E-1,0.E0));
#6169=DIRECTION('',(9.797707167625E-1,2.001233184181E-1,0.E0));
#6170=AXIS2_PLACEMENT_3D('',#6167,#6168,#6169);
#6171=PLANE('',#6170);
#6172=ORIENTED_EDGE('',*,*,#5098,.F.);
#6174=ORIENTED_EDGE('',*,*,#6173,.T.);
#6176=ORIENTED_EDGE('',*,*,#6175,.T.);
#6177=ORIENTED_EDGE('',*,*,#6159,.F.);
#6178=EDGE_LOOP('',(#6172,#6174,#6176,#6177));
#6179=FACE_OUTER_BOUND('',#6178,.F.);
#6181=CARTESIAN_POINT('',(-1.0238E1,-5.810425491333E0,-1.7E1));
#6182=DIRECTION('',(-6.080769234738E-1,7.938781110087E-1,0.E0));
#6183=DIRECTION('',(7.938781110087E-1,6.080769234738E-1,0.E0));
#6184=AXIS2_PLACEMENT_3D('',#6181,#6182,#6183);
#6185=PLANE('',#6184);
#6186=ORIENTED_EDGE('',*,*,#5096,.F.);
#6188=ORIENTED_EDGE('',*,*,#6187,.T.);
#6190=ORIENTED_EDGE('',*,*,#6189,.T.);
#6191=ORIENTED_EDGE('',*,*,#6173,.F.);
#6192=EDGE_LOOP('',(#6186,#6188,#6190,#6191));
#6193=FACE_OUTER_BOUND('',#6192,.F.);
#6195=CARTESIAN_POINT('',(-1.0488E1,-6.150850982666E0,-1.7E1));
#6196=DIRECTION('',(-8.060043958311E-1,5.919095487496E-1,0.E0));
#6197=DIRECTION('',(5.919095487496E-1,8.060043958311E-1,0.E0));
#6198=AXIS2_PLACEMENT_3D('',#6195,#6196,#6197);
#6199=PLANE('',#6198);
#6200=ORIENTED_EDGE('',*,*,#5094,.F.);
#6202=ORIENTED_EDGE('',*,*,#6201,.T.);
#6204=ORIENTED_EDGE('',*,*,#6203,.T.);
#6205=ORIENTED_EDGE('',*,*,#6187,.F.);
#6206=EDGE_LOOP('',(#6200,#6202,#6204,#6205));
#6207=FACE_OUTER_BOUND('',#6206,.F.);
#6209=CARTESIAN_POINT('',(-1.057133325386E1,-6.406170101166E0,-1.7E1));
#6210=DIRECTION('',(-9.506452793929E-1,3.102797975506E-1,0.E0));
#6211=DIRECTION('',(3.102797975506E-1,9.506452793929E-1,0.E0));
#6212=AXIS2_PLACEMENT_3D('',#6209,#6210,#6211);
#6213=PLANE('',#6212);
#6214=ORIENTED_EDGE('',*,*,#5092,.F.);
#6216=ORIENTED_EDGE('',*,*,#6215,.T.);
#6218=ORIENTED_EDGE('',*,*,#6217,.T.);
#6219=ORIENTED_EDGE('',*,*,#6201,.F.);
#6220=EDGE_LOOP('',(#6214,#6216,#6218,#6219));
#6221=FACE_OUTER_BOUND('',#6220,.F.);
#6223=CARTESIAN_POINT('',(-1.057133325386E1,-6.746595830917E0,-1.7E1));
#6224=DIRECTION('',(-1.E0,0.E0,0.E0));
#6225=DIRECTION('',(0.E0,1.E0,0.E0));
#6226=AXIS2_PLACEMENT_3D('',#6223,#6224,#6225);
#6227=PLANE('',#6226);
#6228=ORIENTED_EDGE('',*,*,#5090,.F.);
#6230=ORIENTED_EDGE('',*,*,#6229,.T.);
#6232=ORIENTED_EDGE('',*,*,#6231,.T.);
#6233=ORIENTED_EDGE('',*,*,#6215,.F.);
#6234=EDGE_LOOP('',(#6228,#6230,#6232,#6233));
#6235=FACE_OUTER_BOUND('',#6234,.F.);
#6237=CARTESIAN_POINT('',(-1.0488E1,-7.001914949417E0,-1.7E1));
#6238=DIRECTION('',(-9.506452793929E-1,-3.102797975506E-1,0.E0));
#6239=DIRECTION('',(-3.102797975506E-1,9.506452793929E-1,0.E0));
#6240=AXIS2_PLACEMENT_3D('',#6237,#6238,#6239);
#6241=PLANE('',#6240);
#6242=ORIENTED_EDGE('',*,*,#5088,.F.);
#6244=ORIENTED_EDGE('',*,*,#6243,.T.);
#6246=ORIENTED_EDGE('',*,*,#6245,.T.);
#6247=ORIENTED_EDGE('',*,*,#6229,.F.);
#6248=EDGE_LOOP('',(#6242,#6244,#6246,#6247));
#6249=FACE_OUTER_BOUND('',#6248,.F.);
#6251=CARTESIAN_POINT('',(-1.0238E1,-7.342340440750E0,-1.7E1));
#6252=DIRECTION('',(-8.060043958311E-1,-5.919095487496E-1,0.E0));
#6253=DIRECTION('',(-5.919095487496E-1,8.060043958311E-1,0.E0));
#6254=AXIS2_PLACEMENT_3D('',#6251,#6252,#6253);
#6255=PLANE('',#6254);
#6256=ORIENTED_EDGE('',*,*,#5086,.F.);
#6257=ORIENTED_EDGE('',*,*,#6008,.T.);
#6259=ORIENTED_EDGE('',*,*,#6258,.T.);
#6260=ORIENTED_EDGE('',*,*,#6243,.F.);
#6261=EDGE_LOOP('',(#6256,#6257,#6259,#6260));
#6262=FACE_OUTER_BOUND('',#6261,.F.);
#6264=CARTESIAN_POINT('',(0.E0,0.E0,-1.69E1));
#6265=DIRECTION('',(0.E0,0.E0,-1.E0));
#6266=DIRECTION('',(-1.E0,0.E0,0.E0));
#6267=AXIS2_PLACEMENT_3D('',#6264,#6265,#6266);
#6268=PLANE('',#6267);
#6269=ORIENTED_EDGE('',*,*,#6006,.F.);
#6270=ORIENTED_EDGE('',*,*,#6021,.F.);
#6271=ORIENTED_EDGE('',*,*,#6035,.F.);
#6272=ORIENTED_EDGE('',*,*,#6049,.F.);
#6273=ORIENTED_EDGE('',*,*,#6063,.F.);
#6274=ORIENTED_EDGE('',*,*,#6077,.F.);
#6275=ORIENTED_EDGE('',*,*,#6091,.F.);
#6276=ORIENTED_EDGE('',*,*,#6105,.F.);
#6277=ORIENTED_EDGE('',*,*,#6119,.F.);
#6278=ORIENTED_EDGE('',*,*,#6133,.F.);
#6279=ORIENTED_EDGE('',*,*,#6147,.F.);
#6280=ORIENTED_EDGE('',*,*,#6161,.F.);
#6281=ORIENTED_EDGE('',*,*,#6175,.F.);
#6282=ORIENTED_EDGE('',*,*,#6189,.F.);
#6283=ORIENTED_EDGE('',*,*,#6203,.F.);
#6284=ORIENTED_EDGE('',*,*,#6217,.F.);
#6285=ORIENTED_EDGE('',*,*,#6231,.F.);
#6286=ORIENTED_EDGE('',*,*,#6245,.F.);
#6287=ORIENTED_EDGE('',*,*,#6258,.F.);
#6288=EDGE_LOOP('',(#6269,#6270,#6271,#6272,#6273,#6274,#6275,#6276,#6277,#6278,
#6279,#6280,#6281,#6282,#6283,#6284,#6285,#6286,#6287));
#6289=FACE_OUTER_BOUND('',#6288,.F.);
#6291=ORIENTED_EDGE('',*,*,#6290,.F.);
#6293=ORIENTED_EDGE('',*,*,#6292,.F.);
#6295=ORIENTED_EDGE('',*,*,#6294,.F.);
#6297=ORIENTED_EDGE('',*,*,#6296,.F.);
#6299=ORIENTED_EDGE('',*,*,#6298,.F.);
#6301=ORIENTED_EDGE('',*,*,#6300,.F.);
#6303=ORIENTED_EDGE('',*,*,#6302,.F.);
#6305=ORIENTED_EDGE('',*,*,#6304,.F.);
#6307=ORIENTED_EDGE('',*,*,#6306,.F.);
#6309=ORIENTED_EDGE('',*,*,#6308,.F.);
#6310=EDGE_LOOP('',(#6291,#6293,#6295,#6297,#6299,#6301,#6303,#6305,#6307,
#6309));
#6311=FACE_BOUND('',#6310,.F.);
#6313=ORIENTED_EDGE('',*,*,#6312,.F.);
#6315=ORIENTED_EDGE('',*,*,#6314,.F.);
#6317=ORIENTED_EDGE('',*,*,#6316,.F.);
#6319=ORIENTED_EDGE('',*,*,#6318,.F.);
#6321=ORIENTED_EDGE('',*,*,#6320,.F.);
#6323=ORIENTED_EDGE('',*,*,#6322,.F.);
#6325=ORIENTED_EDGE('',*,*,#6324,.F.);
#6327=ORIENTED_EDGE('',*,*,#6326,.F.);
#6329=ORIENTED_EDGE('',*,*,#6328,.F.);
#6331=ORIENTED_EDGE('',*,*,#6330,.F.);
#6332=EDGE_LOOP('',(#6313,#6315,#6317,#6319,#6321,#6323,#6325,#6327,#6329,
#6331));
#6333=FACE_BOUND('',#6332,.F.);
#6335=CARTESIAN_POINT('',(0.E0,0.E0,-1.69E1));
#6336=DIRECTION('',(0.E0,0.E0,-1.E0));
#6337=DIRECTION('',(-1.E0,0.E0,0.E0));
#6338=AXIS2_PLACEMENT_3D('',#6335,#6336,#6337);
#6339=PLANE('',#6338);
#6341=ORIENTED_EDGE('',*,*,#6340,.F.);
#6343=ORIENTED_EDGE('',*,*,#6342,.F.);
#6345=ORIENTED_EDGE('',*,*,#6344,.F.);
#6347=ORIENTED_EDGE('',*,*,#6346,.F.);
#6349=ORIENTED_EDGE('',*,*,#6348,.F.);
#6351=ORIENTED_EDGE('',*,*,#6350,.F.);
#6353=ORIENTED_EDGE('',*,*,#6352,.F.);
#6355=ORIENTED_EDGE('',*,*,#6354,.F.);
#6356=EDGE_LOOP('',(#6341,#6343,#6345,#6347,#6349,#6351,#6353,#6355));
#6357=FACE_OUTER_BOUND('',#6356,.F.);
#6359=ORIENTED_EDGE('',*,*,#6358,.F.);
#6361=ORIENTED_EDGE('',*,*,#6360,.F.);
#6363=ORIENTED_EDGE('',*,*,#6362,.F.);
#6364=EDGE_LOOP('',(#6359,#6361,#6363));
#6365=FACE_BOUND('',#6364,.F.);
#6367=CARTESIAN_POINT('',(-7.988E0,-5.980638237E0,-1.7E1));
#6368=DIRECTION('',(0.E0,-1.E0,0.E0));
#6369=DIRECTION('',(-1.E0,0.E0,0.E0));
#6370=AXIS2_PLACEMENT_3D('',#6367,#6368,#6369);
#6371=PLANE('',#6370);
#6372=ORIENTED_EDGE('',*,*,#5160,.F.);
#6374=ORIENTED_EDGE('',*,*,#6373,.T.);
#6375=ORIENTED_EDGE('',*,*,#6290,.T.);
#6377=ORIENTED_EDGE('',*,*,#6376,.F.);
#6378=EDGE_LOOP('',(#6372,#6374,#6375,#6377));
#6379=FACE_OUTER_BOUND('',#6378,.F.);
#6381=CARTESIAN_POINT('',(-7.988E0,-7.172127695084E0,-1.7E1));
#6382=DIRECTION('',(-1.E0,0.E0,0.E0));
#6383=DIRECTION('',(0.E0,1.E0,0.E0));
#6384=AXIS2_PLACEMENT_3D('',#6381,#6382,#6383);
#6385=PLANE('',#6384);
#6386=ORIENTED_EDGE('',*,*,#5178,.F.);
#6388=ORIENTED_EDGE('',*,*,#6387,.T.);
#6389=ORIENTED_EDGE('',*,*,#6292,.T.);
#6390=ORIENTED_EDGE('',*,*,#6373,.F.);
#6391=EDGE_LOOP('',(#6386,#6388,#6389,#6390));
#6392=FACE_OUTER_BOUND('',#6391,.F.);
#6394=CARTESIAN_POINT('',(-9.571333253860E0,-7.172127695084E0,-1.7E1));
#6395=DIRECTION('',(0.E0,1.E0,0.E0));
#6396=DIRECTION('',(1.E0,0.E0,0.E0));
#6397=AXIS2_PLACEMENT_3D('',#6394,#6395,#6396);
#6398=PLANE('',#6397);
#6399=ORIENTED_EDGE('',*,*,#5176,.F.);
#6401=ORIENTED_EDGE('',*,*,#6400,.T.);
#6402=ORIENTED_EDGE('',*,*,#6294,.T.);
#6403=ORIENTED_EDGE('',*,*,#6387,.F.);
#6404=EDGE_LOOP('',(#6399,#6401,#6402,#6403));
#6405=FACE_OUTER_BOUND('',#6404,.F.);
#6407=CARTESIAN_POINT('',(-9.821333253860E0,-7.087021322250E0,-1.7E1));
#6408=DIRECTION('',(3.222637633772E-1,9.466499177700E-1,0.E0));
#6409=DIRECTION('',(9.466499177700E-1,-3.222637633772E-1,0.E0));
#6410=AXIS2_PLACEMENT_3D('',#6407,#6408,#6409);
#6411=PLANE('',#6410);
#6412=ORIENTED_EDGE('',*,*,#5174,.F.);
#6414=ORIENTED_EDGE('',*,*,#6413,.T.);
#6415=ORIENTED_EDGE('',*,*,#6296,.T.);
#6416=ORIENTED_EDGE('',*,*,#6400,.F.);
#6417=EDGE_LOOP('',(#6412,#6414,#6415,#6416));
#6418=FACE_OUTER_BOUND('',#6417,.F.);
#6420=CARTESIAN_POINT('',(-9.988E0,-6.916808576584E0,-1.7E1));
#6421=DIRECTION('',(7.145102180353E-1,6.996250055017E-1,0.E0));
#6422=DIRECTION('',(6.996250055017E-1,-7.145102180353E-1,0.E0));
#6423=AXIS2_PLACEMENT_3D('',#6420,#6421,#6422);
#6424=PLANE('',#6423);
#6425=ORIENTED_EDGE('',*,*,#5172,.F.);
#6427=ORIENTED_EDGE('',*,*,#6426,.T.);
#6428=ORIENTED_EDGE('',*,*,#6298,.T.);
#6429=ORIENTED_EDGE('',*,*,#6413,.F.);
#6430=EDGE_LOOP('',(#6425,#6427,#6428,#6429));
#6431=FACE_OUTER_BOUND('',#6430,.F.);
#6433=CARTESIAN_POINT('',(-1.007133325386E1,-6.661489458084E0,-1.7E1));
#6434=DIRECTION('',(9.506452793929E-1,3.102797975506E-1,0.E0));
#6435=DIRECTION('',(3.102797975506E-1,-9.506452793929E-1,0.E0));
#6436=AXIS2_PLACEMENT_3D('',#6433,#6434,#6435);
#6437=PLANE('',#6436);
#6438=ORIENTED_EDGE('',*,*,#5170,.F.);
#6440=ORIENTED_EDGE('',*,*,#6439,.T.);
#6441=ORIENTED_EDGE('',*,*,#6300,.T.);
#6442=ORIENTED_EDGE('',*,*,#6426,.F.);
#6443=EDGE_LOOP('',(#6438,#6440,#6441,#6442));
#6444=FACE_OUTER_BOUND('',#6443,.F.);
#6446=CARTESIAN_POINT('',(-1.007133325386E1,-6.491276712418E0,-1.7E1));
#6447=DIRECTION('',(1.E0,0.E0,0.E0));
#6448=DIRECTION('',(0.E0,-1.E0,0.E0));
#6449=AXIS2_PLACEMENT_3D('',#6446,#6447,#6448);
#6450=PLANE('',#6449);
#6451=ORIENTED_EDGE('',*,*,#5168,.F.);
#6453=ORIENTED_EDGE('',*,*,#6452,.T.);
#6454=ORIENTED_EDGE('',*,*,#6302,.T.);
#6455=ORIENTED_EDGE('',*,*,#6439,.F.);
#6456=EDGE_LOOP('',(#6451,#6453,#6454,#6455));
#6457=FACE_OUTER_BOUND('',#6456,.F.);
#6459=CARTESIAN_POINT('',(-9.988E0,-6.235957355499E0,-1.7E1));
#6460=DIRECTION('',(9.506453648566E-1,-3.102795357040E-1,0.E0));
#6461=DIRECTION('',(-3.102795357040E-1,-9.506453648566E-1,0.E0));
#6462=AXIS2_PLACEMENT_3D('',#6459,#6460,#6461);
#6463=PLANE('',#6462);
#6464=ORIENTED_EDGE('',*,*,#5166,.F.);
#6466=ORIENTED_EDGE('',*,*,#6465,.T.);
#6467=ORIENTED_EDGE('',*,*,#6304,.T.);
#6468=ORIENTED_EDGE('',*,*,#6452,.F.);
#6469=EDGE_LOOP('',(#6464,#6466,#6467,#6468));
#6470=FACE_OUTER_BOUND('',#6469,.F.);
#6472=CARTESIAN_POINT('',(-9.821333253860E0,-6.065744609833E0,-1.7E1));
#6473=DIRECTION('',(7.145102180353E-1,-6.996250055017E-1,0.E0));
#6474=DIRECTION('',(-6.996250055017E-1,-7.145102180353E-1,0.E0));
#6475=AXIS2_PLACEMENT_3D('',#6472,#6473,#6474);
#6476=PLANE('',#6475);
#6477=ORIENTED_EDGE('',*,*,#5164,.F.);
#6479=ORIENTED_EDGE('',*,*,#6478,.T.);
#6480=ORIENTED_EDGE('',*,*,#6306,.T.);
#6481=ORIENTED_EDGE('',*,*,#6465,.F.);
#6482=EDGE_LOOP('',(#6477,#6479,#6480,#6481));
#6483=FACE_OUTER_BOUND('',#6482,.F.);
#6485=CARTESIAN_POINT('',(-9.571333253860E0,-5.980638237E0,-1.7E1));
#6486=DIRECTION('',(3.222637633772E-1,-9.466499177700E-1,0.E0));
#6487=DIRECTION('',(-9.466499177700E-1,-3.222637633772E-1,0.E0));
#6488=AXIS2_PLACEMENT_3D('',#6485,#6486,#6487);
#6489=PLANE('',#6488);
#6490=ORIENTED_EDGE('',*,*,#5162,.F.);
#6491=ORIENTED_EDGE('',*,*,#6376,.T.);
#6492=ORIENTED_EDGE('',*,*,#6308,.T.);
#6493=ORIENTED_EDGE('',*,*,#6478,.F.);
#6494=EDGE_LOOP('',(#6490,#6491,#6492,#6493));
#6495=FACE_OUTER_BOUND('',#6494,.F.);
#6497=CARTESIAN_POINT('',(-1.007133325386E1,-8.193404288292E0,-1.7E1));
#6498=DIRECTION('',(1.E0,0.E0,0.E0));
#6499=DIRECTION('',(0.E0,-1.E0,0.E0));
#6500=AXIS2_PLACEMENT_3D('',#6497,#6498,#6499);
#6501=PLANE('',#6500);
#6502=ORIENTED_EDGE('',*,*,#5188,.F.);
#6504=ORIENTED_EDGE('',*,*,#6503,.T.);
#6505=ORIENTED_EDGE('',*,*,#6312,.T.);
#6507=ORIENTED_EDGE('',*,*,#6506,.F.);
#6508=EDGE_LOOP('',(#6502,#6504,#6505,#6507));
#6509=FACE_OUTER_BOUND('',#6508,.F.);
#6511=CARTESIAN_POINT('',(-9.988E0,-7.938085050583E0,-1.7E1));
#6512=DIRECTION('',(9.506453221247E-1,-3.102796666273E-1,0.E0));
#6513=DIRECTION('',(-3.102796666273E-1,-9.506453221247E-1,0.E0));
#6514=AXIS2_PLACEMENT_3D('',#6511,#6512,#6513);
#6515=PLANE('',#6514);
#6516=ORIENTED_EDGE('',*,*,#5206,.F.);
#6518=ORIENTED_EDGE('',*,*,#6517,.T.);
#6519=ORIENTED_EDGE('',*,*,#6314,.T.);
#6520=ORIENTED_EDGE('',*,*,#6503,.F.);
#6521=EDGE_LOOP('',(#6516,#6518,#6519,#6520));
#6522=FACE_OUTER_BOUND('',#6521,.F.);
#6524=CARTESIAN_POINT('',(-9.821333253860E0,-7.767872304916E0,-1.7E1));
#6525=DIRECTION('',(7.145102180353E-1,-6.996250055017E-1,0.E0));
#6526=DIRECTION('',(-6.996250055017E-1,-7.145102180353E-1,0.E0));
#6527=AXIS2_PLACEMENT_3D('',#6524,#6525,#6526);
#6528=PLANE('',#6527);
#6529=ORIENTED_EDGE('',*,*,#5204,.F.);
#6531=ORIENTED_EDGE('',*,*,#6530,.T.);
#6532=ORIENTED_EDGE('',*,*,#6316,.T.);
#6533=ORIENTED_EDGE('',*,*,#6517,.F.);
#6534=EDGE_LOOP('',(#6529,#6531,#6532,#6533));
#6535=FACE_OUTER_BOUND('',#6534,.F.);
#6537=CARTESIAN_POINT('',(-9.571333253860E0,-7.682765932083E0,-1.7E1));
#6538=DIRECTION('',(3.222637633772E-1,-9.466499177700E-1,0.E0));
#6539=DIRECTION('',(-9.466499177700E-1,-3.222637633772E-1,0.E0));
#6540=AXIS2_PLACEMENT_3D('',#6537,#6538,#6539);
#6541=PLANE('',#6540);
#6542=ORIENTED_EDGE('',*,*,#5202,.F.);
#6544=ORIENTED_EDGE('',*,*,#6543,.T.);
#6545=ORIENTED_EDGE('',*,*,#6318,.T.);
#6546=ORIENTED_EDGE('',*,*,#6530,.F.);
#6547=EDGE_LOOP('',(#6542,#6544,#6545,#6546));
#6548=FACE_OUTER_BOUND('',#6547,.F.);
#6550=CARTESIAN_POINT('',(-7.988E0,-7.682765932083E0,-1.7E1));
#6551=DIRECTION('',(0.E0,-1.E0,0.E0));
#6552=DIRECTION('',(-1.E0,0.E0,0.E0));
#6553=AXIS2_PLACEMENT_3D('',#6550,#6551,#6552);
#6554=PLANE('',#6553);
#6555=ORIENTED_EDGE('',*,*,#5200,.F.);
#6557=ORIENTED_EDGE('',*,*,#6556,.T.);
#6558=ORIENTED_EDGE('',*,*,#6320,.T.);
#6559=ORIENTED_EDGE('',*,*,#6543,.F.);
#6560=EDGE_LOOP('',(#6555,#6557,#6558,#6559));
#6561=FACE_OUTER_BOUND('',#6560,.F.);
#6563=CARTESIAN_POINT('',(-7.988E0,-8.959361703396E0,-1.7E1));
#6564=DIRECTION('',(-1.E0,0.E0,0.E0));
#6565=DIRECTION('',(0.E0,1.E0,0.E0));
#6566=AXIS2_PLACEMENT_3D('',#6563,#6564,#6565);
#6567=PLANE('',#6566);
#6568=ORIENTED_EDGE('',*,*,#5198,.F.);
#6570=ORIENTED_EDGE('',*,*,#6569,.T.);
#6571=ORIENTED_EDGE('',*,*,#6322,.T.);
#6572=ORIENTED_EDGE('',*,*,#6556,.F.);
#6573=EDGE_LOOP('',(#6568,#6570,#6571,#6572));
#6574=FACE_OUTER_BOUND('',#6573,.F.);
#6576=CARTESIAN_POINT('',(-9.571333253860E0,-8.959361703396E0,-1.7E1));
#6577=DIRECTION('',(0.E0,1.E0,0.E0));
#6578=DIRECTION('',(1.E0,0.E0,0.E0));
#6579=AXIS2_PLACEMENT_3D('',#6576,#6577,#6578);
#6580=PLANE('',#6579);
#6581=ORIENTED_EDGE('',*,*,#5196,.F.);
#6583=ORIENTED_EDGE('',*,*,#6582,.T.);
#6584=ORIENTED_EDGE('',*,*,#6324,.T.);
#6585=ORIENTED_EDGE('',*,*,#6569,.F.);
#6586=EDGE_LOOP('',(#6581,#6583,#6584,#6585));
#6587=FACE_OUTER_BOUND('',#6586,.F.);
#6589=CARTESIAN_POINT('',(-9.821333253860E0,-8.874255330563E0,-1.7E1));
#6590=DIRECTION('',(3.222637633772E-1,9.466499177700E-1,0.E0));
#6591=DIRECTION('',(9.466499177700E-1,-3.222637633772E-1,0.E0));
#6592=AXIS2_PLACEMENT_3D('',#6589,#6590,#6591);
#6593=PLANE('',#6592);
#6594=ORIENTED_EDGE('',*,*,#5194,.F.);
#6596=ORIENTED_EDGE('',*,*,#6595,.T.);
#6597=ORIENTED_EDGE('',*,*,#6326,.T.);
#6598=ORIENTED_EDGE('',*,*,#6582,.F.);
#6599=EDGE_LOOP('',(#6594,#6596,#6597,#6598));
#6600=FACE_OUTER_BOUND('',#6599,.F.);
#6602=CARTESIAN_POINT('',(-9.988E0,-8.704042525291E0,-1.7E1));
#6603=DIRECTION('',(7.145103405045E-1,6.996248804268E-1,0.E0));
#6604=DIRECTION('',(6.996248804268E-1,-7.145103405045E-1,0.E0));
#6605=AXIS2_PLACEMENT_3D('',#6602,#6603,#6604);
#6606=PLANE('',#6605);
#6607=ORIENTED_EDGE('',*,*,#5192,.F.);
#6609=ORIENTED_EDGE('',*,*,#6608,.T.);
#6610=ORIENTED_EDGE('',*,*,#6328,.T.);
#6611=ORIENTED_EDGE('',*,*,#6595,.F.);
#6612=EDGE_LOOP('',(#6607,#6609,#6610,#6611));
#6613=FACE_OUTER_BOUND('',#6612,.F.);
#6615=CARTESIAN_POINT('',(-1.007133325386E1,-8.448723406792E0,-1.7E1));
#6616=DIRECTION('',(9.506452793929E-1,3.102797975506E-1,0.E0));
#6617=DIRECTION('',(3.102797975506E-1,-9.506452793929E-1,0.E0));
#6618=AXIS2_PLACEMENT_3D('',#6615,#6616,#6617);
#6619=PLANE('',#6618);
#6620=ORIENTED_EDGE('',*,*,#5190,.F.);
#6621=ORIENTED_EDGE('',*,*,#6506,.T.);
#6622=ORIENTED_EDGE('',*,*,#6330,.T.);
#6623=ORIENTED_EDGE('',*,*,#6608,.F.);
#6624=EDGE_LOOP('',(#6620,#6621,#6622,#6623));
#6625=FACE_OUTER_BOUND('',#6624,.F.);
#6627=CARTESIAN_POINT('',(-9.488E0,-2.3245E1,-1.7E1));
#6628=DIRECTION('',(0.E0,1.E0,0.E0));
#6629=DIRECTION('',(1.E0,0.E0,0.E0));
#6630=AXIS2_PLACEMENT_3D('',#6627,#6628,#6629);
#6631=PLANE('',#6630);
#6632=ORIENTED_EDGE('',*,*,#5124,.F.);
#6634=ORIENTED_EDGE('',*,*,#6633,.T.);
#6635=ORIENTED_EDGE('',*,*,#6340,.T.);
#6637=ORIENTED_EDGE('',*,*,#6636,.F.);
#6638=EDGE_LOOP('',(#6632,#6634,#6635,#6637));
#6639=FACE_OUTER_BOUND('',#6638,.F.);
#6641=CARTESIAN_POINT('',(-1.082133325386E1,-2.7245E1,-1.7E1));
#6642=DIRECTION('',(-9.486833037051E-1,3.162277490531E-1,0.E0));
#6643=DIRECTION('',(3.162277490531E-1,9.486833037051E-1,0.E0));
#6644=AXIS2_PLACEMENT_3D('',#6641,#6642,#6643);
#6645=PLANE('',#6644);
#6646=ORIENTED_EDGE('',*,*,#5138,.F.);
#6648=ORIENTED_EDGE('',*,*,#6647,.T.);
#6649=ORIENTED_EDGE('',*,*,#6342,.T.);
#6650=ORIENTED_EDGE('',*,*,#6633,.F.);
#6651=EDGE_LOOP('',(#6646,#6648,#6649,#6650));
#6652=FACE_OUTER_BOUND('',#6651,.F.);
#6654=CARTESIAN_POINT('',(-1.032133325386E1,-2.7245E1,-1.7E1));
#6655=DIRECTION('',(0.E0,-1.E0,0.E0));
#6656=DIRECTION('',(-1.E0,0.E0,0.E0));
#6657=AXIS2_PLACEMENT_3D('',#6654,#6655,#6656);
#6658=PLANE('',#6657);
#6659=ORIENTED_EDGE('',*,*,#5136,.F.);
#6661=ORIENTED_EDGE('',*,*,#6660,.T.);
#6662=ORIENTED_EDGE('',*,*,#6344,.T.);
#6663=ORIENTED_EDGE('',*,*,#6647,.F.);
#6664=EDGE_LOOP('',(#6659,#6661,#6662,#6663));
#6665=FACE_OUTER_BOUND('',#6664,.F.);
#6667=CARTESIAN_POINT('',(-9.988E0,-2.622372340679E1,-1.7E1));
#6668=DIRECTION('',(9.506452246141E-1,-3.102799653834E-1,0.E0));
#6669=DIRECTION('',(-3.102799653834E-1,-9.506452246141E-1,0.E0));
#6670=AXIS2_PLACEMENT_3D('',#6667,#6668,#6669);
#6671=PLANE('',#6670);
#6672=ORIENTED_EDGE('',*,*,#5134,.F.);
#6674=ORIENTED_EDGE('',*,*,#6673,.T.);
#6675=ORIENTED_EDGE('',*,*,#6346,.T.);
#6676=ORIENTED_EDGE('',*,*,#6660,.F.);
#6677=EDGE_LOOP('',(#6672,#6674,#6675,#6676));
#6678=FACE_OUTER_BOUND('',#6677,.F.);
#6680=CARTESIAN_POINT('',(-8.321333313465E0,-2.622372340679E1,-1.7E1));
#6681=DIRECTION('',(0.E0,-1.E0,0.E0));
#6682=DIRECTION('',(-1.E0,0.E0,0.E0));
#6683=AXIS2_PLACEMENT_3D('',#6680,#6681,#6682);
#6684=PLANE('',#6683);
#6685=ORIENTED_EDGE('',*,*,#5132,.F.);
#6687=ORIENTED_EDGE('',*,*,#6686,.T.);
#6688=ORIENTED_EDGE('',*,*,#6348,.T.);
#6689=ORIENTED_EDGE('',*,*,#6673,.F.);
#6690=EDGE_LOOP('',(#6685,#6687,#6688,#6689));
#6691=FACE_OUTER_BOUND('',#6690,.F.);
#6693=CARTESIAN_POINT('',(-7.988E0,-2.7245E1,-1.7E1));
#6694=DIRECTION('',(-9.506452082487E-1,-3.102800155243E-1,0.E0));
#6695=DIRECTION('',(-3.102800155243E-1,9.506452082487E-1,0.E0));
#6696=AXIS2_PLACEMENT_3D('',#6693,#6694,#6695);
#6697=PLANE('',#6696);
#6698=ORIENTED_EDGE('',*,*,#5130,.F.);
#6700=ORIENTED_EDGE('',*,*,#6699,.T.);
#6701=ORIENTED_EDGE('',*,*,#6350,.T.);
#6702=ORIENTED_EDGE('',*,*,#6686,.F.);
#6703=EDGE_LOOP('',(#6698,#6700,#6701,#6702));
#6704=FACE_OUTER_BOUND('',#6703,.F.);
#6706=CARTESIAN_POINT('',(-7.488E0,-2.7245E1,-1.7E1));
#6707=DIRECTION('',(0.E0,-1.E0,0.E0));
#6708=DIRECTION('',(-1.E0,0.E0,0.E0));
#6709=AXIS2_PLACEMENT_3D('',#6706,#6707,#6708);
#6710=PLANE('',#6709);
#6711=ORIENTED_EDGE('',*,*,#5128,.F.);
#6713=ORIENTED_EDGE('',*,*,#6712,.T.);
#6714=ORIENTED_EDGE('',*,*,#6352,.T.);
#6715=ORIENTED_EDGE('',*,*,#6699,.F.);
#6716=EDGE_LOOP('',(#6711,#6713,#6714,#6715));
#6717=FACE_OUTER_BOUND('',#6716,.F.);
#6719=CARTESIAN_POINT('',(-8.821333373070E0,-2.3245E1,-1.7E1));
#6720=DIRECTION('',(9.486832952232E-1,3.162277744987E-1,0.E0));
#6721=DIRECTION('',(3.162277744987E-1,-9.486832952232E-1,0.E0));
#6722=AXIS2_PLACEMENT_3D('',#6719,#6720,#6721);
#6723=PLANE('',#6722);
#6724=ORIENTED_EDGE('',*,*,#5126,.F.);
#6725=ORIENTED_EDGE('',*,*,#6636,.T.);
#6726=ORIENTED_EDGE('',*,*,#6354,.T.);
#6727=ORIENTED_EDGE('',*,*,#6712,.F.);
#6728=EDGE_LOOP('',(#6724,#6725,#6726,#6727));
#6729=FACE_OUTER_BOUND('',#6728,.F.);
#6731=CARTESIAN_POINT('',(-9.154666626930E0,-2.358542549133E1,-1.7E1));
#6732=DIRECTION('',(9.506451918075E-1,-3.102800658973E-1,0.E0));
#6733=DIRECTION('',(-3.102800658973E-1,-9.506451918075E-1,0.E0));
#6734=AXIS2_PLACEMENT_3D('',#6731,#6732,#6733);
#6735=PLANE('',#6734);
#6736=ORIENTED_EDGE('',*,*,#5216,.F.);
#6738=ORIENTED_EDGE('',*,*,#6737,.T.);
#6739=ORIENTED_EDGE('',*,*,#6358,.T.);
#6741=ORIENTED_EDGE('',*,*,#6740,.F.);
#6742=EDGE_LOOP('',(#6736,#6738,#6739,#6741));
#6743=FACE_OUTER_BOUND('',#6742,.F.);
#6745=CARTESIAN_POINT('',(-8.404666686535E0,-2.588329791546E1,-1.7E1));
#6746=DIRECTION('',(-9.506452136281E-1,-3.102799990428E-1,0.E0));
#6747=DIRECTION('',(-3.102799990428E-1,9.506452136281E-1,0.E0));
#6748=AXIS2_PLACEMENT_3D('',#6745,#6746,#6747);
#6749=PLANE('',#6748);
#6750=ORIENTED_EDGE('',*,*,#5220,.F.);
#6752=ORIENTED_EDGE('',*,*,#6751,.T.);
#6753=ORIENTED_EDGE('',*,*,#6360,.T.);
#6754=ORIENTED_EDGE('',*,*,#6737,.F.);
#6755=EDGE_LOOP('',(#6750,#6752,#6753,#6754));
#6756=FACE_OUTER_BOUND('',#6755,.F.);
#6758=CARTESIAN_POINT('',(-9.904666746140E0,-2.588329791546E1,-1.7E1));
#6759=DIRECTION('',(0.E0,1.E0,0.E0));
#6760=DIRECTION('',(1.E0,0.E0,0.E0));
#6761=AXIS2_PLACEMENT_3D('',#6758,#6759,#6760);
#6762=PLANE('',#6761);
#6763=ORIENTED_EDGE('',*,*,#5218,.F.);
#6764=ORIENTED_EDGE('',*,*,#6740,.T.);
#6765=ORIENTED_EDGE('',*,*,#6362,.T.);
#6766=ORIENTED_EDGE('',*,*,#6751,.F.);
#6767=EDGE_LOOP('',(#6763,#6764,#6765,#6766));
#6768=FACE_OUTER_BOUND('',#6767,.F.);
#6770=CARTESIAN_POINT('',(2.753E1,-1.045E1,-1.7E1));
#6771=DIRECTION('',(0.E0,0.E0,1.E0));
#6772=DIRECTION('',(1.E0,0.E0,0.E0));
#6773=AXIS2_PLACEMENT_3D('',#6770,#6771,#6772);
#6774=CYLINDRICAL_SURFACE('',#6773,5.E-1);
#6775=ORIENTED_EDGE('',*,*,#5142,.T.);
#6777=ORIENTED_EDGE('',*,*,#6776,.T.);
#6778=ORIENTED_EDGE('',*,*,#4876,.F.);
#6780=ORIENTED_EDGE('',*,*,#6779,.F.);
#6781=EDGE_LOOP('',(#6775,#6777,#6778,#6780));
#6782=FACE_OUTER_BOUND('',#6781,.F.);
#6784=CARTESIAN_POINT('',(2.753E1,-1.045E1,-1.7E1));
#6785=DIRECTION('',(0.E0,0.E0,1.E0));
#6786=DIRECTION('',(1.E0,0.E0,0.E0));
#6787=AXIS2_PLACEMENT_3D('',#6784,#6785,#6786);
#6788=CYLINDRICAL_SURFACE('',#6787,5.E-1);
#6789=ORIENTED_EDGE('',*,*,#5144,.T.);
#6790=ORIENTED_EDGE('',*,*,#6779,.T.);
#6791=ORIENTED_EDGE('',*,*,#4878,.F.);
#6792=ORIENTED_EDGE('',*,*,#6776,.F.);
#6793=EDGE_LOOP('',(#6789,#6790,#6791,#6792));
#6794=FACE_OUTER_BOUND('',#6793,.F.);
#6796=CARTESIAN_POINT('',(2.753E1,-2.205E1,-1.7E1));
#6797=DIRECTION('',(0.E0,0.E0,1.E0));
#6798=DIRECTION('',(1.E0,0.E0,0.E0));
#6799=AXIS2_PLACEMENT_3D('',#6796,#6797,#6798);
#6800=CYLINDRICAL_SURFACE('',#6799,5.E-1);
#6801=ORIENTED_EDGE('',*,*,#5148,.T.);
#6803=ORIENTED_EDGE('',*,*,#6802,.T.);
#6804=ORIENTED_EDGE('',*,*,#4882,.F.);
#6806=ORIENTED_EDGE('',*,*,#6805,.F.);
#6807=EDGE_LOOP('',(#6801,#6803,#6804,#6806));
#6808=FACE_OUTER_BOUND('',#6807,.F.);
#6810=CARTESIAN_POINT('',(2.753E1,-2.205E1,-1.7E1));
#6811=DIRECTION('',(0.E0,0.E0,1.E0));
#6812=DIRECTION('',(1.E0,0.E0,0.E0));
#6813=AXIS2_PLACEMENT_3D('',#6810,#6811,#6812);
#6814=CYLINDRICAL_SURFACE('',#6813,5.E-1);
#6815=ORIENTED_EDGE('',*,*,#5150,.T.);
#6816=ORIENTED_EDGE('',*,*,#6805,.T.);
#6817=ORIENTED_EDGE('',*,*,#4884,.F.);
#6818=ORIENTED_EDGE('',*,*,#6802,.F.);
#6819=EDGE_LOOP('',(#6815,#6816,#6817,#6818));
#6820=FACE_OUTER_BOUND('',#6819,.F.);
#6822=CARTESIAN_POINT('',(-1.82E1,-2.E0,-1.101E1));
#6823=DIRECTION('',(-1.E0,0.E0,0.E0));
#6824=DIRECTION('',(0.E0,0.E0,-1.E0));
#6825=AXIS2_PLACEMENT_3D('',#6822,#6823,#6824);
#6826=PLANE('',#6825);
#6828=ORIENTED_EDGE('',*,*,#6827,.F.);
#6830=ORIENTED_EDGE('',*,*,#6829,.F.);
#6831=ORIENTED_EDGE('',*,*,#4837,.T.);
#6832=ORIENTED_EDGE('',*,*,#4512,.T.);
#6833=EDGE_LOOP('',(#6828,#6830,#6831,#6832));
#6834=FACE_OUTER_BOUND('',#6833,.F.);
#6836=CARTESIAN_POINT('',(-1.32E1,-2.E0,-1.101E1));
#6837=DIRECTION('',(0.E0,0.E0,1.E0));
#6838=DIRECTION('',(-1.E0,0.E0,0.E0));
#6839=AXIS2_PLACEMENT_3D('',#6836,#6837,#6838);
#6840=PLANE('',#6839);
#6841=ORIENTED_EDGE('',*,*,#4755,.T.);
#6843=ORIENTED_EDGE('',*,*,#6842,.F.);
#6845=ORIENTED_EDGE('',*,*,#6844,.F.);
#6846=ORIENTED_EDGE('',*,*,#6827,.T.);
#6847=ORIENTED_EDGE('',*,*,#4510,.F.);
#6849=ORIENTED_EDGE('',*,*,#6848,.T.);
#6850=EDGE_LOOP('',(#6841,#6843,#6845,#6846,#6847,#6849));
#6851=FACE_OUTER_BOUND('',#6850,.F.);
#6853=CARTESIAN_POINT('',(-1.67E1,-8.5E0,-1.5E1));
#6854=DIRECTION('',(1.E0,0.E0,0.E0));
#6855=DIRECTION('',(0.E0,1.E0,0.E0));
#6856=AXIS2_PLACEMENT_3D('',#6853,#6854,#6855);
#6857=PLANE('',#6856);
#6858=ORIENTED_EDGE('',*,*,#4841,.F.);
#6860=ORIENTED_EDGE('',*,*,#6859,.T.);
#6861=ORIENTED_EDGE('',*,*,#6842,.T.);
#6862=ORIENTED_EDGE('',*,*,#4753,.F.);
#6863=EDGE_LOOP('',(#6858,#6860,#6861,#6862));
#6864=FACE_OUTER_BOUND('',#6863,.F.);
#6866=CARTESIAN_POINT('',(-1.82E1,-8.5E0,-1.5E1));
#6867=DIRECTION('',(0.E0,-1.E0,0.E0));
#6868=DIRECTION('',(1.E0,0.E0,0.E0));
#6869=AXIS2_PLACEMENT_3D('',#6866,#6867,#6868);
#6870=PLANE('',#6869);
#6871=ORIENTED_EDGE('',*,*,#4839,.F.);
#6872=ORIENTED_EDGE('',*,*,#6829,.T.);
#6873=ORIENTED_EDGE('',*,*,#6844,.T.);
#6874=ORIENTED_EDGE('',*,*,#6859,.F.);
#6875=EDGE_LOOP('',(#6871,#6872,#6873,#6874));
#6876=FACE_OUTER_BOUND('',#6875,.F.);
#6878=CARTESIAN_POINT('',(-1.32E1,-2.E0,-1.251E1));
#6879=DIRECTION('',(1.E0,0.E0,0.E0));
#6880=DIRECTION('',(0.E0,0.E0,1.E0));
#6881=AXIS2_PLACEMENT_3D('',#6878,#6879,#6880);
#6882=PLANE('',#6881);
#6883=ORIENTED_EDGE('',*,*,#4508,.T.);
#6884=ORIENTED_EDGE('',*,*,#4844,.T.);
#6885=ORIENTED_EDGE('',*,*,#4757,.T.);
#6886=ORIENTED_EDGE('',*,*,#6848,.F.);
#6887=EDGE_LOOP('',(#6883,#6884,#6885,#6886));
#6888=FACE_OUTER_BOUND('',#6887,.F.);
#6890=CARTESIAN_POINT('',(2.E0,2.88E1,-6.26E0));
#6891=DIRECTION('',(0.E0,-1.E0,0.E0));
#6892=DIRECTION('',(1.E0,0.E0,0.E0));
#6893=AXIS2_PLACEMENT_3D('',#6890,#6891,#6892);
#6894=CYLINDRICAL_SURFACE('',#6893,1.25E0);
#6895=ORIENTED_EDGE('',*,*,#4423,.F.);
#6896=ORIENTED_EDGE('',*,*,#4403,.F.);
#6898=ORIENTED_EDGE('',*,*,#6897,.T.);
#6900=ORIENTED_EDGE('',*,*,#6899,.T.);
#6902=ORIENTED_EDGE('',*,*,#6901,.T.);
#6904=ORIENTED_EDGE('',*,*,#6903,.T.);
#6905=ORIENTED_EDGE('',*,*,#4395,.T.);
#6906=EDGE_LOOP('',(#6895,#6896,#6898,#6900,#6902,#6904,#6905));
#6907=FACE_OUTER_BOUND('',#6906,.F.);
#6909=CARTESIAN_POINT('',(0.E0,4.8E0,-6.26E0));
#6910=DIRECTION('',(1.E0,0.E0,0.E0));
#6911=DIRECTION('',(0.E0,1.E0,0.E0));
#6912=AXIS2_PLACEMENT_3D('',#6909,#6910,#6911);
#6913=CYLINDRICAL_SURFACE('',#6912,1.05E0);
#6914=ORIENTED_EDGE('',*,*,#6903,.F.);
#6916=ORIENTED_EDGE('',*,*,#6915,.F.);
#6917=ORIENTED_EDGE('',*,*,#4276,.T.);
#6918=ORIENTED_EDGE('',*,*,#4291,.T.);
#6919=ORIENTED_EDGE('',*,*,#4397,.F.);
#6920=EDGE_LOOP('',(#6914,#6916,#6917,#6918,#6919));
#6921=FACE_OUTER_BOUND('',#6920,.F.);
#6923=CARTESIAN_POINT('',(0.E0,4.8E0,-6.26E0));
#6924=DIRECTION('',(1.E0,0.E0,0.E0));
#6925=DIRECTION('',(0.E0,1.E0,0.E0));
#6926=AXIS2_PLACEMENT_3D('',#6923,#6924,#6925);
#6927=CYLINDRICAL_SURFACE('',#6926,1.05E0);
#6929=ORIENTED_EDGE('',*,*,#6928,.F.);
#6931=ORIENTED_EDGE('',*,*,#6930,.F.);
#6932=ORIENTED_EDGE('',*,*,#6897,.F.);
#6933=ORIENTED_EDGE('',*,*,#4401,.F.);
#6934=ORIENTED_EDGE('',*,*,#4305,.T.);
#6936=ORIENTED_EDGE('',*,*,#6935,.F.);
#6937=EDGE_LOOP('',(#6929,#6931,#6932,#6933,#6934,#6936));
#6938=FACE_OUTER_BOUND('',#6937,.F.);
#6940=CARTESIAN_POINT('',(0.E0,4.8E0,-6.26E0));
#6941=DIRECTION('',(1.E0,0.E0,0.E0));
#6942=DIRECTION('',(0.E0,1.E0,0.E0));
#6943=AXIS2_PLACEMENT_3D('',#6940,#6941,#6942);
#6944=CYLINDRICAL_SURFACE('',#6943,1.05E0);
#6946=ORIENTED_EDGE('',*,*,#6945,.F.);
#6948=ORIENTED_EDGE('',*,*,#6947,.F.);
#6950=ORIENTED_EDGE('',*,*,#6949,.F.);
#6952=ORIENTED_EDGE('',*,*,#6951,.F.);
#6953=ORIENTED_EDGE('',*,*,#4320,.T.);
#6955=ORIENTED_EDGE('',*,*,#6954,.F.);
#6956=EDGE_LOOP('',(#6946,#6948,#6950,#6952,#6953,#6955));
#6957=FACE_OUTER_BOUND('',#6956,.F.);
#6959=CARTESIAN_POINT('',(0.E0,4.8E0,-6.26E0));
#6960=DIRECTION('',(1.E0,0.E0,0.E0));
#6961=DIRECTION('',(0.E0,1.E0,0.E0));
#6962=AXIS2_PLACEMENT_3D('',#6959,#6960,#6961);
#6963=CYLINDRICAL_SURFACE('',#6962,1.05E0);
#6965=ORIENTED_EDGE('',*,*,#6964,.F.);
#6967=ORIENTED_EDGE('',*,*,#6966,.F.);
#6969=ORIENTED_EDGE('',*,*,#6968,.F.);
#6971=ORIENTED_EDGE('',*,*,#6970,.F.);
#6972=ORIENTED_EDGE('',*,*,#4335,.T.);
#6974=ORIENTED_EDGE('',*,*,#6973,.F.);
#6975=EDGE_LOOP('',(#6965,#6967,#6969,#6971,#6972,#6974));
#6976=FACE_OUTER_BOUND('',#6975,.F.);
#6978=CARTESIAN_POINT('',(0.E0,4.8E0,-6.26E0));
#6979=DIRECTION('',(1.E0,0.E0,0.E0));
#6980=DIRECTION('',(0.E0,1.E0,0.E0));
#6981=AXIS2_PLACEMENT_3D('',#6978,#6979,#6980);
#6982=CYLINDRICAL_SURFACE('',#6981,1.05E0);
#6984=ORIENTED_EDGE('',*,*,#6983,.F.);
#6986=ORIENTED_EDGE('',*,*,#6985,.F.);
#6988=ORIENTED_EDGE('',*,*,#6987,.F.);
#6990=ORIENTED_EDGE('',*,*,#6989,.F.);
#6991=ORIENTED_EDGE('',*,*,#4350,.T.);
#6993=ORIENTED_EDGE('',*,*,#6992,.F.);
#6994=EDGE_LOOP('',(#6984,#6986,#6988,#6990,#6991,#6993));
#6995=FACE_OUTER_BOUND('',#6994,.F.);
#6997=CARTESIAN_POINT('',(0.E0,4.8E0,-6.26E0));
#6998=DIRECTION('',(1.E0,0.E0,0.E0));
#6999=DIRECTION('',(0.E0,1.E0,0.E0));
#7000=AXIS2_PLACEMENT_3D('',#6997,#6998,#6999);
#7001=CYLINDRICAL_SURFACE('',#7000,1.05E0);
#7003=ORIENTED_EDGE('',*,*,#7002,.F.);
#7005=ORIENTED_EDGE('',*,*,#7004,.F.);
#7007=ORIENTED_EDGE('',*,*,#7006,.F.);
#7009=ORIENTED_EDGE('',*,*,#7008,.F.);
#7010=ORIENTED_EDGE('',*,*,#4365,.T.);
#7012=ORIENTED_EDGE('',*,*,#7011,.F.);
#7013=EDGE_LOOP('',(#7003,#7005,#7007,#7009,#7010,#7012));
#7014=FACE_OUTER_BOUND('',#7013,.F.);
#7016=CARTESIAN_POINT('',(0.E0,4.8E0,-6.26E0));
#7017=DIRECTION('',(1.E0,0.E0,0.E0));
#7018=DIRECTION('',(0.E0,1.E0,0.E0));
#7019=AXIS2_PLACEMENT_3D('',#7016,#7017,#7018);
#7020=CYLINDRICAL_SURFACE('',#7019,1.05E0);
#7022=ORIENTED_EDGE('',*,*,#7021,.F.);
#7024=ORIENTED_EDGE('',*,*,#7023,.F.);
#7025=ORIENTED_EDGE('',*,*,#4383,.T.);
#7027=ORIENTED_EDGE('',*,*,#7026,.T.);
#7029=ORIENTED_EDGE('',*,*,#7028,.F.);
#7030=EDGE_LOOP('',(#7022,#7024,#7025,#7027,#7029));
#7031=FACE_OUTER_BOUND('',#7030,.F.);
#7033=CARTESIAN_POINT('',(0.E0,5.120156211872E0,-5.26E0));
#7034=DIRECTION('',(0.E0,-3.451354887837E-1,9.385528724489E-1));
#7035=DIRECTION('',(0.E0,9.385528724489E-1,3.451354887837E-1));
#7036=AXIS2_PLACEMENT_3D('',#7033,#7034,#7035);
#7037=PLANE('',#7036);
#7038=ORIENTED_EDGE('',*,*,#6915,.T.);
#7039=ORIENTED_EDGE('',*,*,#6901,.F.);
#7040=ORIENTED_EDGE('',*,*,#3601,.F.);
#7041=ORIENTED_EDGE('',*,*,#4278,.F.);
#7042=EDGE_LOOP('',(#7038,#7039,#7040,#7041));
#7043=FACE_OUTER_BOUND('',#7042,.F.);
#7045=CARTESIAN_POINT('',(0.E0,5.120156211872E0,-5.26E0));
#7046=DIRECTION('',(0.E0,-3.451354887837E-1,9.385528724489E-1));
#7047=DIRECTION('',(0.E0,9.385528724489E-1,3.451354887837E-1));
#7048=AXIS2_PLACEMENT_3D('',#7045,#7046,#7047);
#7049=PLANE('',#7048);
#7050=ORIENTED_EDGE('',*,*,#6930,.T.);
#7052=ORIENTED_EDGE('',*,*,#7051,.F.);
#7053=ORIENTED_EDGE('',*,*,#3603,.F.);
#7054=ORIENTED_EDGE('',*,*,#6899,.F.);
#7055=EDGE_LOOP('',(#7050,#7052,#7053,#7054));
#7056=FACE_OUTER_BOUND('',#7055,.F.);
#7058=CARTESIAN_POINT('',(0.E0,5.120156211872E0,-5.26E0));
#7059=DIRECTION('',(0.E0,-3.451354887837E-1,9.385528724489E-1));
#7060=DIRECTION('',(0.E0,9.385528724489E-1,3.451354887837E-1));
#7061=AXIS2_PLACEMENT_3D('',#7058,#7059,#7060);
#7062=PLANE('',#7061);
#7063=ORIENTED_EDGE('',*,*,#6947,.T.);
#7065=ORIENTED_EDGE('',*,*,#7064,.F.);
#7066=ORIENTED_EDGE('',*,*,#3605,.F.);
#7068=ORIENTED_EDGE('',*,*,#7067,.F.);
#7069=EDGE_LOOP('',(#7063,#7065,#7066,#7068));
#7070=FACE_OUTER_BOUND('',#7069,.F.);
#7072=CARTESIAN_POINT('',(0.E0,5.120156211872E0,-5.26E0));
#7073=DIRECTION('',(0.E0,-3.451354887837E-1,9.385528724489E-1));
#7074=DIRECTION('',(0.E0,9.385528724489E-1,3.451354887837E-1));
#7075=AXIS2_PLACEMENT_3D('',#7072,#7073,#7074);
#7076=PLANE('',#7075);
#7077=ORIENTED_EDGE('',*,*,#6966,.T.);
#7079=ORIENTED_EDGE('',*,*,#7078,.F.);
#7080=ORIENTED_EDGE('',*,*,#3607,.F.);
#7082=ORIENTED_EDGE('',*,*,#7081,.F.);
#7083=EDGE_LOOP('',(#7077,#7079,#7080,#7082));
#7084=FACE_OUTER_BOUND('',#7083,.F.);
#7086=CARTESIAN_POINT('',(0.E0,5.120156211872E0,-5.26E0));
#7087=DIRECTION('',(0.E0,-3.451354887837E-1,9.385528724489E-1));
#7088=DIRECTION('',(0.E0,9.385528724489E-1,3.451354887837E-1));
#7089=AXIS2_PLACEMENT_3D('',#7086,#7087,#7088);
#7090=PLANE('',#7089);
#7091=ORIENTED_EDGE('',*,*,#6985,.T.);
#7093=ORIENTED_EDGE('',*,*,#7092,.F.);
#7094=ORIENTED_EDGE('',*,*,#3609,.F.);
#7096=ORIENTED_EDGE('',*,*,#7095,.F.);
#7097=EDGE_LOOP('',(#7091,#7093,#7094,#7096));
#7098=FACE_OUTER_BOUND('',#7097,.F.);
#7100=CARTESIAN_POINT('',(0.E0,5.120156211872E0,-5.26E0));
#7101=DIRECTION('',(0.E0,-3.451354887837E-1,9.385528724489E-1));
#7102=DIRECTION('',(0.E0,9.385528724489E-1,3.451354887837E-1));
#7103=AXIS2_PLACEMENT_3D('',#7100,#7101,#7102);
#7104=PLANE('',#7103);
#7105=ORIENTED_EDGE('',*,*,#7004,.T.);
#7107=ORIENTED_EDGE('',*,*,#7106,.F.);
#7108=ORIENTED_EDGE('',*,*,#3611,.F.);
#7110=ORIENTED_EDGE('',*,*,#7109,.F.);
#7111=EDGE_LOOP('',(#7105,#7107,#7108,#7110));
#7112=FACE_OUTER_BOUND('',#7111,.F.);
#7114=CARTESIAN_POINT('',(0.E0,5.120156211872E0,-5.26E0));
#7115=DIRECTION('',(0.E0,-3.451354887837E-1,9.385528724489E-1));
#7116=DIRECTION('',(0.E0,9.385528724489E-1,3.451354887837E-1));
#7117=AXIS2_PLACEMENT_3D('',#7114,#7115,#7116);
#7118=PLANE('',#7117);
#7119=ORIENTED_EDGE('',*,*,#7028,.T.);
#7121=ORIENTED_EDGE('',*,*,#7120,.T.);
#7122=ORIENTED_EDGE('',*,*,#3613,.F.);
#7124=ORIENTED_EDGE('',*,*,#7123,.F.);
#7125=EDGE_LOOP('',(#7119,#7121,#7122,#7124));
#7126=FACE_OUTER_BOUND('',#7125,.F.);
#7128=CARTESIAN_POINT('',(7.E0,2.88E1,-6.26E0));
#7129=DIRECTION('',(0.E0,-1.E0,0.E0));
#7130=DIRECTION('',(1.E0,0.E0,0.E0));
#7131=AXIS2_PLACEMENT_3D('',#7128,#7129,#7130);
#7132=CYLINDRICAL_SURFACE('',#7131,1.25E0);
#7133=ORIENTED_EDGE('',*,*,#4428,.F.);
#7135=ORIENTED_EDGE('',*,*,#7134,.F.);
#7136=ORIENTED_EDGE('',*,*,#6949,.T.);
#7137=ORIENTED_EDGE('',*,*,#7067,.T.);
#7138=ORIENTED_EDGE('',*,*,#7051,.T.);
#7139=ORIENTED_EDGE('',*,*,#6928,.T.);
#7141=ORIENTED_EDGE('',*,*,#7140,.T.);
#7142=EDGE_LOOP('',(#7133,#7135,#7136,#7137,#7138,#7139,#7141));
#7143=FACE_OUTER_BOUND('',#7142,.F.);
#7145=CARTESIAN_POINT('',(7.E0,2.88E1,-6.26E0));
#7146=DIRECTION('',(0.E0,-1.E0,0.E0));
#7147=DIRECTION('',(1.E0,0.E0,0.E0));
#7148=AXIS2_PLACEMENT_3D('',#7145,#7146,#7147);
#7149=CYLINDRICAL_SURFACE('',#7148,1.25E0);
#7150=ORIENTED_EDGE('',*,*,#4430,.F.);
#7151=ORIENTED_EDGE('',*,*,#7140,.F.);
#7152=ORIENTED_EDGE('',*,*,#6935,.T.);
#7153=ORIENTED_EDGE('',*,*,#4303,.T.);
#7154=ORIENTED_EDGE('',*,*,#4322,.T.);
#7155=ORIENTED_EDGE('',*,*,#6951,.T.);
#7156=ORIENTED_EDGE('',*,*,#7134,.T.);
#7157=EDGE_LOOP('',(#7150,#7151,#7152,#7153,#7154,#7155,#7156));
#7158=FACE_OUTER_BOUND('',#7157,.F.);
#7160=CARTESIAN_POINT('',(1.2E1,2.88E1,-6.26E0));
#7161=DIRECTION('',(0.E0,-1.E0,0.E0));
#7162=DIRECTION('',(1.E0,0.E0,0.E0));
#7163=AXIS2_PLACEMENT_3D('',#7160,#7161,#7162);
#7164=CYLINDRICAL_SURFACE('',#7163,1.25E0);
#7165=ORIENTED_EDGE('',*,*,#4434,.F.);
#7167=ORIENTED_EDGE('',*,*,#7166,.F.);
#7168=ORIENTED_EDGE('',*,*,#6968,.T.);
#7169=ORIENTED_EDGE('',*,*,#7081,.T.);
#7170=ORIENTED_EDGE('',*,*,#7064,.T.);
#7171=ORIENTED_EDGE('',*,*,#6945,.T.);
#7173=ORIENTED_EDGE('',*,*,#7172,.T.);
#7174=EDGE_LOOP('',(#7165,#7167,#7168,#7169,#7170,#7171,#7173));
#7175=FACE_OUTER_BOUND('',#7174,.F.);
#7177=CARTESIAN_POINT('',(1.2E1,2.88E1,-6.26E0));
#7178=DIRECTION('',(0.E0,-1.E0,0.E0));
#7179=DIRECTION('',(1.E0,0.E0,0.E0));
#7180=AXIS2_PLACEMENT_3D('',#7177,#7178,#7179);
#7181=CYLINDRICAL_SURFACE('',#7180,1.25E0);
#7182=ORIENTED_EDGE('',*,*,#4436,.F.);
#7183=ORIENTED_EDGE('',*,*,#7172,.F.);
#7184=ORIENTED_EDGE('',*,*,#6954,.T.);
#7185=ORIENTED_EDGE('',*,*,#4318,.T.);
#7186=ORIENTED_EDGE('',*,*,#4337,.T.);
#7187=ORIENTED_EDGE('',*,*,#6970,.T.);
#7188=ORIENTED_EDGE('',*,*,#7166,.T.);
#7189=EDGE_LOOP('',(#7182,#7183,#7184,#7185,#7186,#7187,#7188));
#7190=FACE_OUTER_BOUND('',#7189,.F.);
#7192=CARTESIAN_POINT('',(1.7E1,2.88E1,-6.26E0));
#7193=DIRECTION('',(0.E0,-1.E0,0.E0));
#7194=DIRECTION('',(1.E0,0.E0,0.E0));
#7195=AXIS2_PLACEMENT_3D('',#7192,#7193,#7194);
#7196=CYLINDRICAL_SURFACE('',#7195,1.25E0);
#7197=ORIENTED_EDGE('',*,*,#4440,.F.);
#7199=ORIENTED_EDGE('',*,*,#7198,.F.);
#7200=ORIENTED_EDGE('',*,*,#6987,.T.);
#7201=ORIENTED_EDGE('',*,*,#7095,.T.);
#7202=ORIENTED_EDGE('',*,*,#7078,.T.);
#7203=ORIENTED_EDGE('',*,*,#6964,.T.);
#7205=ORIENTED_EDGE('',*,*,#7204,.T.);
#7206=EDGE_LOOP('',(#7197,#7199,#7200,#7201,#7202,#7203,#7205));
#7207=FACE_OUTER_BOUND('',#7206,.F.);
#7209=CARTESIAN_POINT('',(1.7E1,2.88E1,-6.26E0));
#7210=DIRECTION('',(0.E0,-1.E0,0.E0));
#7211=DIRECTION('',(1.E0,0.E0,0.E0));
#7212=AXIS2_PLACEMENT_3D('',#7209,#7210,#7211);
#7213=CYLINDRICAL_SURFACE('',#7212,1.25E0);
#7214=ORIENTED_EDGE('',*,*,#4442,.F.);
#7215=ORIENTED_EDGE('',*,*,#7204,.F.);
#7216=ORIENTED_EDGE('',*,*,#6973,.T.);
#7217=ORIENTED_EDGE('',*,*,#4333,.T.);
#7218=ORIENTED_EDGE('',*,*,#4352,.T.);
#7219=ORIENTED_EDGE('',*,*,#6989,.T.);
#7220=ORIENTED_EDGE('',*,*,#7198,.T.);
#7221=EDGE_LOOP('',(#7214,#7215,#7216,#7217,#7218,#7219,#7220));
#7222=FACE_OUTER_BOUND('',#7221,.F.);
#7224=CARTESIAN_POINT('',(2.2E1,2.88E1,-6.26E0));
#7225=DIRECTION('',(0.E0,-1.E0,0.E0));
#7226=DIRECTION('',(1.E0,0.E0,0.E0));
#7227=AXIS2_PLACEMENT_3D('',#7224,#7225,#7226);
#7228=CYLINDRICAL_SURFACE('',#7227,1.25E0);
#7229=ORIENTED_EDGE('',*,*,#4446,.F.);
#7231=ORIENTED_EDGE('',*,*,#7230,.F.);
#7232=ORIENTED_EDGE('',*,*,#7006,.T.);
#7233=ORIENTED_EDGE('',*,*,#7109,.T.);
#7234=ORIENTED_EDGE('',*,*,#7092,.T.);
#7235=ORIENTED_EDGE('',*,*,#6983,.T.);
#7237=ORIENTED_EDGE('',*,*,#7236,.T.);
#7238=EDGE_LOOP('',(#7229,#7231,#7232,#7233,#7234,#7235,#7237));
#7239=FACE_OUTER_BOUND('',#7238,.F.);
#7241=CARTESIAN_POINT('',(2.2E1,2.88E1,-6.26E0));
#7242=DIRECTION('',(0.E0,-1.E0,0.E0));
#7243=DIRECTION('',(1.E0,0.E0,0.E0));
#7244=AXIS2_PLACEMENT_3D('',#7241,#7242,#7243);
#7245=CYLINDRICAL_SURFACE('',#7244,1.25E0);
#7246=ORIENTED_EDGE('',*,*,#4448,.F.);
#7247=ORIENTED_EDGE('',*,*,#7236,.F.);
#7248=ORIENTED_EDGE('',*,*,#6992,.T.);
#7249=ORIENTED_EDGE('',*,*,#4348,.T.);
#7250=ORIENTED_EDGE('',*,*,#4367,.T.);
#7251=ORIENTED_EDGE('',*,*,#7008,.T.);
#7252=ORIENTED_EDGE('',*,*,#7230,.T.);
#7253=EDGE_LOOP('',(#7246,#7247,#7248,#7249,#7250,#7251,#7252));
#7254=FACE_OUTER_BOUND('',#7253,.F.);
#7256=CARTESIAN_POINT('',(2.7E1,2.88E1,-6.26E0));
#7257=DIRECTION('',(0.E0,-1.E0,0.E0));
#7258=DIRECTION('',(1.E0,0.E0,0.E0));
#7259=AXIS2_PLACEMENT_3D('',#7256,#7257,#7258);
#7260=CYLINDRICAL_SURFACE('',#7259,1.25E0);
#7261=ORIENTED_EDGE('',*,*,#4452,.F.);
#7263=ORIENTED_EDGE('',*,*,#7262,.F.);
#7264=ORIENTED_EDGE('',*,*,#7021,.T.);
#7265=ORIENTED_EDGE('',*,*,#7123,.T.);
#7266=ORIENTED_EDGE('',*,*,#7106,.T.);
#7267=ORIENTED_EDGE('',*,*,#7002,.T.);
#7269=ORIENTED_EDGE('',*,*,#7268,.T.);
#7270=EDGE_LOOP('',(#7261,#7263,#7264,#7265,#7266,#7267,#7269));
#7271=FACE_OUTER_BOUND('',#7270,.F.);
#7273=CARTESIAN_POINT('',(2.7E1,2.88E1,-6.26E0));
#7274=DIRECTION('',(0.E0,-1.E0,0.E0));
#7275=DIRECTION('',(1.E0,0.E0,0.E0));
#7276=AXIS2_PLACEMENT_3D('',#7273,#7274,#7275);
#7277=CYLINDRICAL_SURFACE('',#7276,1.25E0);
#7278=ORIENTED_EDGE('',*,*,#4454,.F.);
#7279=ORIENTED_EDGE('',*,*,#7268,.F.);
#7280=ORIENTED_EDGE('',*,*,#7011,.T.);
#7281=ORIENTED_EDGE('',*,*,#4363,.T.);
#7282=ORIENTED_EDGE('',*,*,#4378,.T.);
#7283=ORIENTED_EDGE('',*,*,#7023,.T.);
#7284=ORIENTED_EDGE('',*,*,#7262,.T.);
#7285=EDGE_LOOP('',(#7278,#7279,#7280,#7281,#7282,#7283,#7284));
#7286=FACE_OUTER_BOUND('',#7285,.F.);
#7288=CARTESIAN_POINT('',(3.E1,0.E0,0.E0));
#7289=DIRECTION('',(1.E0,0.E0,0.E0));
#7290=DIRECTION('',(0.E0,1.E0,0.E0));
#7291=AXIS2_PLACEMENT_3D('',#7288,#7289,#7290);
#7292=PLANE('',#7291);
#7293=ORIENTED_EDGE('',*,*,#3615,.T.);
#7294=ORIENTED_EDGE('',*,*,#7120,.F.);
#7295=ORIENTED_EDGE('',*,*,#7026,.F.);
#7296=ORIENTED_EDGE('',*,*,#4381,.F.);
#7297=EDGE_LOOP('',(#7293,#7294,#7295,#7296));
#7298=FACE_OUTER_BOUND('',#7297,.F.);
#7304=PLANE_ANGLE_MEASURE_WITH_UNIT(PLANE_ANGLE_MEASURE(1.745329251994E-2),
#7303);
#7305=(CONVERSION_BASED_UNIT('DEGREE',#7304)NAMED_UNIT(*)PLANE_ANGLE_UNIT());
#7307=UNCERTAINTY_MEASURE_WITH_UNIT(LENGTH_MEASURE(9.346420923516E-3),#7302,
'distance_accuracy_value',
'Maximum model space distance between geometric entities at asserted connectivities');
#7310=APPLICATION_CONTEXT('automotive_design');
#7311=APPLICATION_PROTOCOL_DEFINITION('international standard',
'automotive_design',2001,#7310);
#7312=PRODUCT_DEFINITION_CONTEXT('part definition',#7310,'design');
#7313=PRODUCT_CONTEXT('',#7310,'mechanical');
#7314=PRODUCT('GASMETER-CASE01','GASMETER-CASE01','NOT SPECIFIED',(#7313));
#7315=PRODUCT_DEFINITION_FORMATION('21','LAST_VERSION',#7314);
#7323=DERIVED_UNIT_ELEMENT(#7322,2.E0);
#7324=DERIVED_UNIT((#7323));
#7325=MEASURE_REPRESENTATION_ITEM('surface area measure',AREA_MEASURE(
1.377562730789E4),#7324);
#7330=DERIVED_UNIT_ELEMENT(#7329,3.E0);
#7331=DERIVED_UNIT((#7330));
#7332=MEASURE_REPRESENTATION_ITEM('volume measure',VOLUME_MEASURE(
1.374728931414E4),#7331);
#7336=CARTESIAN_POINT('centre point',(-1.559126818496E-1,-1.446653960266E1,
-1.058729883748E1));
#7341=DERIVED_UNIT_ELEMENT(#7340,2.E0);
#7342=DERIVED_UNIT((#7341));
#7343=MEASURE_REPRESENTATION_ITEM('surface area measure',AREA_MEASURE(
1.377562730789E4),#7342);
#7348=DERIVED_UNIT_ELEMENT(#7347,3.E0);
#7349=DERIVED_UNIT((#7348));
#7350=MEASURE_REPRESENTATION_ITEM('volume measure',VOLUME_MEASURE(
1.374728931414E4),#7349);
#7354=CARTESIAN_POINT('centre point',(-1.559126818496E-1,-1.446653960266E1,
-1.058729883748E1));
#7359=PRODUCT_RELATED_PRODUCT_CATEGORY('part','',(#7314));
#1=COLOUR_RGB('',0.E0,0.E0,6.E-1);
#2=COLOUR_RGB('',0.E0,0.E0,8.E-1);
#3=DRAUGHTING_PRE_DEFINED_COLOUR('blue');
#4=COLOUR_RGB('',0.E0,2.2E-1,0.E0);
#5=COLOUR_RGB('',0.E0,4.E-1,0.E0);
#6=COLOUR_RGB('',0.E0,6.E-1,0.E0);
#7=COLOUR_RGB('',0.E0,8.E-1,0.E0);
#8=DRAUGHTING_PRE_DEFINED_COLOUR('green');
#9=DRAUGHTING_PRE_DEFINED_COLOUR('cyan');
#10=COLOUR_RGB('',4.E-2,4.E-2,4.E-2);
#11=COLOUR_RGB('',1.26263E-1,1.26263E-1,1.26263E-1);
#12=COLOUR_RGB('',2.E-1,0.E0,0.E0);
#13=COLOUR_RGB('',2.E-1,2.E-1,0.E0);
#14=COLOUR_RGB('',2.E-1,2.E-1,1.E0);
#15=COLOUR_RGB('',2.E-1,1.E0,2.E-1);
#16=COLOUR_RGB('',3.1E-1,5.2E-1,1.4E-1);
#17=COLOUR_RGB('',3.1E-1,1.E0,1.E0);
#18=COLOUR_RGB('',3.58586E-1,3.58586E-1,3.58586E-1);
#19=COLOUR_RGB('',4.E-1,0.E0,0.E0);
#20=COLOUR_RGB('',4.E-1,4.E-1,0.E0);
#21=COLOUR_RGB('',4.E-1,4.E-1,1.E0);
#22=COLOUR_RGB('',4.E-1,1.E0,4.E-1);
#23=COLOUR_RGB('',4.24242E-1,3.1784E-1,1.97123E-1);
#24=COLOUR_RGB('',5.15152E-1,5.15152E-1,5.15152E-1);
#25=COLOUR_RGB('',6.E-1,0.E0,0.E0);
#26=COLOUR_RGB('',6.E-1,6.E-1,0.E0);
#27=COLOUR_RGB('',6.E-1,6.E-1,1.E0);
#28=COLOUR_RGB('',6.E-1,1.E0,6.E-1);
#29=COLOUR_RGB('',6.22737E-1,6.66098E-1,9.84848E-1);
#30=COLOUR_RGB('',6.35294E-1,6.86275E-1,7.4902E-1);
#31=COLOUR_RGB('',6.81818E-1,5.10814E-1,3.16804E-1);
#32=COLOUR_RGB('',7.E-1,1.E0,1.E0);
#33=COLOUR_RGB('',7.0202E-1,7.0202E-1,7.0202E-1);
#34=COLOUR_RGB('',8.E-1,0.E0,0.E0);
#35=COLOUR_RGB('',8.E-1,8.E-1,1.E0);
#36=COLOUR_RGB('',8.E-1,9.2E-1,0.E0);
#37=COLOUR_RGB('',8.E-1,1.E0,8.E-1);
#38=COLOUR_RGB('',8.23232E-1,6.16761E-1,3.82512E-1);
#39=COLOUR_RGB('',9.E-1,4.1E-1,4.1E-1);
#40=COLOUR_RGB('',9.E-1,6.E-1,4.1E-1);
#41=COLOUR_RGB('',9.84848E-1,9.84848E-1,9.84848E-1);
#42=DRAUGHTING_PRE_DEFINED_COLOUR('red');
#43=DRAUGHTING_PRE_DEFINED_COLOUR('magenta');
#44=COLOUR_RGB('',1.E0,2.E-1,2.E-1);
#45=COLOUR_RGB('',1.E0,4.E-1,4.E-1);
#46=COLOUR_RGB('',1.E0,6.E-1,6.E-1);
#47=COLOUR_RGB('',1.E0,8.E-1,8.E-1);
#48=DRAUGHTING_PRE_DEFINED_COLOUR('yellow');
#49=COLOUR_RGB('',1.E0,1.E0,3.E-1);
#50=COLOUR_RGB('',1.E0,1.E0,5.E-1);
#51=DRAUGHTING_PRE_DEFINED_COLOUR('white');
#73=B_SPLINE_CURVE_WITH_KNOTS('',3,(#64,#65,#66,#67,#68,#69,#70,#71,#72),
.UNSPECIFIED.,.F.,.F.,(4,1,1,1,1,1,4),(0.E0,1.666666666667E-1,3.333333333333E-1,
5.E-1,6.666666666667E-1,8.333333333333E-1,1.E0),.UNSPECIFIED.);
#78=CIRCLE('',#77,1.E0);
#87=B_SPLINE_CURVE_WITH_KNOTS('',3,(#83,#84,#85,#86),.UNSPECIFIED.,.F.,.F.,(4,
4),(0.E0,1.E0),.UNSPECIFIED.);
#94=B_SPLINE_CURVE_WITH_KNOTS('',3,(#88,#89,#90,#91,#92,#93),.UNSPECIFIED.,.F.,
.F.,(4,1,1,4),(0.E0,5.E-1,7.5E-1,1.E0),.UNSPECIFIED.);
#157=B_SPLINE_CURVE_WITH_KNOTS('',3,(#151,#152,#153,#154,#155,#156),
.UNSPECIFIED.,.F.,.F.,(4,1,1,4),(0.E0,2.5E-1,5.E-1,1.E0),.UNSPECIFIED.);
#174=B_SPLINE_CURVE_WITH_KNOTS('',3,(#170,#171,#172,#173),.UNSPECIFIED.,.F.,.F.,
(4,4),(0.E0,1.E0),.UNSPECIFIED.);
#215=B_SPLINE_CURVE_WITH_KNOTS('',3,(#211,#212,#213,#214),.UNSPECIFIED.,.F.,.F.,
(4,4),(0.E0,1.E0),.UNSPECIFIED.);
#225=B_SPLINE_CURVE_WITH_KNOTS('',3,(#216,#217,#218,#219,#220,#221,#222,#223,
#224),.UNSPECIFIED.,.F.,.F.,(4,1,1,1,1,1,4),(0.E0,1.666666666667E-1,
3.333333333333E-1,5.E-1,6.666666666667E-1,8.333333333333E-1,1.E0),
.UNSPECIFIED.);
#235=B_SPLINE_CURVE_WITH_KNOTS('',3,(#226,#227,#228,#229,#230,#231,#232,#233,
#234),.UNSPECIFIED.,.F.,.F.,(4,1,1,1,1,1,4),(0.E0,1.666666666667E-1,
3.333333333333E-1,5.E-1,6.666666666667E-1,8.333333333333E-1,1.E0),
.UNSPECIFIED.);
#251=B_SPLINE_CURVE_WITH_KNOTS('',3,(#240,#241,#242,#243,#244,#245,#246,#247,
#248,#249,#250),.UNSPECIFIED.,.F.,.F.,(4,1,1,1,1,1,1,1,4),(0.E0,1.46022289E-1,
2.91369687E-1,4.3694907E-1,5.82351785E-1,7.18685094E-1,8.54317807E-1,
9.27158904E-1,1.E0),.UNSPECIFIED.);
#267=B_SPLINE_CURVE_WITH_KNOTS('',3,(#256,#257,#258,#259,#260,#261,#262,#263,
#264,#265,#266),.UNSPECIFIED.,.F.,.F.,(4,1,1,1,1,1,1,1,4),(0.E0,7.2579847E-2,
1.45159693E-1,2.89572011E-1,4.342033E-1,5.78358178E-1,7.16119677E-1,
8.54403375E-1,1.E0),.UNSPECIFIED.);
#276=B_SPLINE_CURVE_WITH_KNOTS('',3,(#272,#273,#274,#275),.UNSPECIFIED.,.F.,.F.,
(4,4),(0.E0,1.E0),.UNSPECIFIED.);
#286=B_SPLINE_CURVE_WITH_KNOTS('',3,(#277,#278,#279,#280,#281,#282,#283,#284,
#285),.UNSPECIFIED.,.F.,.F.,(4,1,1,1,1,1,4),(0.E0,1.666666666667E-1,
3.333333333333E-1,5.E-1,6.666666666667E-1,8.333333333333E-1,1.E0),
.UNSPECIFIED.);
#291=B_SPLINE_CURVE_WITH_KNOTS('',3,(#287,#288,#289,#290),.UNSPECIFIED.,.F.,.F.,
(4,4),(0.E0,1.E0),.UNSPECIFIED.);
#301=B_SPLINE_CURVE_WITH_KNOTS('',3,(#292,#293,#294,#295,#296,#297,#298,#299,
#300),.UNSPECIFIED.,.F.,.F.,(4,1,1,1,1,1,4),(0.E0,1.666666666667E-1,
3.333333333333E-1,5.E-1,6.666666666667E-1,8.333333333333E-1,1.E0),
.UNSPECIFIED.);
#318=CIRCLE('',#317,1.5E0);
#327=CIRCLE('',#326,1.5E0);
#339=B_SPLINE_CURVE_WITH_KNOTS('',3,(#328,#329,#330,#331,#332,#333,#334,#335,
#336,#337,#338),.UNSPECIFIED.,.F.,.F.,(4,1,1,1,1,1,1,1,4),(0.E0,1.46022289E-1,
2.91369687E-1,4.3694907E-1,5.82351785E-1,7.18685094E-1,8.54317807E-1,
9.27158904E-1,1.E0),.UNSPECIFIED.);
#349=B_SPLINE_CURVE_WITH_KNOTS('',3,(#340,#341,#342,#343,#344,#345,#346,#347,
#348),.UNSPECIFIED.,.F.,.F.,(4,1,1,1,1,1,4),(0.E0,2.5E-1,5.E-1,7.5E-1,8.75E-1,
9.375E-1,1.E0),.UNSPECIFIED.);
#354=B_SPLINE_CURVE_WITH_KNOTS('',3,(#350,#351,#352,#353),.UNSPECIFIED.,.F.,.F.,
(4,4),(0.E0,1.E0),.UNSPECIFIED.);
#382=B_SPLINE_CURVE_WITH_KNOTS('',3,(#371,#372,#373,#374,#375,#376,#377,#378,
#379,#380,#381),.UNSPECIFIED.,.F.,.F.,(4,1,1,1,1,1,1,1,4),(0.E0,7.2579847E-2,
1.45159693E-1,2.89572011E-1,4.342033E-1,5.78358178E-1,7.16119677E-1,
8.54403375E-1,1.E0),.UNSPECIFIED.);
#392=B_SPLINE_CURVE_WITH_KNOTS('',3,(#383,#384,#385,#386,#387,#388,#389,#390,
#391),.UNSPECIFIED.,.F.,.F.,(4,1,1,1,1,1,4),(0.E0,2.5E-1,5.E-1,7.5E-1,8.75E-1,
9.375E-1,1.E0),.UNSPECIFIED.);
#437=CIRCLE('',#436,5.E0);
#454=CIRCLE('',#453,5.E0);
#475=B_SPLINE_CURVE_WITH_KNOTS('',3,(#471,#472,#473,#474),.UNSPECIFIED.,.F.,.F.,
(4,4),(0.E0,1.E0),.UNSPECIFIED.);
#484=B_SPLINE_CURVE_WITH_KNOTS('',3,(#480,#481,#482,#483),.UNSPECIFIED.,.F.,.F.,
(4,4),(0.E0,1.E0),.UNSPECIFIED.);
#523=B_SPLINE_CURVE_WITH_KNOTS('',3,(#517,#518,#519,#520,#521,#522),
.UNSPECIFIED.,.F.,.F.,(4,1,1,4),(0.E0,5.E-1,7.5E-1,1.E0),.UNSPECIFIED.);
#530=B_SPLINE_CURVE_WITH_KNOTS('',3,(#524,#525,#526,#527,#528,#529),
.UNSPECIFIED.,.F.,.F.,(4,1,1,4),(0.E0,5.E-1,7.5E-1,1.E0),.UNSPECIFIED.);
#537=B_SPLINE_CURVE_WITH_KNOTS('',3,(#531,#532,#533,#534,#535,#536),
.UNSPECIFIED.,.F.,.F.,(4,1,1,4),(0.E0,2.5E-1,5.E-1,1.E0),.UNSPECIFIED.);
#544=B_SPLINE_CURVE_WITH_KNOTS('',3,(#538,#539,#540,#541,#542,#543),
.UNSPECIFIED.,.F.,.F.,(4,1,1,4),(0.E0,5.E-1,7.5E-1,1.E0),.UNSPECIFIED.);
#551=B_SPLINE_CURVE_WITH_KNOTS('',3,(#545,#546,#547,#548,#549,#550),
.UNSPECIFIED.,.F.,.F.,(4,1,1,4),(0.E0,2.5E-1,5.E-1,1.E0),.UNSPECIFIED.);
#558=B_SPLINE_CURVE_WITH_KNOTS('',3,(#552,#553,#554,#555,#556,#557),
.UNSPECIFIED.,.F.,.F.,(4,1,1,4),(0.E0,5.E-1,7.5E-1,1.E0),.UNSPECIFIED.);
#565=B_SPLINE_CURVE_WITH_KNOTS('',3,(#559,#560,#561,#562,#563,#564),
.UNSPECIFIED.,.F.,.F.,(4,1,1,4),(0.E0,2.5E-1,5.E-1,1.E0),.UNSPECIFIED.);
#572=B_SPLINE_CURVE_WITH_KNOTS('',3,(#566,#567,#568,#569,#570,#571),
.UNSPECIFIED.,.F.,.F.,(4,1,1,4),(0.E0,5.E-1,7.5E-1,1.E0),.UNSPECIFIED.);
#579=B_SPLINE_CURVE_WITH_KNOTS('',3,(#573,#574,#575,#576,#577,#578),
.UNSPECIFIED.,.F.,.F.,(4,1,1,4),(0.E0,2.5E-1,5.E-1,1.E0),.UNSPECIFIED.);
#586=B_SPLINE_CURVE_WITH_KNOTS('',3,(#580,#581,#582,#583,#584,#585),
.UNSPECIFIED.,.F.,.F.,(4,1,1,4),(0.E0,5.E-1,7.5E-1,1.E0),.UNSPECIFIED.);
#593=B_SPLINE_CURVE_WITH_KNOTS('',3,(#587,#588,#589,#590,#591,#592),
.UNSPECIFIED.,.F.,.F.,(4,1,1,4),(0.E0,2.5E-1,5.E-1,1.E0),.UNSPECIFIED.);
#600=B_SPLINE_CURVE_WITH_KNOTS('',3,(#594,#595,#596,#597,#598,#599),
.UNSPECIFIED.,.F.,.F.,(4,1,1,4),(0.E0,2.5E-1,5.E-1,1.E0),.UNSPECIFIED.);
#605=CIRCLE('',#604,1.25E0);
#614=CIRCLE('',#613,4.E0);
#635=CIRCLE('',#634,2.45E0);
#640=CIRCLE('',#639,2.45E0);
#689=CIRCLE('',#688,4.E0);
#722=CIRCLE('',#721,5.E0);
#735=CIRCLE('',#734,2.45E0);
#740=CIRCLE('',#739,2.45E0);
#853=CIRCLE('',#852,4.5E0);
#858=CIRCLE('',#857,4.5E0);
#863=CIRCLE('',#862,5.5E0);
#868=CIRCLE('',#867,5.5E0);
#873=CIRCLE('',#872,5.E-1);
#878=CIRCLE('',#877,5.E-1);
#883=CIRCLE('',#882,5.E-1);
#888=CIRCLE('',#887,5.E-1);
#917=CIRCLE('',#916,5.5E0);
#922=CIRCLE('',#921,5.5E0);
#927=CIRCLE('',#926,5.5E0);
#956=CIRCLE('',#955,5.E-1);
#961=CIRCLE('',#960,5.E-1);
#966=CIRCLE('',#965,4.E0);
#975=CIRCLE('',#974,4.E0);
#984=CIRCLE('',#983,4.E0);
#989=CIRCLE('',#988,4.E0);
#994=CIRCLE('',#993,8.E-1);
#999=CIRCLE('',#998,8.E-1);
#1012=CIRCLE('',#1011,8.E-1);
#1017=CIRCLE('',#1016,8.E-1);
#1030=CIRCLE('',#1029,1.5E0);
#1035=CIRCLE('',#1034,1.5E0);
#1052=CIRCLE('',#1051,1.5E0);
#1057=CIRCLE('',#1056,1.5E0);
#1062=CIRCLE('',#1061,1.5E0);
#1067=CIRCLE('',#1066,1.5E0);
#1272=CIRCLE('',#1271,5.E-1);
#1277=CIRCLE('',#1276,5.E-1);
#1282=CIRCLE('',#1281,5.E-1);
#1287=CIRCLE('',#1286,5.E-1);
#1333=B_SPLINE_CURVE_WITH_KNOTS('',3,(#1324,#1325,#1326,#1327,#1328,#1329,#1330,
#1331,#1332),.UNSPECIFIED.,.F.,.F.,(4,1,1,1,1,1,4),(0.E0,1.666666666667E-1,
3.333333333333E-1,5.E-1,6.666666666667E-1,8.333333333333E-1,1.E0),
.UNSPECIFIED.);
#1338=CIRCLE('',#1337,1.E0);
#1391=CIRCLE('',#1390,5.E-1);
#1400=CIRCLE('',#1399,5.E-1);
#1413=CIRCLE('',#1412,5.E-1);
#1554=CIRCLE('',#1553,1.5E0);
#1563=CIRCLE('',#1562,1.5E0);
#1568=CIRCLE('',#1567,1.5E0);
#1581=CIRCLE('',#1580,1.5E0);
#1586=CIRCLE('',#1585,1.5E0);
#1599=CIRCLE('',#1598,1.5E0);
#1604=CIRCLE('',#1603,1.5E0);
#1617=CIRCLE('',#1616,1.5E0);
#1622=CIRCLE('',#1621,1.5E0);
#1627=CIRCLE('',#1626,1.5E0);
#1636=CIRCLE('',#1635,1.5E0);
#1645=CIRCLE('',#1644,1.5E0);
#1738=CIRCLE('',#1737,5.E-1);
#1768=B_SPLINE_CURVE_WITH_KNOTS('',3,(#1759,#1760,#1761,#1762,#1763,#1764,#1765,
#1766,#1767),.UNSPECIFIED.,.F.,.F.,(4,1,1,1,1,1,4),(0.E0,1.666666666667E-1,
3.333333333333E-1,5.E-1,6.666666666667E-1,8.333333333333E-1,1.E0),
.UNSPECIFIED.);
#1774=B_SPLINE_CURVE_WITH_KNOTS('',3,(#1769,#1770,#1771,#1772,#1773),
.UNSPECIFIED.,.F.,.F.,(4,1,4),(0.E0,5.E-1,1.E0),.UNSPECIFIED.);
#1779=CIRCLE('',#1778,1.5E0);
#1789=B_SPLINE_CURVE_WITH_KNOTS('',3,(#1784,#1785,#1786,#1787,#1788),
.UNSPECIFIED.,.F.,.F.,(4,1,4),(0.E0,5.E-1,1.E0),.UNSPECIFIED.);
#1798=CIRCLE('',#1797,1.5E0);
#2279=CIRCLE('',#2278,1.25E0);
#2295=B_SPLINE_CURVE_WITH_KNOTS('',3,(#2284,#2285,#2286,#2287,#2288,#2289,#2290,
#2291,#2292,#2293,#2294),.UNSPECIFIED.,.F.,.F.,(4,1,1,1,1,1,1,1,4),(0.E0,
1.25E-1,2.5E-1,3.75E-1,5.E-1,6.25E-1,7.5E-1,8.75E-1,1.E0),.UNSPECIFIED.);
#2313=B_SPLINE_CURVE_WITH_KNOTS('',3,(#2300,#2301,#2302,#2303,#2304,#2305,#2306,
#2307,#2308,#2309,#2310,#2311,#2312),.UNSPECIFIED.,.F.,.F.,(4,1,1,1,1,1,1,1,1,1,
4),(0.E0,1.25E-1,2.5E-1,3.75E-1,4.375E-1,5.E-1,5.625E-1,6.25E-1,7.5E-1,8.75E-1,
1.E0),.UNSPECIFIED.);
#2329=B_SPLINE_CURVE_WITH_KNOTS('',3,(#2318,#2319,#2320,#2321,#2322,#2323,#2324,
#2325,#2326,#2327,#2328),.UNSPECIFIED.,.F.,.F.,(4,1,1,1,1,1,1,1,4),(0.E0,
1.25E-1,2.5E-1,3.75E-1,5.E-1,6.25E-1,7.5E-1,8.75E-1,1.E0),.UNSPECIFIED.);
#2341=B_SPLINE_CURVE_WITH_KNOTS('',3,(#2330,#2331,#2332,#2333,#2334,#2335,#2336,
#2337,#2338,#2339,#2340),.UNSPECIFIED.,.F.,.F.,(4,1,1,1,1,1,1,1,4),(0.E0,
1.25E-1,2.5E-1,3.75E-1,5.E-1,6.25E-1,7.5E-1,8.75E-1,1.E0),.UNSPECIFIED.);
#2357=B_SPLINE_CURVE_WITH_KNOTS('',3,(#2346,#2347,#2348,#2349,#2350,#2351,#2352,
#2353,#2354,#2355,#2356),.UNSPECIFIED.,.F.,.F.,(4,1,1,1,1,1,1,1,4),(0.E0,
1.25E-1,2.5E-1,3.75E-1,5.E-1,6.25E-1,7.5E-1,8.75E-1,1.E0),.UNSPECIFIED.);
#2369=B_SPLINE_CURVE_WITH_KNOTS('',3,(#2358,#2359,#2360,#2361,#2362,#2363,#2364,
#2365,#2366,#2367,#2368),.UNSPECIFIED.,.F.,.F.,(4,1,1,1,1,1,1,1,4),(0.E0,
1.25E-1,2.5E-1,3.75E-1,5.E-1,6.25E-1,7.5E-1,8.75E-1,1.E0),.UNSPECIFIED.);
#2385=B_SPLINE_CURVE_WITH_KNOTS('',3,(#2374,#2375,#2376,#2377,#2378,#2379,#2380,
#2381,#2382,#2383,#2384),.UNSPECIFIED.,.F.,.F.,(4,1,1,1,1,1,1,1,4),(0.E0,
1.25E-1,2.5E-1,3.75E-1,5.E-1,6.25E-1,7.5E-1,8.75E-1,1.E0),.UNSPECIFIED.);
#2397=B_SPLINE_CURVE_WITH_KNOTS('',3,(#2386,#2387,#2388,#2389,#2390,#2391,#2392,
#2393,#2394,#2395,#2396),.UNSPECIFIED.,.F.,.F.,(4,1,1,1,1,1,1,1,4),(0.E0,
1.25E-1,2.5E-1,3.75E-1,5.E-1,6.25E-1,7.5E-1,8.75E-1,1.E0),.UNSPECIFIED.);
#2413=B_SPLINE_CURVE_WITH_KNOTS('',3,(#2402,#2403,#2404,#2405,#2406,#2407,#2408,
#2409,#2410,#2411,#2412),.UNSPECIFIED.,.F.,.F.,(4,1,1,1,1,1,1,1,4),(0.E0,
1.25E-1,2.5E-1,3.75E-1,5.E-1,6.25E-1,7.5E-1,8.75E-1,1.E0),.UNSPECIFIED.);
#2425=B_SPLINE_CURVE_WITH_KNOTS('',3,(#2414,#2415,#2416,#2417,#2418,#2419,#2420,
#2421,#2422,#2423,#2424),.UNSPECIFIED.,.F.,.F.,(4,1,1,1,1,1,1,1,4),(0.E0,
1.25E-1,2.5E-1,3.75E-1,5.E-1,6.25E-1,7.5E-1,8.75E-1,1.E0),.UNSPECIFIED.);
#2441=B_SPLINE_CURVE_WITH_KNOTS('',3,(#2430,#2431,#2432,#2433,#2434,#2435,#2436,
#2437,#2438,#2439,#2440),.UNSPECIFIED.,.F.,.F.,(4,1,1,1,1,1,1,1,4),(0.E0,
1.25E-1,2.5E-1,3.75E-1,5.E-1,6.25E-1,7.5E-1,8.75E-1,1.E0),.UNSPECIFIED.);
#2453=B_SPLINE_CURVE_WITH_KNOTS('',3,(#2442,#2443,#2444,#2445,#2446,#2447,#2448,
#2449,#2450,#2451,#2452),.UNSPECIFIED.,.F.,.F.,(4,1,1,1,1,1,1,1,4),(0.E0,
1.25E-1,2.5E-1,3.75E-1,5.E-1,6.25E-1,7.5E-1,8.75E-1,1.E0),.UNSPECIFIED.);
#2469=B_SPLINE_CURVE_WITH_KNOTS('',3,(#2458,#2459,#2460,#2461,#2462,#2463,#2464,
#2465,#2466,#2467,#2468),.UNSPECIFIED.,.F.,.F.,(4,1,1,1,1,1,1,1,4),(0.E0,
1.25E-1,2.5E-1,3.75E-1,5.E-1,6.25E-1,7.5E-1,8.75E-1,1.E0),.UNSPECIFIED.);
#2481=B_SPLINE_CURVE_WITH_KNOTS('',3,(#2470,#2471,#2472,#2473,#2474,#2475,#2476,
#2477,#2478,#2479,#2480),.UNSPECIFIED.,.F.,.F.,(4,1,1,1,1,1,1,1,4),(0.E0,
1.25E-1,2.5E-1,3.75E-1,5.E-1,6.25E-1,7.5E-1,8.75E-1,1.E0),.UNSPECIFIED.);
#2497=B_SPLINE_CURVE_WITH_KNOTS('',3,(#2486,#2487,#2488,#2489,#2490,#2491,#2492,
#2493,#2494,#2495,#2496),.UNSPECIFIED.,.F.,.F.,(4,1,1,1,1,1,1,1,4),(0.E0,
1.25E-1,2.5E-1,3.75E-1,5.E-1,6.25E-1,7.5E-1,8.75E-1,1.E0),.UNSPECIFIED.);
#2509=B_SPLINE_CURVE_WITH_KNOTS('',3,(#2498,#2499,#2500,#2501,#2502,#2503,#2504,
#2505,#2506,#2507,#2508),.UNSPECIFIED.,.F.,.F.,(4,1,1,1,1,1,1,1,4),(0.E0,
1.25E-1,2.5E-1,3.75E-1,5.E-1,6.25E-1,7.5E-1,8.75E-1,1.E0),.UNSPECIFIED.);
#2525=B_SPLINE_CURVE_WITH_KNOTS('',3,(#2514,#2515,#2516,#2517,#2518,#2519,#2520,
#2521,#2522,#2523,#2524),.UNSPECIFIED.,.F.,.F.,(4,1,1,1,1,1,1,1,4),(0.E0,
1.25E-1,2.5E-1,3.75E-1,5.E-1,6.25E-1,7.5E-1,8.75E-1,1.E0),.UNSPECIFIED.);
#2537=B_SPLINE_CURVE_WITH_KNOTS('',3,(#2526,#2527,#2528,#2529,#2530,#2531,#2532,
#2533,#2534,#2535,#2536),.UNSPECIFIED.,.F.,.F.,(4,1,1,1,1,1,1,1,4),(0.E0,
1.25E-1,2.5E-1,3.75E-1,5.E-1,6.25E-1,7.5E-1,8.75E-1,1.E0),.UNSPECIFIED.);
#2553=B_SPLINE_CURVE_WITH_KNOTS('',3,(#2542,#2543,#2544,#2545,#2546,#2547,#2548,
#2549,#2550,#2551,#2552),.UNSPECIFIED.,.F.,.F.,(4,1,1,1,1,1,1,1,4),(0.E0,
1.25E-1,2.5E-1,3.75E-1,5.E-1,6.25E-1,7.5E-1,8.75E-1,1.E0),.UNSPECIFIED.);
#2565=B_SPLINE_CURVE_WITH_KNOTS('',3,(#2554,#2555,#2556,#2557,#2558,#2559,#2560,
#2561,#2562,#2563,#2564),.UNSPECIFIED.,.F.,.F.,(4,1,1,1,1,1,1,1,4),(0.E0,
1.25E-1,2.5E-1,3.75E-1,5.E-1,6.25E-1,7.5E-1,8.75E-1,1.E0),.UNSPECIFIED.);
#2581=B_SPLINE_CURVE_WITH_KNOTS('',3,(#2570,#2571,#2572,#2573,#2574,#2575,#2576,
#2577,#2578,#2579,#2580),.UNSPECIFIED.,.F.,.F.,(4,1,1,1,1,1,1,1,4),(0.E0,
1.25E-1,2.5E-1,3.75E-1,5.E-1,6.25E-1,7.5E-1,8.75E-1,1.E0),.UNSPECIFIED.);
#2593=B_SPLINE_CURVE_WITH_KNOTS('',3,(#2582,#2583,#2584,#2585,#2586,#2587,#2588,
#2589,#2590,#2591,#2592),.UNSPECIFIED.,.F.,.F.,(4,1,1,1,1,1,1,1,4),(0.E0,
1.25E-1,2.5E-1,3.75E-1,5.E-1,6.25E-1,7.5E-1,8.75E-1,1.E0),.UNSPECIFIED.);
#2609=B_SPLINE_CURVE_WITH_KNOTS('',3,(#2598,#2599,#2600,#2601,#2602,#2603,#2604,
#2605,#2606,#2607,#2608),.UNSPECIFIED.,.F.,.F.,(4,1,1,1,1,1,1,1,4),(0.E0,
1.25E-1,2.5E-1,3.75E-1,5.E-1,6.25E-1,7.5E-1,8.75E-1,1.E0),.UNSPECIFIED.);
#2621=B_SPLINE_CURVE_WITH_KNOTS('',3,(#2610,#2611,#2612,#2613,#2614,#2615,#2616,
#2617,#2618,#2619,#2620),.UNSPECIFIED.,.F.,.F.,(4,1,1,1,1,1,1,1,4),(0.E0,
1.25E-1,2.5E-1,3.75E-1,5.E-1,6.25E-1,7.5E-1,8.75E-1,1.E0),.UNSPECIFIED.);
#2633=B_SPLINE_CURVE_WITH_KNOTS('',3,(#2622,#2623,#2624,#2625,#2626,#2627,#2628,
#2629,#2630,#2631,#2632),.UNSPECIFIED.,.F.,.F.,(4,1,1,1,1,1,1,1,4),(0.E0,
1.25E-1,2.5E-1,3.75E-1,5.E-1,6.25E-1,7.5E-1,8.75E-1,1.E0),.UNSPECIFIED.);
#2642=CIRCLE('',#2641,1.05E0);
#2653=B_SPLINE_CURVE_WITH_KNOTS('',3,(#2647,#2648,#2649,#2650,#2651,#2652),
.UNSPECIFIED.,.F.,.F.,(4,1,1,4),(0.E0,2.5E-1,5.E-1,1.E0),.UNSPECIFIED.);
#2660=B_SPLINE_CURVE_WITH_KNOTS('',3,(#2654,#2655,#2656,#2657,#2658,#2659),
.UNSPECIFIED.,.F.,.F.,(4,1,1,4),(0.E0,2.5E-1,5.E-1,1.E0),.UNSPECIFIED.);
#2667=B_SPLINE_CURVE_WITH_KNOTS('',3,(#2661,#2662,#2663,#2664,#2665,#2666),
.UNSPECIFIED.,.F.,.F.,(4,1,1,4),(0.E0,5.E-1,7.5E-1,1.E0),.UNSPECIFIED.);
#2674=B_SPLINE_CURVE_WITH_KNOTS('',3,(#2668,#2669,#2670,#2671,#2672,#2673),
.UNSPECIFIED.,.F.,.F.,(4,1,1,4),(0.E0,2.5E-1,5.E-1,1.E0),.UNSPECIFIED.);
#2681=B_SPLINE_CURVE_WITH_KNOTS('',3,(#2675,#2676,#2677,#2678,#2679,#2680),
.UNSPECIFIED.,.F.,.F.,(4,1,1,4),(0.E0,5.E-1,7.5E-1,1.E0),.UNSPECIFIED.);
#2688=B_SPLINE_CURVE_WITH_KNOTS('',3,(#2682,#2683,#2684,#2685,#2686,#2687),
.UNSPECIFIED.,.F.,.F.,(4,1,1,4),(0.E0,2.5E-1,5.E-1,1.E0),.UNSPECIFIED.);
#2695=B_SPLINE_CURVE_WITH_KNOTS('',3,(#2689,#2690,#2691,#2692,#2693,#2694),
.UNSPECIFIED.,.F.,.F.,(4,1,1,4),(0.E0,5.E-1,7.5E-1,1.E0),.UNSPECIFIED.);
#2702=B_SPLINE_CURVE_WITH_KNOTS('',3,(#2696,#2697,#2698,#2699,#2700,#2701),
.UNSPECIFIED.,.F.,.F.,(4,1,1,4),(0.E0,2.5E-1,5.E-1,1.E0),.UNSPECIFIED.);
#2709=B_SPLINE_CURVE_WITH_KNOTS('',3,(#2703,#2704,#2705,#2706,#2707,#2708),
.UNSPECIFIED.,.F.,.F.,(4,1,1,4),(0.E0,5.E-1,7.5E-1,1.E0),.UNSPECIFIED.);
#2716=B_SPLINE_CURVE_WITH_KNOTS('',3,(#2710,#2711,#2712,#2713,#2714,#2715),
.UNSPECIFIED.,.F.,.F.,(4,1,1,4),(0.E0,2.5E-1,5.E-1,1.E0),.UNSPECIFIED.);
#2723=B_SPLINE_CURVE_WITH_KNOTS('',3,(#2717,#2718,#2719,#2720,#2721,#2722),
.UNSPECIFIED.,.F.,.F.,(4,1,1,4),(0.E0,5.E-1,7.5E-1,1.E0),.UNSPECIFIED.);
#2730=B_SPLINE_CURVE_WITH_KNOTS('',3,(#2724,#2725,#2726,#2727,#2728,#2729),
.UNSPECIFIED.,.F.,.F.,(4,1,1,4),(0.E0,5.E-1,7.5E-1,1.E0),.UNSPECIFIED.);
#2735=CIRCLE('',#2734,1.25E0);
#2744=CIRCLE('',#2743,1.25E0);
#2753=CIRCLE('',#2752,1.25E0);
#2762=CIRCLE('',#2761,1.25E0);
#2771=CIRCLE('',#2770,1.25E0);
#2780=CIRCLE('',#2779,1.25E0);
#2789=CIRCLE('',#2788,1.25E0);
#2798=CIRCLE('',#2797,1.25E0);
#2807=CIRCLE('',#2806,1.25E0);
#2816=CIRCLE('',#2815,1.25E0);
#3528=EDGE_CURVE('',#2958,#2959,#55,.T.);
#3530=EDGE_CURVE('',#2959,#2916,#59,.T.);
#3532=EDGE_CURVE('',#2916,#2876,#404,.T.);
#3534=EDGE_CURVE('',#2958,#2876,#63,.T.);
#3538=ADVANCED_FACE('',(#3537),#3527,.T.);
#3545=EDGE_CURVE('',#2958,#2955,#87,.T.);
#3547=EDGE_CURVE('',#2955,#2962,#73,.T.);
#3549=EDGE_CURVE('',#2962,#2963,#470,.T.);
#3551=EDGE_CURVE('',#2963,#2959,#78,.T.);
#3555=ADVANCED_FACE('',(#3554),#3543,.T.);
#3561=EDGE_CURVE('',#2950,#2955,#82,.T.);
#3565=EDGE_CURVE('',#2874,#2876,#194,.T.);
#3567=EDGE_CURVE('',#2873,#2874,#276,.T.);
#3569=EDGE_CURVE('',#2872,#2873,#206,.T.);
#3571=EDGE_CURVE('',#2950,#2872,#161,.T.);
#3575=ADVANCED_FACE('',(#3574),#3560,.F.);
#3581=EDGE_CURVE('',#2950,#2951,#157,.T.);
#3583=EDGE_CURVE('',#2951,#2953,#500,.T.);
#3585=EDGE_CURVE('',#2953,#2962,#475,.T.);
#3591=ADVANCED_FACE('',(#3590),#3580,.T.);
#3597=EDGE_CURVE('',#2944,#2945,#94,.T.);
#3599=EDGE_CURVE('',#2884,#2944,#516,.T.);
#3601=EDGE_CURVE('',#2884,#2974,#98,.T.);
#3603=EDGE_CURVE('',#2974,#3044,#102,.T.);
#3605=EDGE_CURVE('',#3044,#3046,#106,.T.);
#3607=EDGE_CURVE('',#3046,#3048,#110,.T.);
#3609=EDGE_CURVE('',#3048,#3050,#114,.T.);
#3611=EDGE_CURVE('',#3050,#3052,#118,.T.);
#3613=EDGE_CURVE('',#3052,#2892,#122,.T.);
#3615=EDGE_CURVE('',#2887,#2892,#2824,.T.);
#3617=EDGE_CURVE('',#3051,#2887,#126,.T.);
#3619=EDGE_CURVE('',#3049,#3051,#130,.T.);
#3621=EDGE_CURVE('',#3047,#3049,#134,.T.);
#3623=EDGE_CURVE('',#3045,#3047,#138,.T.);
#3625=EDGE_CURVE('',#3043,#3045,#142,.T.);
#3627=EDGE_CURVE('',#2973,#3043,#146,.T.);
#3629=EDGE_CURVE('',#2879,#2973,#150,.T.);
#3631=EDGE_CURVE('',#2951,#2879,#504,.T.);
#3635=EDGE_CURVE('',#2872,#2869,#202,.T.);
#3637=EDGE_CURVE('',#2945,#2869,#165,.T.);
#3641=ADVANCED_FACE('',(#3640),#3596,.T.);
#3648=EDGE_CURVE('',#2947,#2945,#169,.T.);
#3650=EDGE_CURVE('',#2964,#2947,#1333,.T.);
#3652=EDGE_CURVE('',#2964,#2949,#484,.T.);
#3654=EDGE_CURVE('',#2949,#2944,#496,.T.);
#3658=ADVANCED_FACE('',(#3657),#3646,.T.);
#3666=EDGE_CURVE('',#2867,#2869,#198,.T.);
#3668=EDGE_CURVE('',#2866,#2867,#215,.T.);
#3670=EDGE_CURVE('',#2865,#2866,#178,.T.);
#3672=EDGE_CURVE('',#2967,#2865,#1299,.T.);
#3674=EDGE_CURVE('',#2947,#2967,#174,.T.);
#3678=ADVANCED_FACE('',(#3677),#3663,.F.);
#3685=EDGE_CURVE('',#2862,#2866,#235,.T.);
#3687=EDGE_CURVE('',#2862,#2843,#182,.T.);
#3689=EDGE_CURVE('',#2843,#2844,#186,.T.);
#3691=EDGE_CURVE('',#2844,#2856,#190,.T.);
#3693=EDGE_CURVE('',#2874,#2856,#286,.T.);
#3696=EDGE_CURVE('',#2876,#2865,#408,.T.);
#3700=ADVANCED_FACE('',(#3699),#3683,.T.);
#3709=EDGE_CURVE('',#2858,#2873,#301,.T.);
#3711=EDGE_CURVE('',#2858,#2860,#210,.T.);
#3713=EDGE_CURVE('',#2867,#2860,#225,.T.);
#3717=ADVANCED_FACE('',(#3716),#3705,.T.);
#3722=B_SPLINE_CURVE_WITH_KNOTS('',3,(#3718,#3719,#3720,#3721),.UNSPECIFIED.,
.F.,.F.,(4,4),(0.E0,1.E0),.UNSPECIFIED.);
#3728=EDGE_CURVE('',#2860,#2853,#271,.T.);
#3730=EDGE_CURVE('',#2853,#2854,#392,.T.);
#3732=EDGE_CURVE('',#2862,#2854,#396,.T.);
#3737=ADVANCED_FACE('',(#3736),#3725,.T.);
#3743=EDGE_CURVE('',#2846,#2858,#239,.T.);
#3745=EDGE_CURVE('',#2845,#2846,#251,.T.);
#3747=EDGE_CURVE('',#2850,#2845,#255,.T.);
#3749=EDGE_CURVE('',#2853,#2850,#267,.T.);
#3755=ADVANCED_FACE('',(#3754),#3742,.T.);
#3760=B_SPLINE_CURVE_WITH_KNOTS('',3,(#3756,#3757,#3758,#3759),.UNSPECIFIED.,
.F.,.F.,(4,4),(0.E0,1.E0),.UNSPECIFIED.);
#3766=EDGE_CURVE('',#2848,#2856,#305,.T.);
#3768=EDGE_CURVE('',#2846,#2848,#291,.T.);
#3774=ADVANCED_FACE('',(#3773),#3763,.T.);
#3782=EDGE_CURVE('',#2844,#2835,#309,.T.);
#3784=EDGE_CURVE('',#2835,#2848,#313,.T.);
#3788=ADVANCED_FACE('',(#3787),#3779,.T.);
#3794=EDGE_CURVE('',#2835,#2836,#318,.T.);
#3798=EDGE_CURVE('',#2843,#2840,#322,.T.);
#3800=EDGE_CURVE('',#2839,#2840,#327,.T.);
#3802=EDGE_CURVE('',#2839,#2836,#366,.T.);
#3806=ADVANCED_FACE('',(#3805),#3793,.T.);
#3812=EDGE_CURVE('',#2847,#2848,#339,.T.);
#3816=EDGE_CURVE('',#2836,#2847,#362,.T.);
#3820=ADVANCED_FACE('',(#3819),#3811,.T.);
#3968=EDGE_CURVE('',#2845,#2847,#349,.T.);
#3972=ADVANCED_FACE('',(#3971),#3964,.F.);
#3977=B_SPLINE_CURVE_WITH_KNOTS('',3,(#3973,#3974,#3975,#3976),.UNSPECIFIED.,
.F.,.F.,(4,4),(0.E0,1.E0),.UNSPECIFIED.);
#3983=EDGE_CURVE('',#2852,#2847,#358,.T.);
#3985=EDGE_CURVE('',#2850,#2852,#354,.T.);
#3989=ADVANCED_FACE('',(#3988),#3980,.T.);
#3998=EDGE_CURVE('',#2852,#2839,#370,.T.);
#4002=ADVANCED_FACE('',(#4001),#3994,.T.);
#4008=EDGE_CURVE('',#2854,#2852,#382,.T.);
#4012=EDGE_CURVE('',#2854,#2840,#400,.T.);
#4016=ADVANCED_FACE('',(#4015),#4007,.T.);
#4167=ADVANCED_FACE('',(#4166),#4160,.F.);
#4179=ADVANCED_FACE('',(#4178),#4172,.T.);
#4186=EDGE_CURVE('',#2916,#2903,#466,.T.);
#4188=EDGE_CURVE('',#2903,#2908,#1047,.T.);
#4190=EDGE_CURVE('',#2907,#2908,#1342,.T.);
#4192=EDGE_CURVE('',#2865,#2907,#1303,.T.);
#4197=EDGE_CURVE('',#3134,#3125,#412,.T.);
#4199=EDGE_CURVE('',#3121,#3125,#1581,.T.);
#4201=EDGE_CURVE('',#3121,#3117,#416,.T.);
#4203=EDGE_CURVE('',#3113,#3117,#1599,.T.);
#4205=EDGE_CURVE('',#3113,#3128,#420,.T.);
#4207=EDGE_CURVE('',#3131,#3128,#1622,.T.);
#4209=EDGE_CURVE('',#3131,#3132,#424,.T.);
#4211=EDGE_CURVE('',#3134,#3132,#1568,.T.);
#4215=ADVANCED_FACE('',(#4196,#4214),#4184,.T.);
#4221=EDGE_CURVE('',#2963,#2966,#492,.T.);
#4223=EDGE_CURVE('',#2969,#2966,#1338,.T.);
#4225=EDGE_CURVE('',#2969,#2914,#428,.T.);
#4227=EDGE_CURVE('',#2926,#2914,#432,.T.);
#4229=EDGE_CURVE('',#2926,#2919,#437,.T.);
#4231=EDGE_CURVE('',#2919,#2920,#441,.T.);
#4233=EDGE_CURVE('',#2920,#2922,#445,.T.);
#4235=EDGE_CURVE('',#2922,#2924,#449,.T.);
#4237=EDGE_CURVE('',#2924,#2926,#454,.T.);
#4239=EDGE_CURVE('',#2904,#2926,#458,.T.);
#4241=EDGE_CURVE('',#2903,#2904,#462,.T.);
#4248=ADVANCED_FACE('',(#4247),#4220,.T.);
#4256=EDGE_CURVE('',#2949,#2953,#479,.T.);
#4259=EDGE_CURVE('',#2966,#2964,#488,.T.);
#4264=ADVANCED_FACE('',(#4263),#4253,.F.);
#4274=EDGE_CURVE('',#2879,#2880,#508,.T.);
#4276=EDGE_CURVE('',#2883,#2880,#2313,.T.);
#4278=EDGE_CURVE('',#2883,#2884,#512,.T.);
#4283=ADVANCED_FACE('',(#4282),#4269,.F.);
#4289=EDGE_CURVE('',#2943,#2973,#523,.T.);
#4291=EDGE_CURVE('',#2880,#2943,#2317,.T.);
#4297=ADVANCED_FACE('',(#4296),#4288,.F.);
#4303=EDGE_CURVE('',#2979,#3043,#530,.T.);
#4305=EDGE_CURVE('',#2972,#2979,#2373,.T.);
#4307=EDGE_CURVE('',#2973,#2972,#537,.T.);
#4312=ADVANCED_FACE('',(#4311),#4302,.F.);
#4318=EDGE_CURVE('',#2985,#3045,#544,.T.);
#4320=EDGE_CURVE('',#2980,#2985,#2429,.T.);
#4322=EDGE_CURVE('',#3043,#2980,#551,.T.);
#4327=ADVANCED_FACE('',(#4326),#4317,.F.);
#4333=EDGE_CURVE('',#2991,#3047,#558,.T.);
#4335=EDGE_CURVE('',#2986,#2991,#2485,.T.);
#4337=EDGE_CURVE('',#3045,#2986,#565,.T.);
#4342=ADVANCED_FACE('',(#4341),#4332,.F.);
#4348=EDGE_CURVE('',#2997,#3049,#572,.T.);
#4350=EDGE_CURVE('',#2992,#2997,#2541,.T.);
#4352=EDGE_CURVE('',#3047,#2992,#579,.T.);
#4357=ADVANCED_FACE('',(#4356),#4347,.F.);
#4363=EDGE_CURVE('',#3003,#3051,#586,.T.);
#4365=EDGE_CURVE('',#2998,#3003,#2597,.T.);
#4367=EDGE_CURVE('',#3049,#2998,#593,.T.);
#4372=ADVANCED_FACE('',(#4371),#4362,.F.);
#4378=EDGE_CURVE('',#3051,#3004,#600,.T.);
#4381=EDGE_CURVE('',#2887,#2888,#2832,.T.);
#4383=EDGE_CURVE('',#3004,#2888,#2637,.T.);
#4387=ADVANCED_FACE('',(#4386),#4377,.F.);
#4393=EDGE_CURVE('',#3022,#3021,#605,.T.);
#4395=EDGE_CURVE('',#2942,#3022,#609,.T.);
#4397=EDGE_CURVE('',#2942,#2943,#2329,.T.);
#4401=EDGE_CURVE('',#2972,#2970,#2369,.T.);
#4403=EDGE_CURVE('',#2970,#3021,#2283,.T.);
#4407=ADVANCED_FACE('',(#4406),#4392,.F.);
#4413=EDGE_CURVE('',#3007,#3008,#614,.T.);
#4415=EDGE_CURVE('',#3012,#3007,#618,.T.);
#4417=EDGE_CURVE('',#3010,#3012,#622,.T.);
#4419=EDGE_CURVE('',#3008,#3010,#626,.T.);
#4423=EDGE_CURVE('',#3021,#3022,#2279,.T.);
#4428=EDGE_CURVE('',#3025,#3026,#2735,.T.);
#4430=EDGE_CURVE('',#3026,#3025,#2744,.T.);
#4434=EDGE_CURVE('',#3029,#3030,#2753,.T.);
#4436=EDGE_CURVE('',#3030,#3029,#2762,.T.);
#4440=EDGE_CURVE('',#3033,#3034,#2771,.T.);
#4442=EDGE_CURVE('',#3034,#3033,#2780,.T.);
#4446=EDGE_CURVE('',#3037,#3038,#2789,.T.);
#4448=EDGE_CURVE('',#3038,#3037,#2798,.T.);
#4452=EDGE_CURVE('',#3041,#3042,#2807,.T.);
#4454=EDGE_CURVE('',#3042,#3041,#2816,.T.);
#4458=ADVANCED_FACE('',(#4422,#4427,#4433,#4439,#4445,#4451,#4457),#4412,.T.);
#4464=EDGE_CURVE('',#3015,#3016,#689,.T.);
#4466=EDGE_CURVE('',#3015,#3007,#630,.T.);
#4469=EDGE_CURVE('',#3016,#3008,#1729,.T.);
#4473=ADVANCED_FACE('',(#4472),#4463,.F.);
#4479=EDGE_CURVE('',#3232,#3227,#676,.T.);
#4481=EDGE_CURVE('',#3232,#3018,#680,.T.);
#4483=EDGE_CURVE('',#3018,#3015,#684,.T.);
#4486=EDGE_CURVE('',#3262,#3016,#693,.T.);
#4488=EDGE_CURVE('',#3182,#3262,#1505,.T.);
#4490=EDGE_CURVE('',#3182,#3174,#697,.T.);
#4492=EDGE_CURVE('',#3174,#3176,#1525,.T.);
#4494=EDGE_CURVE('',#3185,#3176,#1517,.T.);
#4496=EDGE_CURVE('',#3185,#3198,#701,.T.);
#4498=EDGE_CURVE('',#3198,#3504,#935,.T.);
#4500=EDGE_CURVE('',#3091,#3504,#848,.T.);
#4502=EDGE_CURVE('',#3091,#3092,#705,.T.);
#4504=EDGE_CURVE('',#3506,#3092,#1810,.T.);
#4506=EDGE_CURVE('',#3506,#3501,#908,.T.);
#4508=EDGE_CURVE('',#3095,#3501,#2270,.T.);
#4510=EDGE_CURVE('',#3095,#3096,#709,.T.);
#4512=EDGE_CURVE('',#3508,#3096,#2242,.T.);
#4514=EDGE_CURVE('',#3508,#2937,#951,.T.);
#4516=EDGE_CURVE('',#3227,#2937,#1677,.T.);
#4520=EDGE_CURVE('',#3071,#3072,#644,.T.);
#4522=EDGE_CURVE('',#3072,#3074,#648,.T.);
#4524=EDGE_CURVE('',#3074,#3076,#652,.T.);
#4526=EDGE_CURVE('',#3076,#3071,#656,.T.);
#4530=EDGE_CURVE('',#3079,#3080,#660,.T.);
#4532=EDGE_CURVE('',#3080,#3082,#664,.T.);
#4534=EDGE_CURVE('',#3082,#3084,#668,.T.);
#4536=EDGE_CURVE('',#3084,#3079,#672,.T.);
#4540=EDGE_CURVE('',#2932,#2934,#635,.T.);
#4542=EDGE_CURVE('',#2934,#2932,#640,.T.);
#4546=ADVANCED_FACE('',(#4519,#4529,#4539,#4545),#4478,.F.);
#4552=EDGE_CURVE('',#2929,#2930,#735,.T.);
#4554=EDGE_CURVE('',#2930,#2934,#760,.T.);
#4557=EDGE_CURVE('',#2929,#2932,#713,.T.);
#4561=ADVANCED_FACE('',(#4560),#4551,.F.);
#4567=EDGE_CURVE('',#2895,#2896,#717,.T.);
#4569=EDGE_CURVE('',#2900,#2895,#722,.T.);
#4571=EDGE_CURVE('',#2898,#2900,#726,.T.);
#4573=EDGE_CURVE('',#2896,#2898,#730,.T.);
#4578=EDGE_CURVE('',#2930,#2929,#740,.T.);
#4582=ADVANCED_FACE('',(#4576,#4581),#4566,.T.);
#4589=EDGE_CURVE('',#2919,#2895,#744,.T.);
#4592=EDGE_CURVE('',#2920,#2896,#756,.T.);
#4596=ADVANCED_FACE('',(#4595),#4587,.T.);
#4603=EDGE_CURVE('',#2924,#2900,#748,.T.);
#4610=ADVANCED_FACE('',(#4609),#4601,.T.);
#4617=EDGE_CURVE('',#2922,#2898,#752,.T.);
#4623=ADVANCED_FACE('',(#4622),#4615,.T.);
#4635=ADVANCED_FACE('',(#4634),#4628,.T.);
#4647=ADVANCED_FACE('',(#4646),#4640,.F.);
#4654=EDGE_CURVE('',#3071,#3055,#764,.T.);
#4656=EDGE_CURVE('',#3055,#3056,#780,.T.);
#4658=EDGE_CURVE('',#3072,#3056,#776,.T.);
#4662=ADVANCED_FACE('',(#4661),#4652,.T.);
#4669=EDGE_CURVE('',#3076,#3060,#768,.T.);
#4671=EDGE_CURVE('',#3060,#3055,#784,.T.);
#4676=ADVANCED_FACE('',(#4675),#4667,.T.);
#4683=EDGE_CURVE('',#3074,#3058,#772,.T.);
#4685=EDGE_CURVE('',#3058,#3060,#788,.T.);
#4690=ADVANCED_FACE('',(#4689),#4681,.T.);
#4698=EDGE_CURVE('',#3056,#3058,#792,.T.);
#4703=ADVANCED_FACE('',(#4702),#4695,.T.);
#4715=ADVANCED_FACE('',(#4714),#4708,.T.);
#4721=EDGE_CURVE('',#3063,#3064,#796,.T.);
#4723=EDGE_CURVE('',#3068,#3063,#800,.T.);
#4725=EDGE_CURVE('',#3066,#3068,#804,.T.);
#4727=EDGE_CURVE('',#3064,#3066,#808,.T.);
#4731=ADVANCED_FACE('',(#4730),#4720,.T.);
#4737=EDGE_CURVE('',#3510,#3087,#844,.T.);
#4739=EDGE_CURVE('',#3509,#3510,#1768,.T.);
#4741=EDGE_CURVE('',#3509,#3088,#812,.T.);
#4743=EDGE_CURVE('',#3087,#3088,#816,.T.);
#4747=ADVANCED_FACE('',(#4746),#4736,.T.);
#4753=EDGE_CURVE('',#3520,#3522,#820,.T.);
#4755=EDGE_CURVE('',#3098,#3522,#824,.T.);
#4757=EDGE_CURVE('',#3502,#3098,#2274,.T.);
#4759=EDGE_CURVE('',#3502,#3520,#900,.T.);
#4763=ADVANCED_FACE('',(#4762),#4752,.T.);
#4770=EDGE_CURVE('',#3079,#3063,#828,.T.);
#4773=EDGE_CURVE('',#3080,#3064,#840,.T.);
#4777=ADVANCED_FACE('',(#4776),#4768,.T.);
#4784=EDGE_CURVE('',#3084,#3068,#832,.T.);
#4790=ADVANCED_FACE('',(#4789),#4782,.T.);
#4797=EDGE_CURVE('',#3082,#3066,#836,.T.);
#4803=ADVANCED_FACE('',(#4802),#4795,.T.);
#4815=ADVANCED_FACE('',(#4814),#4808,.T.);
#4821=EDGE_CURVE('',#3504,#3208,#931,.T.);
#4823=EDGE_CURVE('',#3208,#3510,#1774,.T.);
#4826=EDGE_CURVE('',#3091,#3087,#1818,.T.);
#4831=ADVANCED_FACE('',(#4830),#4820,.T.);
#4837=EDGE_CURVE('',#3517,#3508,#2238,.T.);
#4839=EDGE_CURVE('',#3517,#3518,#892,.T.);
#4841=EDGE_CURVE('',#3518,#3520,#896,.T.);
#4844=EDGE_CURVE('',#3501,#3502,#904,.T.);
#4847=EDGE_CURVE('',#3506,#3168,#912,.T.);
#4849=EDGE_CURVE('',#3162,#3168,#917,.T.);
#4851=EDGE_CURVE('',#3161,#3162,#922,.T.);
#4853=EDGE_CURVE('',#3208,#3161,#927,.T.);
#4857=EDGE_CURVE('',#3140,#3198,#1461,.T.);
#4859=EDGE_CURVE('',#3142,#3140,#939,.T.);
#4861=EDGE_CURVE('',#2940,#3142,#1485,.T.);
#4863=EDGE_CURVE('',#2938,#2940,#943,.T.);
#4865=EDGE_CURVE('',#2937,#2938,#947,.T.);
#4870=EDGE_CURVE('',#3153,#3154,#863,.T.);
#4872=EDGE_CURVE('',#3154,#3153,#868,.T.);
#4876=EDGE_CURVE('',#3469,#3470,#873,.T.);
#4878=EDGE_CURVE('',#3470,#3469,#878,.T.);
#4882=EDGE_CURVE('',#3477,#3478,#883,.T.);
#4884=EDGE_CURVE('',#3478,#3477,#888,.T.);
#4888=EDGE_CURVE('',#3201,#3202,#853,.T.);
#4890=EDGE_CURVE('',#3202,#3201,#858,.T.);
#4894=ADVANCED_FACE('',(#4869,#4875,#4881,#4887,#4893),#4836,.T.);
#4901=EDGE_CURVE('',#3201,#3205,#956,.T.);
#4903=EDGE_CURVE('',#3205,#3206,#975,.T.);
#4905=EDGE_CURVE('',#3202,#3206,#961,.T.);
#4909=ADVANCED_FACE('',(#4908),#4899,.F.);
#4917=EDGE_CURVE('',#3206,#3205,#966,.T.);
#4922=ADVANCED_FACE('',(#4921),#4914,.F.);
#4929=EDGE_CURVE('',#3206,#3101,#970,.T.);
#4931=EDGE_CURVE('',#3101,#3102,#984,.T.);
#4933=EDGE_CURVE('',#3205,#3102,#979,.T.);
#4937=ADVANCED_FACE('',(#4936),#4927,.T.);
#4945=EDGE_CURVE('',#3102,#3101,#989,.T.);
#4950=ADVANCED_FACE('',(#4949),#4942,.T.);
#4960=EDGE_CURVE('',#3109,#3110,#994,.T.);
#4962=EDGE_CURVE('',#3110,#3109,#999,.T.);
#4966=ADVANCED_FACE('',(#4959,#4965),#4955,.T.);
#4973=EDGE_CURVE('',#3110,#3106,#1007,.T.);
#4975=EDGE_CURVE('',#3105,#3106,#1012,.T.);
#4977=EDGE_CURVE('',#3109,#3105,#1003,.T.);
#4981=ADVANCED_FACE('',(#4980),#4971,.F.);
#4989=EDGE_CURVE('',#3106,#3105,#1017,.T.);
#4994=ADVANCED_FACE('',(#4993),#4986,.F.);
#5004=ADVANCED_FACE('',(#5003),#4999,.F.);
#5011=EDGE_CURVE('',#3154,#3158,#1025,.T.);
#5013=EDGE_CURVE('',#3157,#3158,#1035,.T.);
#5015=EDGE_CURVE('',#3153,#3157,#1021,.T.);
#5019=ADVANCED_FACE('',(#5018),#5009,.F.);
#5027=EDGE_CURVE('',#3158,#3157,#1030,.T.);
#5032=ADVANCED_FACE('',(#5031),#5024,.F.);
#5039=EDGE_CURVE('',#3146,#3157,#1043,.T.);
#5041=EDGE_CURVE('',#3145,#3146,#1052,.T.);
#5043=EDGE_CURVE('',#3158,#3145,#1039,.T.);
#5047=ADVANCED_FACE('',(#5046),#5037,.F.);
#5055=EDGE_CURVE('',#3146,#3145,#1057,.T.);
#5060=ADVANCED_FACE('',(#5059),#5052,.F.);
#5067=EDGE_CURVE('',#2904,#2910,#1291,.T.);
#5069=EDGE_CURVE('',#2908,#2910,#1346,.T.);
#5078=EDGE_CURVE('',#3149,#3150,#1062,.T.);
#5080=EDGE_CURVE('',#3150,#3149,#1067,.T.);
#5084=EDGE_CURVE('',#3365,#3366,#1071,.T.);
#5086=EDGE_CURVE('',#3366,#3368,#1075,.T.);
#5088=EDGE_CURVE('',#3368,#3370,#1079,.T.);
#5090=EDGE_CURVE('',#3370,#3372,#1083,.T.);
#5092=EDGE_CURVE('',#3372,#3374,#1087,.T.);
#5094=EDGE_CURVE('',#3374,#3376,#1091,.T.);
#5096=EDGE_CURVE('',#3376,#3378,#1095,.T.);
#5098=EDGE_CURVE('',#3378,#3380,#1099,.T.);
#5100=EDGE_CURVE('',#3380,#3382,#1103,.T.);
#5102=EDGE_CURVE('',#3382,#3384,#1107,.T.);
#5104=EDGE_CURVE('',#3384,#3386,#1111,.T.);
#5106=EDGE_CURVE('',#3386,#3388,#1115,.T.);
#5108=EDGE_CURVE('',#3388,#3390,#1119,.T.);
#5110=EDGE_CURVE('',#3390,#3392,#1123,.T.);
#5112=EDGE_CURVE('',#3392,#3394,#1127,.T.);
#5114=EDGE_CURVE('',#3394,#3396,#1131,.T.);
#5116=EDGE_CURVE('',#3396,#3398,#1135,.T.);
#5118=EDGE_CURVE('',#3398,#3400,#1139,.T.);
#5120=EDGE_CURVE('',#3400,#3365,#1143,.T.);
#5124=EDGE_CURVE('',#3443,#3444,#1227,.T.);
#5126=EDGE_CURVE('',#3444,#3446,#1231,.T.);
#5128=EDGE_CURVE('',#3446,#3448,#1235,.T.);
#5130=EDGE_CURVE('',#3448,#3450,#1239,.T.);
#5132=EDGE_CURVE('',#3450,#3452,#1243,.T.);
#5134=EDGE_CURVE('',#3452,#3454,#1247,.T.);
#5136=EDGE_CURVE('',#3454,#3456,#1251,.T.);
#5138=EDGE_CURVE('',#3456,#3443,#1255,.T.);
#5142=EDGE_CURVE('',#3465,#3466,#1272,.T.);
#5144=EDGE_CURVE('',#3466,#3465,#1277,.T.);
#5148=EDGE_CURVE('',#3473,#3474,#1282,.T.);
#5150=EDGE_CURVE('',#3474,#3473,#1287,.T.);
#5154=ADVANCED_FACE('',(#5073,#5077,#5083,#5123,#5141,#5147,#5153),#5065,.T.);
#5160=EDGE_CURVE('',#3403,#3404,#1147,.T.);
#5162=EDGE_CURVE('',#3404,#3406,#1151,.T.);
#5164=EDGE_CURVE('',#3406,#3408,#1155,.T.);
#5166=EDGE_CURVE('',#3408,#3410,#1159,.T.);
#5168=EDGE_CURVE('',#3410,#3412,#1163,.T.);
#5170=EDGE_CURVE('',#3412,#3414,#1167,.T.);
#5172=EDGE_CURVE('',#3414,#3416,#1171,.T.);
#5174=EDGE_CURVE('',#3416,#3418,#1175,.T.);
#5176=EDGE_CURVE('',#3418,#3420,#1179,.T.);
#5178=EDGE_CURVE('',#3420,#3403,#1183,.T.);
#5182=ADVANCED_FACE('',(#5181),#5159,.T.);
#5188=EDGE_CURVE('',#3423,#3424,#1187,.T.);
#5190=EDGE_CURVE('',#3424,#3426,#1191,.T.);
#5192=EDGE_CURVE('',#3426,#3428,#1195,.T.);
#5194=EDGE_CURVE('',#3428,#3430,#1199,.T.);
#5196=EDGE_CURVE('',#3430,#3432,#1203,.T.);
#5198=EDGE_CURVE('',#3432,#3434,#1207,.T.);
#5200=EDGE_CURVE('',#3434,#3436,#1211,.T.);
#5202=EDGE_CURVE('',#3436,#3438,#1215,.T.);
#5204=EDGE_CURVE('',#3438,#3440,#1219,.T.);
#5206=EDGE_CURVE('',#3440,#3423,#1223,.T.);
#5210=ADVANCED_FACE('',(#5209),#5187,.T.);
#5216=EDGE_CURVE('',#3459,#3460,#1259,.T.);
#5218=EDGE_CURVE('',#3460,#3462,#1263,.T.);
#5220=EDGE_CURVE('',#3462,#3459,#1267,.T.);
#5224=ADVANCED_FACE('',(#5223),#5215,.T.);
#5232=EDGE_CURVE('',#2914,#2912,#1307,.T.);
#5234=EDGE_CURVE('',#2910,#2912,#1350,.T.);
#5239=ADVANCED_FACE('',(#5238),#5229,.T.);
#5245=EDGE_CURVE('',#2969,#2967,#1295,.T.);
#5249=EDGE_CURVE('',#2912,#2907,#1354,.T.);
#5255=EDGE_CURVE('',#3219,#3220,#1311,.T.);
#5257=EDGE_CURVE('',#3220,#3222,#1315,.T.);
#5259=EDGE_CURVE('',#3222,#3224,#1319,.T.);
#5261=EDGE_CURVE('',#3224,#3219,#1323,.T.);
#5265=ADVANCED_FACE('',(#5254,#5264),#5244,.T.);
#5278=ADVANCED_FACE('',(#5277),#5270,.T.);
#5290=ADVANCED_FACE('',(#5289),#5283,.F.);
#5297=EDGE_CURVE('',#3219,#3211,#1358,.T.);
#5299=EDGE_CURVE('',#3211,#3212,#1374,.T.);
#5301=EDGE_CURVE('',#3220,#3212,#1370,.T.);
#5305=ADVANCED_FACE('',(#5304),#5295,.F.);
#5312=EDGE_CURVE('',#3224,#3216,#1362,.T.);
#5314=EDGE_CURVE('',#3216,#3211,#1378,.T.);
#5319=ADVANCED_FACE('',(#5318),#5310,.F.);
#5326=EDGE_CURVE('',#3222,#3214,#1366,.T.);
#5328=EDGE_CURVE('',#3214,#3216,#1382,.T.);
#5333=ADVANCED_FACE('',(#5332),#5324,.F.);
#5341=EDGE_CURVE('',#3212,#3214,#1386,.T.);
#5346=ADVANCED_FACE('',(#5345),#5338,.F.);
#5358=EDGE_CURVE('',#3239,#3240,#1391,.T.);
#5360=EDGE_CURVE('',#3244,#3239,#1395,.T.);
#5362=EDGE_CURVE('',#3243,#3244,#1400,.T.);
#5364=EDGE_CURVE('',#3236,#3243,#1404,.T.);
#5366=EDGE_CURVE('',#3236,#3232,#1513,.T.);
#5369=EDGE_CURVE('',#3227,#3228,#1673,.T.);
#5371=EDGE_CURVE('',#3228,#3230,#1665,.T.);
#5373=EDGE_CURVE('',#3230,#3234,#1477,.T.);
#5375=EDGE_CURVE('',#3240,#3234,#1408,.T.);
#5379=ADVANCED_FACE('',(#5357,#5378),#5351,.T.);
#5385=EDGE_CURVE('',#3494,#3492,#1413,.T.);
#5387=EDGE_CURVE('',#3239,#3492,#1758,.T.);
#5390=EDGE_CURVE('',#3240,#3494,#1661,.T.);
#5394=ADVANCED_FACE('',(#5393),#5384,.T.);
#5401=EDGE_CURVE('',#3490,#3494,#1417,.T.);
#5403=EDGE_CURVE('',#3490,#3492,#1746,.T.);
#5407=ADVANCED_FACE('',(#5406),#5399,.T.);
#5413=EDGE_CURVE('',#3496,#3490,#1433,.T.);
#5416=EDGE_CURVE('',#3498,#3494,#1657,.T.);
#5418=EDGE_CURVE('',#3498,#3496,#1421,.T.);
#5422=ADVANCED_FACE('',(#5421),#5412,.T.);
#5428=EDGE_CURVE('',#3485,#3486,#1425,.T.);
#5430=EDGE_CURVE('',#3490,#3485,#1429,.T.);
#5433=EDGE_CURVE('',#3496,#3486,#1469,.T.);
#5437=ADVANCED_FACE('',(#5436),#5427,.F.);
#5443=EDGE_CURVE('',#3481,#3482,#1445,.T.);
#5445=EDGE_CURVE('',#3485,#3481,#1437,.T.);
#5448=EDGE_CURVE('',#3486,#3482,#1441,.T.);
#5452=ADVANCED_FACE('',(#5451),#5442,.T.);
#5459=EDGE_CURVE('',#3236,#3482,#1465,.T.);
#5462=EDGE_CURVE('',#3243,#3481,#1449,.T.);
#5466=ADVANCED_FACE('',(#5465),#5457,.T.);
#5472=EDGE_CURVE('',#3185,#3186,#1453,.T.);
#5474=EDGE_CURVE('',#3136,#3186,#1627,.T.);
#5476=EDGE_CURVE('',#3114,#3136,#1457,.T.);
#5478=EDGE_CURVE('',#3140,#3114,#1604,.T.);
#5484=ADVANCED_FACE('',(#5483),#5471,.F.);
#5494=EDGE_CURVE('',#3234,#3498,#1473,.T.);
#5497=EDGE_CURVE('',#3230,#2940,#1481,.T.);
#5500=EDGE_CURVE('',#3126,#3142,#1586,.T.);
#5502=EDGE_CURVE('',#3138,#3126,#1489,.T.);
#5504=EDGE_CURVE('',#3188,#3138,#1563,.T.);
#5506=EDGE_CURVE('',#3188,#3179,#1493,.T.);
#5508=EDGE_CURVE('',#3179,#3180,#1497,.T.);
#5510=EDGE_CURVE('',#3180,#3182,#1501,.T.);
#5513=EDGE_CURVE('',#3262,#3010,#1509,.T.);
#5516=EDGE_CURVE('',#3018,#3012,#1733,.T.);
#5522=ADVANCED_FACE('',(#5521),#5489,.F.);
#5530=EDGE_CURVE('',#3176,#3196,#1521,.T.);
#5532=EDGE_CURVE('',#3196,#3186,#1631,.T.);
#5536=ADVANCED_FACE('',(#5535),#5527,.F.);
#5543=EDGE_CURVE('',#3194,#3188,#1558,.T.);
#5545=EDGE_CURVE('',#3194,#3171,#1537,.T.);
#5547=EDGE_CURVE('',#3179,#3171,#1653,.T.);
#5551=ADVANCED_FACE('',(#5550),#5541,.F.);
#5557=EDGE_CURVE('',#3191,#3192,#1541,.T.);
#5559=EDGE_CURVE('',#3191,#3196,#1617,.T.);
#5563=EDGE_CURVE('',#3172,#3174,#1529,.T.);
#5565=EDGE_CURVE('',#3171,#3172,#1533,.T.);
#5568=EDGE_CURVE('',#3194,#3192,#1554,.T.);
#5572=ADVANCED_FACE('',(#5571),#5556,.T.);
#5579=EDGE_CURVE('',#3132,#3192,#1545,.T.);
#5582=EDGE_CURVE('',#3131,#3191,#1549,.T.);
#5586=ADVANCED_FACE('',(#5585),#5577,.F.);
#5595=EDGE_CURVE('',#3134,#3138,#1576,.T.);
#5601=ADVANCED_FACE('',(#5600),#5591,.F.);
#5607=EDGE_CURVE('',#3125,#3126,#1572,.T.);
#5614=ADVANCED_FACE('',(#5613),#5606,.F.);
#5620=EDGE_CURVE('',#3121,#3122,#1594,.T.);
#5625=EDGE_CURVE('',#3142,#3122,#1645,.T.);
#5629=ADVANCED_FACE('',(#5628),#5619,.F.);
#5635=EDGE_CURVE('',#3117,#3118,#1590,.T.);
#5639=EDGE_CURVE('',#3122,#3118,#1640,.T.);
#5643=ADVANCED_FACE('',(#5642),#5634,.F.);
#5649=EDGE_CURVE('',#3113,#3114,#1608,.T.);
#5653=EDGE_CURVE('',#3118,#3140,#1636,.T.);
#5658=ADVANCED_FACE('',(#5657),#5648,.F.);
#5666=EDGE_CURVE('',#3128,#3136,#1612,.T.);
#5671=ADVANCED_FACE('',(#5670),#5663,.F.);
#5685=ADVANCED_FACE('',(#5684),#5676,.F.);
#5697=ADVANCED_FACE('',(#5696),#5690,.T.);
#5704=EDGE_CURVE('',#3180,#3172,#1649,.T.);
#5710=ADVANCED_FACE('',(#5709),#5702,.F.);
#5722=ADVANCED_FACE('',(#5721),#5715,.F.);
#5734=ADVANCED_FACE('',(#5733),#5727,.T.);
#5741=EDGE_CURVE('',#3228,#2938,#1669,.T.);
#5747=ADVANCED_FACE('',(#5746),#5739,.F.);
#5759=EDGE_CURVE('',#3255,#3256,#1681,.T.);
#5761=EDGE_CURVE('',#3256,#3258,#1685,.T.);
#5763=EDGE_CURVE('',#3260,#3258,#1689,.T.);
#5765=EDGE_CURVE('',#3260,#3255,#1693,.T.);
#5769=ADVANCED_FACE('',(#5758,#5768),#5752,.F.);
#5776=EDGE_CURVE('',#3255,#3247,#1697,.T.);
#5778=EDGE_CURVE('',#3247,#3248,#1713,.T.);
#5780=EDGE_CURVE('',#3256,#3248,#1709,.T.);
#5784=ADVANCED_FACE('',(#5783),#5774,.F.);
#5791=EDGE_CURVE('',#3260,#3252,#1701,.T.);
#5793=EDGE_CURVE('',#3252,#3247,#1717,.T.);
#5798=ADVANCED_FACE('',(#5797),#5789,.F.);
#5805=EDGE_CURVE('',#3258,#3250,#1705,.T.);
#5807=EDGE_CURVE('',#3250,#3252,#1721,.T.);
#5812=ADVANCED_FACE('',(#5811),#5803,.F.);
#5820=EDGE_CURVE('',#3248,#3250,#1725,.T.);
#5825=ADVANCED_FACE('',(#5824),#5817,.F.);
#5837=ADVANCED_FACE('',(#5836),#5830,.T.);
#5849=ADVANCED_FACE('',(#5848),#5842,.F.);
#5861=ADVANCED_FACE('',(#5860),#5854,.F.);
#5867=EDGE_CURVE('',#3488,#3481,#1738,.T.);
#5871=EDGE_CURVE('',#3244,#3488,#1754,.T.);
#5875=ADVANCED_FACE('',(#5874),#5866,.T.);
#5882=EDGE_CURVE('',#3485,#3488,#1742,.T.);
#5887=ADVANCED_FACE('',(#5886),#5880,.T.);
#5895=EDGE_CURVE('',#3492,#3488,#1750,.T.);
#5900=ADVANCED_FACE('',(#5899),#5892,.T.);
#5912=ADVANCED_FACE('',(#5911),#5905,.T.);
#5918=EDGE_CURVE('',#3165,#3166,#1779,.T.);
#5920=EDGE_CURVE('',#3150,#3165,#1806,.T.);
#5923=EDGE_CURVE('',#3166,#3149,#1802,.T.);
#5927=ADVANCED_FACE('',(#5926),#5917,.F.);
#5936=EDGE_CURVE('',#3161,#3165,#1793,.T.);
#5939=EDGE_CURVE('',#3162,#3166,#1783,.T.);
#5942=EDGE_CURVE('',#3509,#3168,#1789,.T.);
#5946=ADVANCED_FACE('',(#5945),#5932,.F.);
#5954=EDGE_CURVE('',#3165,#3166,#1798,.T.);
#5959=ADVANCED_FACE('',(#5958),#5951,.F.);
#5971=ADVANCED_FACE('',(#5970),#5964,.F.);
#5981=EDGE_CURVE('',#3092,#3088,#1814,.T.);
#5985=ADVANCED_FACE('',(#5984),#5976,.T.);
#5997=ADVANCED_FACE('',(#5996),#5990,.T.);
#6004=EDGE_CURVE('',#3365,#3265,#1822,.T.);
#6006=EDGE_CURVE('',#3265,#3266,#1898,.T.);
#6008=EDGE_CURVE('',#3366,#3266,#1894,.T.);
#6012=ADVANCED_FACE('',(#6011),#6002,.F.);
#6019=EDGE_CURVE('',#3400,#3300,#1826,.T.);
#6021=EDGE_CURVE('',#3300,#3265,#1902,.T.);
#6026=ADVANCED_FACE('',(#6025),#6017,.F.);
#6033=EDGE_CURVE('',#3398,#3298,#1830,.T.);
#6035=EDGE_CURVE('',#3298,#3300,#1906,.T.);
#6040=ADVANCED_FACE('',(#6039),#6031,.F.);
#6047=EDGE_CURVE('',#3396,#3296,#1834,.T.);
#6049=EDGE_CURVE('',#3296,#3298,#1910,.T.);
#6054=ADVANCED_FACE('',(#6053),#6045,.F.);
#6061=EDGE_CURVE('',#3394,#3294,#1838,.T.);
#6063=EDGE_CURVE('',#3294,#3296,#1914,.T.);
#6068=ADVANCED_FACE('',(#6067),#6059,.F.);
#6075=EDGE_CURVE('',#3392,#3292,#1842,.T.);
#6077=EDGE_CURVE('',#3292,#3294,#1918,.T.);
#6082=ADVANCED_FACE('',(#6081),#6073,.F.);
#6089=EDGE_CURVE('',#3390,#3290,#1846,.T.);
#6091=EDGE_CURVE('',#3290,#3292,#1922,.T.);
#6096=ADVANCED_FACE('',(#6095),#6087,.F.);
#6103=EDGE_CURVE('',#3388,#3288,#1850,.T.);
#6105=EDGE_CURVE('',#3288,#3290,#1926,.T.);
#6110=ADVANCED_FACE('',(#6109),#6101,.F.);
#6117=EDGE_CURVE('',#3386,#3286,#1854,.T.);
#6119=EDGE_CURVE('',#3286,#3288,#1930,.T.);
#6124=ADVANCED_FACE('',(#6123),#6115,.F.);
#6131=EDGE_CURVE('',#3384,#3284,#1858,.T.);
#6133=EDGE_CURVE('',#3284,#3286,#1934,.T.);
#6138=ADVANCED_FACE('',(#6137),#6129,.F.);
#6145=EDGE_CURVE('',#3382,#3282,#1862,.T.);
#6147=EDGE_CURVE('',#3282,#3284,#1938,.T.);
#6152=ADVANCED_FACE('',(#6151),#6143,.F.);
#6159=EDGE_CURVE('',#3380,#3280,#1866,.T.);
#6161=EDGE_CURVE('',#3280,#3282,#1942,.T.);
#6166=ADVANCED_FACE('',(#6165),#6157,.F.);
#6173=EDGE_CURVE('',#3378,#3278,#1870,.T.);
#6175=EDGE_CURVE('',#3278,#3280,#1946,.T.);
#6180=ADVANCED_FACE('',(#6179),#6171,.F.);
#6187=EDGE_CURVE('',#3376,#3276,#1874,.T.);
#6189=EDGE_CURVE('',#3276,#3278,#1950,.T.);
#6194=ADVANCED_FACE('',(#6193),#6185,.F.);
#6201=EDGE_CURVE('',#3374,#3274,#1878,.T.);
#6203=EDGE_CURVE('',#3274,#3276,#1954,.T.);
#6208=ADVANCED_FACE('',(#6207),#6199,.F.);
#6215=EDGE_CURVE('',#3372,#3272,#1882,.T.);
#6217=EDGE_CURVE('',#3272,#3274,#1958,.T.);
#6222=ADVANCED_FACE('',(#6221),#6213,.F.);
#6229=EDGE_CURVE('',#3370,#3270,#1886,.T.);
#6231=EDGE_CURVE('',#3270,#3272,#1962,.T.);
#6236=ADVANCED_FACE('',(#6235),#6227,.F.);
#6243=EDGE_CURVE('',#3368,#3268,#1890,.T.);
#6245=EDGE_CURVE('',#3268,#3270,#1966,.T.);
#6250=ADVANCED_FACE('',(#6249),#6241,.F.);
#6258=EDGE_CURVE('',#3266,#3268,#1970,.T.);
#6263=ADVANCED_FACE('',(#6262),#6255,.F.);
#6290=EDGE_CURVE('',#3303,#3304,#1974,.T.);
#6292=EDGE_CURVE('',#3320,#3303,#1978,.T.);
#6294=EDGE_CURVE('',#3318,#3320,#1982,.T.);
#6296=EDGE_CURVE('',#3316,#3318,#1986,.T.);
#6298=EDGE_CURVE('',#3314,#3316,#1990,.T.);
#6300=EDGE_CURVE('',#3312,#3314,#1994,.T.);
#6302=EDGE_CURVE('',#3310,#3312,#1998,.T.);
#6304=EDGE_CURVE('',#3308,#3310,#2002,.T.);
#6306=EDGE_CURVE('',#3306,#3308,#2006,.T.);
#6308=EDGE_CURVE('',#3304,#3306,#2010,.T.);
#6312=EDGE_CURVE('',#3323,#3324,#2014,.T.);
#6314=EDGE_CURVE('',#3340,#3323,#2018,.T.);
#6316=EDGE_CURVE('',#3338,#3340,#2022,.T.);
#6318=EDGE_CURVE('',#3336,#3338,#2026,.T.);
#6320=EDGE_CURVE('',#3334,#3336,#2030,.T.);
#6322=EDGE_CURVE('',#3332,#3334,#2034,.T.);
#6324=EDGE_CURVE('',#3330,#3332,#2038,.T.);
#6326=EDGE_CURVE('',#3328,#3330,#2042,.T.);
#6328=EDGE_CURVE('',#3326,#3328,#2046,.T.);
#6330=EDGE_CURVE('',#3324,#3326,#2050,.T.);
#6334=ADVANCED_FACE('',(#6289,#6311,#6333),#6268,.T.);
#6340=EDGE_CURVE('',#3343,#3344,#2054,.T.);
#6342=EDGE_CURVE('',#3356,#3343,#2058,.T.);
#6344=EDGE_CURVE('',#3354,#3356,#2062,.T.);
#6346=EDGE_CURVE('',#3352,#3354,#2066,.T.);
#6348=EDGE_CURVE('',#3350,#3352,#2070,.T.);
#6350=EDGE_CURVE('',#3348,#3350,#2074,.T.);
#6352=EDGE_CURVE('',#3346,#3348,#2078,.T.);
#6354=EDGE_CURVE('',#3344,#3346,#2082,.T.);
#6358=EDGE_CURVE('',#3359,#3360,#2086,.T.);
#6360=EDGE_CURVE('',#3362,#3359,#2090,.T.);
#6362=EDGE_CURVE('',#3360,#3362,#2094,.T.);
#6366=ADVANCED_FACE('',(#6357,#6365),#6339,.T.);
#6373=EDGE_CURVE('',#3403,#3303,#2098,.T.);
#6376=EDGE_CURVE('',#3404,#3304,#2134,.T.);
#6380=ADVANCED_FACE('',(#6379),#6371,.F.);
#6387=EDGE_CURVE('',#3420,#3320,#2102,.T.);
#6393=ADVANCED_FACE('',(#6392),#6385,.F.);
#6400=EDGE_CURVE('',#3418,#3318,#2106,.T.);
#6406=ADVANCED_FACE('',(#6405),#6398,.F.);
#6413=EDGE_CURVE('',#3416,#3316,#2110,.T.);
#6419=ADVANCED_FACE('',(#6418),#6411,.F.);
#6426=EDGE_CURVE('',#3414,#3314,#2114,.T.);
#6432=ADVANCED_FACE('',(#6431),#6424,.F.);
#6439=EDGE_CURVE('',#3412,#3312,#2118,.T.);
#6445=ADVANCED_FACE('',(#6444),#6437,.F.);
#6452=EDGE_CURVE('',#3410,#3310,#2122,.T.);
#6458=ADVANCED_FACE('',(#6457),#6450,.F.);
#6465=EDGE_CURVE('',#3408,#3308,#2126,.T.);
#6471=ADVANCED_FACE('',(#6470),#6463,.F.);
#6478=EDGE_CURVE('',#3406,#3306,#2130,.T.);
#6484=ADVANCED_FACE('',(#6483),#6476,.F.);
#6496=ADVANCED_FACE('',(#6495),#6489,.F.);
#6503=EDGE_CURVE('',#3423,#3323,#2138,.T.);
#6506=EDGE_CURVE('',#3424,#3324,#2174,.T.);
#6510=ADVANCED_FACE('',(#6509),#6501,.F.);
#6517=EDGE_CURVE('',#3440,#3340,#2142,.T.);
#6523=ADVANCED_FACE('',(#6522),#6515,.F.);
#6530=EDGE_CURVE('',#3438,#3338,#2146,.T.);
#6536=ADVANCED_FACE('',(#6535),#6528,.F.);
#6543=EDGE_CURVE('',#3436,#3336,#2150,.T.);
#6549=ADVANCED_FACE('',(#6548),#6541,.F.);
#6556=EDGE_CURVE('',#3434,#3334,#2154,.T.);
#6562=ADVANCED_FACE('',(#6561),#6554,.F.);
#6569=EDGE_CURVE('',#3432,#3332,#2158,.T.);
#6575=ADVANCED_FACE('',(#6574),#6567,.F.);
#6582=EDGE_CURVE('',#3430,#3330,#2162,.T.);
#6588=ADVANCED_FACE('',(#6587),#6580,.F.);
#6595=EDGE_CURVE('',#3428,#3328,#2166,.T.);
#6601=ADVANCED_FACE('',(#6600),#6593,.F.);
#6608=EDGE_CURVE('',#3426,#3326,#2170,.T.);
#6614=ADVANCED_FACE('',(#6613),#6606,.F.);
#6626=ADVANCED_FACE('',(#6625),#6619,.F.);
#6633=EDGE_CURVE('',#3443,#3343,#2178,.T.);
#6636=EDGE_CURVE('',#3444,#3344,#2206,.T.);
#6640=ADVANCED_FACE('',(#6639),#6631,.F.);
#6647=EDGE_CURVE('',#3456,#3356,#2182,.T.);
#6653=ADVANCED_FACE('',(#6652),#6645,.F.);
#6660=EDGE_CURVE('',#3454,#3354,#2186,.T.);
#6666=ADVANCED_FACE('',(#6665),#6658,.F.);
#6673=EDGE_CURVE('',#3452,#3352,#2190,.T.);
#6679=ADVANCED_FACE('',(#6678),#6671,.F.);
#6686=EDGE_CURVE('',#3450,#3350,#2194,.T.);
#6692=ADVANCED_FACE('',(#6691),#6684,.F.);
#6699=EDGE_CURVE('',#3448,#3348,#2198,.T.);
#6705=ADVANCED_FACE('',(#6704),#6697,.F.);
#6712=EDGE_CURVE('',#3446,#3346,#2202,.T.);
#6718=ADVANCED_FACE('',(#6717),#6710,.F.);
#6730=ADVANCED_FACE('',(#6729),#6723,.F.);
#6737=EDGE_CURVE('',#3459,#3359,#2210,.T.);
#6740=EDGE_CURVE('',#3460,#3360,#2218,.T.);
#6744=ADVANCED_FACE('',(#6743),#6735,.F.);
#6751=EDGE_CURVE('',#3462,#3362,#2214,.T.);
#6757=ADVANCED_FACE('',(#6756),#6749,.F.);
#6769=ADVANCED_FACE('',(#6768),#6762,.F.);
#6776=EDGE_CURVE('',#3466,#3470,#2226,.T.);
#6779=EDGE_CURVE('',#3465,#3469,#2222,.T.);
#6783=ADVANCED_FACE('',(#6782),#6774,.F.);
#6795=ADVANCED_FACE('',(#6794),#6788,.F.);
#6802=EDGE_CURVE('',#3474,#3478,#2234,.T.);
#6805=EDGE_CURVE('',#3473,#3477,#2230,.T.);
#6809=ADVANCED_FACE('',(#6808),#6800,.F.);
#6821=ADVANCED_FACE('',(#6820),#6814,.F.);
#6827=EDGE_CURVE('',#3513,#3096,#2254,.T.);
#6829=EDGE_CURVE('',#3517,#3513,#2266,.T.);
#6835=ADVANCED_FACE('',(#6834),#6826,.T.);
#6842=EDGE_CURVE('',#3514,#3522,#2246,.T.);
#6844=EDGE_CURVE('',#3513,#3514,#2250,.T.);
#6848=EDGE_CURVE('',#3095,#3098,#2258,.T.);
#6852=ADVANCED_FACE('',(#6851),#6840,.T.);
#6859=EDGE_CURVE('',#3518,#3514,#2262,.T.);
#6865=ADVANCED_FACE('',(#6864),#6857,.T.);
#6877=ADVANCED_FACE('',(#6876),#6870,.T.);
#6889=ADVANCED_FACE('',(#6888),#6882,.T.);
#6897=EDGE_CURVE('',#2970,#2971,#2357,.T.);
#6899=EDGE_CURVE('',#2971,#2974,#2667,.T.);
#6901=EDGE_CURVE('',#2974,#2941,#2653,.T.);
#6903=EDGE_CURVE('',#2941,#2942,#2295,.T.);
#6908=ADVANCED_FACE('',(#6907),#6894,.F.);
#6915=EDGE_CURVE('',#2883,#2941,#2299,.T.);
#6922=ADVANCED_FACE('',(#6921),#6913,.F.);
#6928=EDGE_CURVE('',#2975,#2976,#2341,.T.);
#6930=EDGE_CURVE('',#2971,#2975,#2345,.T.);
#6935=EDGE_CURVE('',#2976,#2979,#2385,.T.);
#6939=ADVANCED_FACE('',(#6938),#6927,.F.);
#6945=EDGE_CURVE('',#2981,#2982,#2397,.T.);
#6947=EDGE_CURVE('',#2978,#2981,#2401,.T.);
#6949=EDGE_CURVE('',#2977,#2978,#2413,.T.);
#6951=EDGE_CURVE('',#2980,#2977,#2425,.T.);
#6954=EDGE_CURVE('',#2982,#2985,#2441,.T.);
#6958=ADVANCED_FACE('',(#6957),#6944,.F.);
#6964=EDGE_CURVE('',#2987,#2988,#2453,.T.);
#6966=EDGE_CURVE('',#2984,#2987,#2457,.T.);
#6968=EDGE_CURVE('',#2983,#2984,#2469,.T.);
#6970=EDGE_CURVE('',#2986,#2983,#2481,.T.);
#6973=EDGE_CURVE('',#2988,#2991,#2497,.T.);
#6977=ADVANCED_FACE('',(#6976),#6963,.F.);
#6983=EDGE_CURVE('',#2993,#2994,#2509,.T.);
#6985=EDGE_CURVE('',#2990,#2993,#2513,.T.);
#6987=EDGE_CURVE('',#2989,#2990,#2525,.T.);
#6989=EDGE_CURVE('',#2992,#2989,#2537,.T.);
#6992=EDGE_CURVE('',#2994,#2997,#2553,.T.);
#6996=ADVANCED_FACE('',(#6995),#6982,.F.);
#7002=EDGE_CURVE('',#2999,#3000,#2565,.T.);
#7004=EDGE_CURVE('',#2996,#2999,#2569,.T.);
#7006=EDGE_CURVE('',#2995,#2996,#2581,.T.);
#7008=EDGE_CURVE('',#2998,#2995,#2593,.T.);
#7011=EDGE_CURVE('',#3000,#3003,#2609,.T.);
#7015=ADVANCED_FACE('',(#7014),#7001,.F.);
#7021=EDGE_CURVE('',#3001,#3002,#2621,.T.);
#7023=EDGE_CURVE('',#3004,#3001,#2633,.T.);
#7026=EDGE_CURVE('',#2888,#2891,#2642,.T.);
#7028=EDGE_CURVE('',#3002,#2891,#2646,.T.);
#7032=ADVANCED_FACE('',(#7031),#7020,.F.);
#7044=ADVANCED_FACE('',(#7043),#7037,.F.);
#7051=EDGE_CURVE('',#3044,#2975,#2660,.T.);
#7057=ADVANCED_FACE('',(#7056),#7049,.F.);
#7064=EDGE_CURVE('',#3046,#2981,#2674,.T.);
#7067=EDGE_CURVE('',#2978,#3044,#2681,.T.);
#7071=ADVANCED_FACE('',(#7070),#7062,.F.);
#7078=EDGE_CURVE('',#3048,#2987,#2688,.T.);
#7081=EDGE_CURVE('',#2984,#3046,#2695,.T.);
#7085=ADVANCED_FACE('',(#7084),#7076,.F.);
#7092=EDGE_CURVE('',#3050,#2993,#2702,.T.);
#7095=EDGE_CURVE('',#2990,#3048,#2709,.T.);
#7099=ADVANCED_FACE('',(#7098),#7090,.F.);
#7106=EDGE_CURVE('',#3052,#2999,#2716,.T.);
#7109=EDGE_CURVE('',#2996,#3050,#2723,.T.);
#7113=ADVANCED_FACE('',(#7112),#7104,.F.);
#7120=EDGE_CURVE('',#2891,#2892,#2828,.T.);
#7123=EDGE_CURVE('',#3002,#3052,#2730,.T.);
#7127=ADVANCED_FACE('',(#7126),#7118,.F.);
#7134=EDGE_CURVE('',#2977,#3025,#2739,.T.);
#7140=EDGE_CURVE('',#2976,#3026,#2748,.T.);
#7144=ADVANCED_FACE('',(#7143),#7132,.F.);
#7159=ADVANCED_FACE('',(#7158),#7149,.F.);
#7166=EDGE_CURVE('',#2983,#3029,#2757,.T.);
#7172=EDGE_CURVE('',#2982,#3030,#2766,.T.);
#7176=ADVANCED_FACE('',(#7175),#7164,.F.);
#7191=ADVANCED_FACE('',(#7190),#7181,.F.);
#7198=EDGE_CURVE('',#2989,#3033,#2775,.T.);
#7204=EDGE_CURVE('',#2988,#3034,#2784,.T.);
#7208=ADVANCED_FACE('',(#7207),#7196,.F.);
#7223=ADVANCED_FACE('',(#7222),#7213,.F.);
#7230=EDGE_CURVE('',#2995,#3037,#2793,.T.);
#7236=EDGE_CURVE('',#2994,#3038,#2802,.T.);
#7240=ADVANCED_FACE('',(#7239),#7228,.F.);
#7255=ADVANCED_FACE('',(#7254),#7245,.F.);
#7262=EDGE_CURVE('',#3001,#3041,#2811,.T.);
#7268=EDGE_CURVE('',#3000,#3042,#2820,.T.);
#7272=ADVANCED_FACE('',(#7271),#7260,.F.);
#7287=ADVANCED_FACE('',(#7286),#7277,.F.);
#7299=ADVANCED_FACE('',(#7298),#7292,.F.);
#7300=CLOSED_SHELL('',(#3538,#3555,#3575,#3591,#3641,#3658,#3678,#3700,#3717,
#3737,#3755,#3774,#3788,#3806,#3820,#3972,#3989,#4002,#4016,#4167,#4179,#4215,
#4248,#4264,#4283,#4297,#4312,#4327,#4342,#4357,#4372,#4387,#4407,#4458,#4473,
#4546,#4561,#4582,#4596,#4610,#4623,#4635,#4647,#4662,#4676,#4690,#4703,#4715,
#4731,#4747,#4763,#4777,#4790,#4803,#4815,#4831,#4894,#4909,#4922,#4937,#4950,
#4966,#4981,#4994,#5004,#5019,#5032,#5047,#5060,#5154,#5182,#5210,#5224,#5239,
#5265,#5278,#5290,#5305,#5319,#5333,#5346,#5379,#5394,#5407,#5422,#5437,#5452,
#5466,#5484,#5522,#5536,#5551,#5572,#5586,#5601,#5614,#5629,#5643,#5658,#5671,
#5685,#5697,#5710,#5722,#5734,#5747,#5769,#5784,#5798,#5812,#5825,#5837,#5849,
#5861,#5875,#5887,#5900,#5912,#5927,#5946,#5959,#5971,#5985,#5997,#6012,#6026,
#6040,#6054,#6068,#6082,#6096,#6110,#6124,#6138,#6152,#6166,#6180,#6194,#6208,
#6222,#6236,#6250,#6263,#6334,#6366,#6380,#6393,#6406,#6419,#6432,#6445,#6458,
#6471,#6484,#6496,#6510,#6523,#6536,#6549,#6562,#6575,#6588,#6601,#6614,#6626,
#6640,#6653,#6666,#6679,#6692,#6705,#6718,#6730,#6744,#6757,#6769,#6783,#6795,
#6809,#6821,#6835,#6852,#6865,#6877,#6889,#6908,#6922,#6939,#6958,#6977,#6996,
#7015,#7032,#7044,#7057,#7071,#7085,#7099,#7113,#7127,#7144,#7159,#7176,#7191,
#7208,#7223,#7240,#7255,#7272,#7287,#7299));
#7301=MANIFOLD_SOLID_BREP('',#7300);
#7302=(LENGTH_UNIT()NAMED_UNIT(*)SI_UNIT(.MILLI.,.METRE.));
#7303=(NAMED_UNIT(*)PLANE_ANGLE_UNIT()SI_UNIT($,.RADIAN.));
#7306=(NAMED_UNIT(*)SI_UNIT($,.STERADIAN.)SOLID_ANGLE_UNIT());
#7308=(GEOMETRIC_REPRESENTATION_CONTEXT(3)GLOBAL_UNCERTAINTY_ASSIGNED_CONTEXT((
#7307))GLOBAL_UNIT_ASSIGNED_CONTEXT((#7302,#7305,#7306))REPRESENTATION_CONTEXT(
'ID1','3'));
#7309=ADVANCED_BREP_SHAPE_REPRESENTATION('',(#7301),#7308);
#7316=PRODUCT_DEFINITION('part definition','',#7315,#7312);
#7317=PRODUCT_DEFINITION_SHAPE('','SHAPE FOR GASMETER-CASE01.',#7316);
#7318=SHAPE_ASPECT('','solid data associated with GASMETER-CASE01',#7317,.F.);
#7319=PROPERTY_DEFINITION('',
'shape for solid data with which properties are associated',#7318);
#7320=SHAPE_REPRESENTATION('',(#7301),#7308);
#7321=SHAPE_DEFINITION_REPRESENTATION(#7319,#7320);
#7322=(LENGTH_UNIT()NAMED_UNIT(*)SI_UNIT(.MILLI.,.METRE.));
#7326=PROPERTY_DEFINITION('geometric validation property',
'area of GASMETER-CASE01',#7318);
#7327=REPRESENTATION('surface area',(#7325),#7308);
#7328=PROPERTY_DEFINITION_REPRESENTATION(#7326,#7327);
#7329=(LENGTH_UNIT()NAMED_UNIT(*)SI_UNIT(.MILLI.,.METRE.));
#7333=PROPERTY_DEFINITION('geometric validation property',
'volume of GASMETER-CASE01',#7318);
#7334=REPRESENTATION('volume',(#7332),#7308);
#7335=PROPERTY_DEFINITION_REPRESENTATION(#7333,#7334);
#7337=PROPERTY_DEFINITION('geometric validation property',
'centroid of GASMETER-CASE01',#7318);
#7338=REPRESENTATION('centroid',(#7336),#7308);
#7339=PROPERTY_DEFINITION_REPRESENTATION(#7337,#7338);
#7340=(LENGTH_UNIT()NAMED_UNIT(*)SI_UNIT(.MILLI.,.METRE.));
#7344=PROPERTY_DEFINITION('geometric validation property',
'area of GASMETER-CASE01',#7317);
#7345=REPRESENTATION('surface area',(#7343),#7308);
#7346=PROPERTY_DEFINITION_REPRESENTATION(#7344,#7345);
#7347=(LENGTH_UNIT()NAMED_UNIT(*)SI_UNIT(.MILLI.,.METRE.));
#7351=PROPERTY_DEFINITION('geometric validation property',
'volume of GASMETER-CASE01',#7317);
#7352=REPRESENTATION('volume',(#7350),#7308);
#7353=PROPERTY_DEFINITION_REPRESENTATION(#7351,#7352);
#7355=PROPERTY_DEFINITION('geometric validation property',
'centroid of GASMETER-CASE01',#7317);
#7356=REPRESENTATION('centroid',(#7354),#7308);
#7357=PROPERTY_DEFINITION_REPRESENTATION(#7355,#7356);
#7358=SHAPE_DEFINITION_REPRESENTATION(#7317,#7309);
ENDSEC;
END-ISO-10303-21;
